scenario,budget_level,clients_read,engine,embedding_model,run_id,timestamp_utc,repeat_idx,engine_version,dataset_bundle,dataset_hash,seed,clients_write,quality_target,search_params_json,recall_at_10,ndcg_at_10,mrr_at_10,p50_ms,p95_ms,p99_ms,qps,rhu_h,sla_threshold_ms,sla_violation_rate,errors,rtt_baseline_ms_p50,rtt_baseline_ms_p99,task_cost_est,freshness_hit_at_1s,freshness_hit_at_5s,stale_answer_rate_at_5s,p95_visibility_latency_ms,evidence_coverage_at_10,setup_elapsed_s,warmup_target_s,warmup_elapsed_s,warmup_requests,measure_target_s,measure_elapsed_s,measure_requests,export_elapsed_s,resource_cpu_vcpu,resource_gpu_count,resource_ram_gib,resource_disk_tb,rhu_rate,__run_path,__meta_run_id,__meta_config_fingerprint,__meta_ground_truth_source,__meta_ground_truth_metric,__meta_ground_truth_engine,__meta_ground_truth_k,__meta_profile,__meta_budget_level,__meta_embedding_model,__meta_embedding_dim,__meta_c_llm_in,__search_payload,profile,primary_quality_metric,primary_quality_value,observation_path,evidence_coverage_at_5,evidence_coverage_at_20,avg_retrieved_input_tokens,retrieval_cost_est,embedding_cost_est,llm_context_cost_est,event_count,overlap_skipped_event_count,budget_sort,rank_within_budget
s1_single_hop,b0,1,pgvector,BAAI/bge-small-en-v1.5,run-82c0bdab82-r0-c1-t25-portable_s1,2026-04-25T22:37:13+00:00,0,postgres16-pgvector,D4,portable-s1-unresolved,42,0,0.25,"{""avg_retrieved_input_tokens"": 1509.301652892562, ""budget_level"": ""b0"", ""c_llm_in"": 0.15, ""embedding_cost_est"": 0.0, ""embedding_dim"": 384, ""embedding_model"": ""BAAI/bge-small-en-v1.5"", ""evidence_coverage_at_10"": 0.46843024399842575, ""evidence_coverage_at_20"": 0.5506116358389086, ""evidence_coverage_at_5"": 0.3813254296208841, ""llm_context_cost_est"": 226.3952479338843, ""primary_quality_metric"": ""ndcg_at_10"", ""primary_quality_value"": 0.38811298216142825, ""profile"": ""portable-agentic"", ""retrieval_cost_est"": 1.4996327836602818e-08, ""search_params"": {""ivfflat_probes"": 32}, ""task_cost_est"": 226.3952479488806}",0.46843024399842575,0.38811298216142825,0.4441943788534697,20.515624957624823,21.14285792922601,24.104554218938578,48.35335029807784,7.258222672915764e-06,50.0,0.0,0,0.3438119892962277,0.49419768503867056,226.3952479488806,,,,,0.46843024399842575,30.948224666994065,10,10.014988500042818,330,10,10.009647666942328,484,0.6106127920793369,1.0,0.0,0.0,0.0001927688717842102,0.0026104416950450586,/Volumes/Max/AI/Project/MaxionBench/artifacts/runs/portable/b0/s1_single_hop__bge-small-en-v1-5/pgvector,run-82c0bdab82-r0-c1-t25-portable_s1,82c0bdab82f62843d3427ac1465cef578e9b07b9634c490430c4d44fb62e6c1f,portable_text_qrels,ndcg_at_10,processed_text_qrels,10.0,portable-agentic,b0,BAAI/bge-small-en-v1.5,384.0,0.15,"{'avg_retrieved_input_tokens': 1509.301652892562, 'budget_level': 'b0', 'c_llm_in': 0.15, 'embedding_cost_est': 0.0, 'embedding_dim': 384, 'embedding_model': 'BAAI/bge-small-en-v1.5', 'evidence_coverage_at_10': 0.46843024399842575, 'evidence_coverage_at_20': 0.5506116358389086, 'evidence_coverage_at_5': 0.3813254296208841, 'llm_context_cost_est': 226.3952479338843, 'primary_quality_metric': 'ndcg_at_10', 'primary_quality_value': 0.38811298216142825, 'profile': 'portable-agentic', 'retrieval_cost_est': 1.4996327836602818e-08, 'search_params': {'ivfflat_probes': 32}, 'task_cost_est': 226.3952479488806}",portable-agentic,ndcg_at_10,0.38811298216142825,,,,,,,,,,0,1.0
s1_single_hop,b0,1,faiss-cpu,BAAI/bge-small-en-v1.5,run-79eb239621-r0-c1-t25-portable_s1,2026-04-25T22:33:42+00:00,0,cpu,D4,portable-s1-unresolved,42,0,0.25,"{""avg_retrieved_input_tokens"": 1751.7281879194632, ""budget_level"": ""b0"", ""c_llm_in"": 0.15, ""embedding_cost_est"": 0.0, ""embedding_dim"": 384, ""embedding_model"": ""BAAI/bge-small-en-v1.5"", ""evidence_coverage_at_10"": 0.6007523702993501, ""evidence_coverage_at_20"": 0.6635795071197755, ""evidence_coverage_at_5"": 0.5169432015908526, ""llm_context_cost_est"": 262.75922818791946, ""primary_quality_metric"": ""ndcg_at_10"", ""primary_quality_value"": 0.5055062099023669, ""profile"": ""portable-agentic"", ""retrieval_cost_est"": 9.60830160214631e-10, ""search_params"": {""hnsw_ef"": 32}, ""task_cost_est"": 262.7592281888803}",0.6007523702993501,0.5055062099023669,0.5295093391569902,1.304562552832067,1.3351953472010791,1.3750116131268442,764.0715983483703,8.589821632318802e-07,50.0,0.0,0,0.009040930308401585,0.009125098586082458,262.7592281888803,,,,,0.6007523702993501,4.106392042012885,10,1.1674875000026077,894,10,1.1700474169338122,894,0.3723315829411149,1.0,0.0,0.07450580596923828,7.275957614183426e-05,0.0026429149305234505,/Volumes/Max/AI/Project/MaxionBench/artifacts/runs/portable/b0/s1_single_hop__bge-small-en-v1-5/faiss_cpu,run-79eb239621-r0-c1-t25-portable_s1,79eb239621a0706041ab4e78eebe63194545a6cfbb7fd780c662120593df2342,portable_text_qrels,ndcg_at_10,processed_text_qrels,10.0,portable-agentic,b0,BAAI/bge-small-en-v1.5,384.0,0.15,"{'avg_retrieved_input_tokens': 1751.7281879194632, 'budget_level': 'b0', 'c_llm_in': 0.15, 'embedding_cost_est': 0.0, 'embedding_dim': 384, 'embedding_model': 'BAAI/bge-small-en-v1.5', 'evidence_coverage_at_10': 0.6007523702993501, 'evidence_coverage_at_20': 0.6635795071197755, 'evidence_coverage_at_5': 0.5169432015908526, 'llm_context_cost_est': 262.75922818791946, 'primary_quality_metric': 'ndcg_at_10', 'primary_quality_value': 0.5055062099023669, 'profile': 'portable-agentic', 'retrieval_cost_est': 9.60830160214631e-10, 'search_params': {'hnsw_ef': 32}, 'task_cost_est': 262.7592281888803}",portable-agentic,ndcg_at_10,0.5055062099023669,,,,,,,,,,0,2.0
s1_single_hop,b0,1,lancedb-inproc,BAAI/bge-small-en-v1.5,run-84c9618a86-r0-c1-t25-portable_s1,2026-04-25T22:34:44+00:00,0,local,D4,portable-s1-unresolved,42,0,0.25,"{""avg_retrieved_input_tokens"": 1751.7281879194632, ""budget_level"": ""b0"", ""c_llm_in"": 0.15, ""embedding_cost_est"": 0.0, ""embedding_dim"": 384, ""embedding_model"": ""BAAI/bge-small-en-v1.5"", ""evidence_coverage_at_10"": 0.6007523702993501, ""evidence_coverage_at_20"": 0.6635795071197755, ""evidence_coverage_at_5"": 0.5169432015908526, ""llm_context_cost_est"": 262.75922818791946, ""primary_quality_metric"": ""ndcg_at_10"", ""primary_quality_value"": 0.5055062099023669, ""profile"": ""portable-agentic"", ""retrieval_cost_est"": 7.264899763527018e-09, ""search_params"": {""hnsw_ef"": 64}, ""task_cost_est"": 262.75922819518433}",0.6007523702993501,0.5055062099023669,0.5295093391569902,9.906229563057423,10.240589833119884,10.550027329009021,101.04443143374893,6.494820388593154e-06,50.0,0.0,0,0.000125030055642128,0.00016705598682165146,262.75922819518433,,,,,0.6007523702993501,20.739777833106928,10,8.995464458013885,894,10,8.847592958016321,894,0.4273931250208989,1.0,0.0,0.07152557373046875,0.00011023363549611531,0.0026426795977035527,/Volumes/Max/AI/Project/MaxionBench/artifacts/runs/portable/b0/s1_single_hop__bge-small-en-v1-5/lancedb_inproc,run-84c9618a86-r0-c1-t25-portable_s1,84c9618a8652c1f486277f2a50d5bdca45ba1d01bf96da0903107fc21e7fe5fc,portable_text_qrels,ndcg_at_10,processed_text_qrels,10.0,portable-agentic,b0,BAAI/bge-small-en-v1.5,384.0,0.15,"{'avg_retrieved_input_tokens': 1751.7281879194632, 'budget_level': 'b0', 'c_llm_in': 0.15, 'embedding_cost_est': 0.0, 'embedding_dim': 384, 'embedding_model': 'BAAI/bge-small-en-v1.5', 'evidence_coverage_at_10': 0.6007523702993501, 'evidence_coverage_at_20': 0.6635795071197755, 'evidence_coverage_at_5': 0.5169432015908526, 'llm_context_cost_est': 262.75922818791946, 'primary_quality_metric': 'ndcg_at_10', 'primary_quality_value': 0.5055062099023669, 'profile': 'portable-agentic', 'retrieval_cost_est': 7.264899763527018e-09, 'search_params': {'hnsw_ef': 64}, 'task_cost_est': 262.75922819518433}",portable-agentic,ndcg_at_10,0.5055062099023669,,,,,,,,,,0,3.0
s1_single_hop,b0,1,qdrant,BAAI/bge-small-en-v1.5,run-3291dfdc39-r0-c1-t25-portable_s1,2026-04-25T22:40:20+00:00,0,server,D4,portable-s1-unresolved,42,0,0.25,"{""avg_retrieved_input_tokens"": 1760.182326621924, ""budget_level"": ""b0"", ""c_llm_in"": 0.15, ""embedding_cost_est"": 0.0, ""embedding_dim"": 384, ""embedding_model"": ""BAAI/bge-small-en-v1.5"", ""evidence_coverage_at_10"": 0.5916360392031533, ""evidence_coverage_at_20"": 0.6498770462696638, ""evidence_coverage_at_5"": 0.50982165050957, ""llm_context_cost_est"": 264.02734899328857, ""primary_quality_metric"": ""ndcg_at_10"", ""primary_quality_value"": 0.49779975101480195, ""profile"": ""portable-agentic"", ""retrieval_cost_est"": 3.039860887754411e-09, ""search_params"": {""hnsw_ef"": 32}, ""task_cost_est"": 264.02734899632844}",0.5916360392031533,0.49779975101480195,0.5227868328539469,4.111875023227185,5.378220824059099,6.04171122307889,237.96471494588707,2.7176356336524432e-06,50.0,0.0,0,4.703374928794801,7.62060853652656,264.02734899632844,,,,,0.5916360392031533,30.224633499979973,10,3.448813874972984,894,10,3.7568594999611378,894,0.4492477079620585,1.0,0.0,0.0,0.0,0.0026041666666666665,/Volumes/Max/AI/Project/MaxionBench/artifacts/runs/portable/b0/s1_single_hop__bge-small-en-v1-5/qdrant,run-3291dfdc39-r0-c1-t25-portable_s1,3291dfdc394124244e9f5014bc102ccd6d77bb72491dda3aa295acfe091c01e7,portable_text_qrels,ndcg_at_10,processed_text_qrels,10.0,portable-agentic,b0,BAAI/bge-small-en-v1.5,384.0,0.15,"{'avg_retrieved_input_tokens': 1760.182326621924, 'budget_level': 'b0', 'c_llm_in': 0.15, 'embedding_cost_est': 0.0, 'embedding_dim': 384, 'embedding_model': 'BAAI/bge-small-en-v1.5', 'evidence_coverage_at_10': 0.5916360392031533, 'evidence_coverage_at_20': 0.6498770462696638, 'evidence_coverage_at_5': 0.50982165050957, 'llm_context_cost_est': 264.02734899328857, 'primary_quality_metric': 'ndcg_at_10', 'primary_quality_value': 0.49779975101480195, 'profile': 'portable-agentic', 'retrieval_cost_est': 3.039860887754411e-09, 'search_params': {'hnsw_ef': 32}, 'task_cost_est': 264.02734899632844}",portable-agentic,ndcg_at_10,0.49779975101480195,,,,,,,,,,0,4.0
s1_single_hop,b0,1,faiss-cpu,BAAI/bge-base-en-v1.5,run-4d60b430e0-r0-c1-t25-portable_s1,2026-04-25T22:22:12+00:00,0,cpu,D4,portable-s1-unresolved,42,0,0.25,"{""avg_retrieved_input_tokens"": 1883.7371364653243, ""budget_level"": ""b0"", ""c_llm_in"": 0.15, ""embedding_cost_est"": 0.0, ""embedding_dim"": 768, ""embedding_model"": ""BAAI/bge-base-en-v1.5"", ""evidence_coverage_at_10"": 0.6235764887610525, ""evidence_coverage_at_20"": 0.6932584070167963, ""evidence_coverage_at_5"": 0.5599845531053584, ""llm_context_cost_est"": 282.5605704697986, ""primary_quality_metric"": ""ndcg_at_10"", ""primary_quality_value"": 0.5268284656504536, ""profile"": ""portable-agentic"", ""retrieval_cost_est"": 2.003001288734621e-09, ""search_params"": {""hnsw_ef"": 32}, ""task_cost_est"": 282.5605704718016}",0.6235764887610525,0.5268284656504536,0.5555546678029899,2.687041473109275,2.732014749199152,2.78756933985278,371.6801935203145,1.7906831521287509e-06,50.0,0.0,0,0.017062469851225615,0.01750001683831215,282.5605704718016,,,,,0.6235764887610525,7.54601524991449,10,2.4078372499207035,894,10,2.4052936249645427,894,0.4043045421130955,1.0,0.0,0.14603137969970703,0.00014260876923799515,0.0026801132638259633,/Volumes/Max/AI/Project/MaxionBench/artifacts/runs/portable/b0/s1_single_hop__bge-base-en-v1-5/faiss_cpu,run-4d60b430e0-r0-c1-t25-portable_s1,4d60b430e04a8a834a660210ed44050a23c008722b50ca5a1d994d604b1cd7ea,portable_text_qrels,ndcg_at_10,processed_text_qrels,10.0,portable-agentic,b0,BAAI/bge-base-en-v1.5,768.0,0.15,"{'avg_retrieved_input_tokens': 1883.7371364653243, 'budget_level': 'b0', 'c_llm_in': 0.15, 'embedding_cost_est': 0.0, 'embedding_dim': 768, 'embedding_model': 'BAAI/bge-base-en-v1.5', 'evidence_coverage_at_10': 0.6235764887610525, 'evidence_coverage_at_20': 0.6932584070167963, 'evidence_coverage_at_5': 0.5599845531053584, 'llm_context_cost_est': 282.5605704697986, 'primary_quality_metric': 'ndcg_at_10', 'primary_quality_value': 0.5268284656504536, 'profile': 'portable-agentic', 'retrieval_cost_est': 2.003001288734621e-09, 'search_params': {'hnsw_ef': 32}, 'task_cost_est': 282.5605704718016}",portable-agentic,ndcg_at_10,0.5268284656504536,,,,,,,,,,0,5.0
s1_single_hop,b0,1,qdrant,BAAI/bge-base-en-v1.5,run-3b167d4e2c-r0-c1-t25-portable_s1,2026-04-25T22:30:44+00:00,0,server,D4,portable-s1-unresolved,42,0,0.25,"{""avg_retrieved_input_tokens"": 1886.3948545861297, ""budget_level"": ""b0"", ""c_llm_in"": 0.15, ""embedding_cost_est"": 0.0, ""embedding_dim"": 768, ""embedding_model"": ""BAAI/bge-base-en-v1.5"", ""evidence_coverage_at_10"": 0.6202673910727602, ""evidence_coverage_at_20"": 0.6910678775611662, ""evidence_coverage_at_5"": 0.5568152764461489, ""llm_context_cost_est"": 282.95922818791945, ""primary_quality_metric"": ""ndcg_at_10"", ""primary_quality_value"": 0.5251461130666253, ""profile"": ""portable-agentic"", ""retrieval_cost_est"": 2.781486481219148e-09, ""search_params"": {""hnsw_ef"": 64}, ""task_cost_est"": 282.9592281907009}",0.6202673910727602,0.5251461130666253,0.5551818117254358,3.757958475034684,5.002787068951875,5.921117909019812,260.06943931381846,2.4866489142099183e-06,50.0,0.0,0,4.55906247952953,6.722647403366863,282.9592281907009,,,,,0.6202673910727602,45.63151062501129,10,3.314211874967441,894,10,3.437543459003791,894,0.6188310419674963,1.0,0.0,0.0,0.0,0.0026041666666666665,/Volumes/Max/AI/Project/MaxionBench/artifacts/runs/portable/b0/s1_single_hop__bge-base-en-v1-5/qdrant,run-3b167d4e2c-r0-c1-t25-portable_s1,3b167d4e2ca77c9b94b9f36d8b3920387e82abd567ceb248e9b20f33d918c8ec,portable_text_qrels,ndcg_at_10,processed_text_qrels,10.0,portable-agentic,b0,BAAI/bge-base-en-v1.5,768.0,0.15,"{'avg_retrieved_input_tokens': 1886.3948545861297, 'budget_level': 'b0', 'c_llm_in': 0.15, 'embedding_cost_est': 0.0, 'embedding_dim': 768, 'embedding_model': 'BAAI/bge-base-en-v1.5', 'evidence_coverage_at_10': 0.6202673910727602, 'evidence_coverage_at_20': 0.6910678775611662, 'evidence_coverage_at_5': 0.5568152764461489, 'llm_context_cost_est': 282.95922818791945, 'primary_quality_metric': 'ndcg_at_10', 'primary_quality_value': 0.5251461130666253, 'profile': 'portable-agentic', 'retrieval_cost_est': 2.781486481219148e-09, 'search_params': {'hnsw_ef': 64}, 'task_cost_est': 282.9592281907009}",portable-agentic,ndcg_at_10,0.5251461130666253,,,,,,,,,,0,6.0
s1_single_hop,b0,1,lancedb-inproc,BAAI/bge-base-en-v1.5,run-d9e9c72fcd-r0-c1-t25-portable_s1,2026-04-25T22:23:35+00:00,0,local,D4,portable-s1-unresolved,42,0,0.25,"{""avg_retrieved_input_tokens"": 1936.5314465408806, ""budget_level"": ""b0"", ""c_llm_in"": 0.15, ""embedding_cost_est"": 0.0, ""embedding_dim"": 768, ""embedding_model"": ""BAAI/bge-base-en-v1.5"", ""evidence_coverage_at_10"": 0.6697520465209145, ""evidence_coverage_at_20"": 0.7352525706299291, ""evidence_coverage_at_5"": 0.6126135569531795, ""llm_context_cost_est"": 290.47971698113207, ""primary_quality_metric"": ""ndcg_at_10"", ""primary_quality_value"": 0.5670059247773119, ""profile"": ""portable-agentic"", ""retrieval_cost_est"": 1.170720148743358e-08, ""search_params"": {""hnsw_ef"": 32}, ""task_cost_est"": 290.47971699283926}",0.6697520465209145,0.5670059247773119,0.5819949835280024,15.697291470132768,16.18134370073676,16.835256415652108,63.585694541403605,7.445780146007757e-06,50.0,0.0,0,0.00016600824892520905,0.00029092305339872837,290.47971699283926,,,,,0.6697520465209145,25.622342583024874,10,10.006856625084765,628,10,10.002249791985378,636,0.5567269589519128,1.0,0.0,0.1430511474609375,0.00018008297502092319,0.0026798779357726232,/Volumes/Max/AI/Project/MaxionBench/artifacts/runs/portable/b0/s1_single_hop__bge-base-en-v1-5/lancedb_inproc,run-d9e9c72fcd-r0-c1-t25-portable_s1,d9e9c72fcdda4c1b51ad4f64714b25e44aa233dd6d519b0d212897605716d127,portable_text_qrels,ndcg_at_10,processed_text_qrels,10.0,portable-agentic,b0,BAAI/bge-base-en-v1.5,768.0,0.15,"{'avg_retrieved_input_tokens': 1936.5314465408806, 'budget_level': 'b0', 'c_llm_in': 0.15, 'embedding_cost_est': 0.0, 'embedding_dim': 768, 'embedding_model': 'BAAI/bge-base-en-v1.5', 'evidence_coverage_at_10': 0.6697520465209145, 'evidence_coverage_at_20': 0.7352525706299291, 'evidence_coverage_at_5': 0.6126135569531795, 'llm_context_cost_est': 290.47971698113207, 'primary_quality_metric': 'ndcg_at_10', 'primary_quality_value': 0.5670059247773119, 'profile': 'portable-agentic', 'retrieval_cost_est': 1.170720148743358e-08, 'search_params': {'hnsw_ef': 32}, 'task_cost_est': 290.47971699283926}",portable-agentic,ndcg_at_10,0.5670059247773119,,,,,,,,,,0,7.0
s1_single_hop,b0,1,pgvector,BAAI/bge-base-en-v1.5,run-596a084bc3-r0-c1-t25-portable_s1,2026-04-25T22:26:35+00:00,0,postgres16-pgvector,D4,portable-s1-unresolved,42,0,0.25,"{""avg_retrieved_input_tokens"": 2244.7264150943397, ""budget_level"": ""b0"", ""c_llm_in"": 0.15, ""embedding_cost_est"": 0.0, ""embedding_dim"": 768, ""embedding_model"": ""BAAI/bge-base-en-v1.5"", ""evidence_coverage_at_10"": 0.8877358490566037, ""evidence_coverage_at_20"": 0.9226415094339623, ""evidence_coverage_at_5"": 0.8382075471698113, ""llm_context_cost_est"": 336.70896226415095, ""primary_quality_metric"": ""ndcg_at_10"", ""primary_quality_value"": 0.7467713828726917, ""profile"": ""portable-agentic"", ""retrieval_cost_est"": 6.872236499229717e-08, ""search_params"": {""ivfflat_probes"": 32}, ""task_cost_est"": 336.70896233287334}",0.8877358490566037,0.7467713828726917,0.7052785265049415,94.24506244249642,96.50976050761528,98.52455444633961,10.581132253981556,7.284570689183501e-06,50.0,1.0,0,0.4015840240754187,0.50300566945225,336.70896233287334,,,,,0.8877358490566037,37.71517704206053,10,10.00449766695965,104,10,10.017831500037573,106,0.683515791897662,1.0,0.0,0.0,0.00041812658309936523,0.002617777558043599,/Volumes/Max/AI/Project/MaxionBench/artifacts/runs/portable/b0/s1_single_hop__bge-base-en-v1-5/pgvector,run-596a084bc3-r0-c1-t25-portable_s1,596a084bc331bb546a945debe268bc25986a0af764613847fd516d2a9bf03a09,portable_text_qrels,ndcg_at_10,processed_text_qrels,10.0,portable-agentic,b0,BAAI/bge-base-en-v1.5,768.0,0.15,"{'avg_retrieved_input_tokens': 2244.7264150943397, 'budget_level': 'b0', 'c_llm_in': 0.15, 'embedding_cost_est': 0.0, 'embedding_dim': 768, 'embedding_model': 'BAAI/bge-base-en-v1.5', 'evidence_coverage_at_10': 0.8877358490566037, 'evidence_coverage_at_20': 0.9226415094339623, 'evidence_coverage_at_5': 0.8382075471698113, 'llm_context_cost_est': 336.70896226415095, 'primary_quality_metric': 'ndcg_at_10', 'primary_quality_value': 0.7467713828726917, 'profile': 'portable-agentic', 'retrieval_cost_est': 6.872236499229717e-08, 'search_params': {'ivfflat_probes': 32}, 'task_cost_est': 336.70896233287334}",portable-agentic,ndcg_at_10,0.7467713828726917,,,,,,,,,,0,8.0
s1_single_hop,b0,4,pgvector,BAAI/bge-small-en-v1.5,run-82c0bdab82-r0-c4-t25-portable_s1,2026-04-25T22:38:14+00:00,0,postgres16-pgvector,D4,portable-s1-unresolved,42,0,0.25,"{""avg_retrieved_input_tokens"": 1521.34631147541, ""budget_level"": ""b0"", ""c_llm_in"": 0.15, ""embedding_cost_est"": 0.0, ""embedding_dim"": 384, ""embedding_model"": ""BAAI/bge-small-en-v1.5"", ""evidence_coverage_at_10"": 0.4711480288836846, ""evidence_coverage_at_20"": 0.5515458300806662, ""evidence_coverage_at_5"": 0.3870698347645069, ""llm_context_cost_est"": 228.2019467213115, ""primary_quality_metric"": ""ndcg_at_10"", ""primary_quality_value"": 0.3946689005868845, ""profile"": ""portable-agentic"", ""retrieval_cost_est"": 5.93421523127736e-08, ""search_params"": {""ivfflat_probes"": 32}, ""task_cost_est"": 228.20194678065363}",0.4711480288836846,0.3946689005868845,0.45306157298985167,51.16866697790101,80.349966569338,81.64248136454262,48.789299691841336,2.8958970328633516e-05,50.0,0.5,0,0.32929203007370234,0.43584316037595267,228.20194678065363,,,,,0.4711480288836846,30.624000708921812,10,10.019901374937035,368,10,10.002193166990764,488,0.6106127920793369,4.0,0.0,0.0,0.00019282102584838867,0.010422943392768502,/Volumes/Max/AI/Project/MaxionBench/artifacts/runs/portable/b0/s1_single_hop__bge-small-en-v1-5/pgvector,run-82c0bdab82-r0-c1-t25-portable_s1,82c0bdab82f62843d3427ac1465cef578e9b07b9634c490430c4d44fb62e6c1f,portable_text_qrels,ndcg_at_10,processed_text_qrels,10.0,portable-agentic,b0,BAAI/bge-small-en-v1.5,384.0,0.15,"{'avg_retrieved_input_tokens': 1521.34631147541, 'budget_level': 'b0', 'c_llm_in': 0.15, 'embedding_cost_est': 0.0, 'embedding_dim': 384, 'embedding_model': 'BAAI/bge-small-en-v1.5', 'evidence_coverage_at_10': 0.4711480288836846, 'evidence_coverage_at_20': 0.5515458300806662, 'evidence_coverage_at_5': 0.3870698347645069, 'llm_context_cost_est': 228.2019467213115, 'primary_quality_metric': 'ndcg_at_10', 'primary_quality_value': 0.3946689005868845, 'profile': 'portable-agentic', 'retrieval_cost_est': 5.93421523127736e-08, 'search_params': {'ivfflat_probes': 32}, 'task_cost_est': 228.20194678065363}",portable-agentic,ndcg_at_10,0.3946689005868845,,,,,,,,,,0,1.0
s1_single_hop,b0,4,faiss-cpu,BAAI/bge-small-en-v1.5,run-79eb239621-r0-c4-t25-portable_s1,2026-04-25T22:33:50+00:00,0,cpu,D4,portable-s1-unresolved,42,0,0.25,"{""avg_retrieved_input_tokens"": 1751.7281879194632, ""budget_level"": ""b0"", ""c_llm_in"": 0.15, ""embedding_cost_est"": 0.0, ""embedding_dim"": 384, ""embedding_model"": ""BAAI/bge-small-en-v1.5"", ""evidence_coverage_at_10"": 0.6007523702993501, ""evidence_coverage_at_20"": 0.6635795071197755, ""evidence_coverage_at_5"": 0.5169432015908526, ""llm_context_cost_est"": 262.75922818791946, ""primary_quality_metric"": ""ndcg_at_10"", ""primary_quality_value"": 0.5055062099023669, ""profile"": ""portable-agentic"", ""retrieval_cost_est"": 3.859542157727428e-09, ""search_params"": {""hnsw_ef"": 64}, ""task_cost_est"": 262.759228191779}",0.6007523702993501,0.5055062099023669,0.5295093391569902,3.401708498131484,5.265441531082615,5.357700565364212,752.4938986171094,3.4504306890083203e-06,50.0,0.0,0,0.00900006853044033,0.009209034033119678,262.759228191779,,,,,0.6007523702993501,4.0280224999878556,10,1.1847539589507505,894,10,1.1880494999932125,894,0.3723315829411149,4.0,0.0,0.07450580596923828,7.275957614183426e-05,0.01045541493052345,/Volumes/Max/AI/Project/MaxionBench/artifacts/runs/portable/b0/s1_single_hop__bge-small-en-v1-5/faiss_cpu,run-79eb239621-r0-c1-t25-portable_s1,79eb239621a0706041ab4e78eebe63194545a6cfbb7fd780c662120593df2342,portable_text_qrels,ndcg_at_10,processed_text_qrels,10.0,portable-agentic,b0,BAAI/bge-small-en-v1.5,384.0,0.15,"{'avg_retrieved_input_tokens': 1751.7281879194632, 'budget_level': 'b0', 'c_llm_in': 0.15, 'embedding_cost_est': 0.0, 'embedding_dim': 384, 'embedding_model': 'BAAI/bge-small-en-v1.5', 'evidence_coverage_at_10': 0.6007523702993501, 'evidence_coverage_at_20': 0.6635795071197755, 'evidence_coverage_at_5': 0.5169432015908526, 'llm_context_cost_est': 262.75922818791946, 'primary_quality_metric': 'ndcg_at_10', 'primary_quality_value': 0.5055062099023669, 'profile': 'portable-agentic', 'retrieval_cost_est': 3.859542157727428e-09, 'search_params': {'hnsw_ef': 64}, 'task_cost_est': 262.759228191779}",portable-agentic,ndcg_at_10,0.5055062099023669,,,,,,,,,,0,2.0
s1_single_hop,b0,4,lancedb-inproc,BAAI/bge-small-en-v1.5,run-84c9618a86-r0-c4-t25-portable_s1,2026-04-25T22:35:24+00:00,0,local,D4,portable-s1-unresolved,42,0,0.25,"{""avg_retrieved_input_tokens"": 1751.7281879194632, ""budget_level"": ""b0"", ""c_llm_in"": 0.15, ""embedding_cost_est"": 0.0, ""embedding_dim"": 384, ""embedding_model"": ""BAAI/bge-small-en-v1.5"", ""evidence_coverage_at_10"": 0.6007523702993501, ""evidence_coverage_at_20"": 0.6635795071197755, ""evidence_coverage_at_5"": 0.5169432015908526, ""llm_context_cost_est"": 262.75922818791946, ""primary_quality_metric"": ""ndcg_at_10"", ""primary_quality_value"": 0.5055062099023669, ""profile"": ""portable-agentic"", ""retrieval_cost_est"": 2.8022918460108948e-08, ""search_params"": {""hnsw_ef"": 32}, ""task_cost_est"": 262.75922821594236}",0.6007523702993501,0.5055062099023669,0.5295093391569902,35.34643742023036,41.77000003401189,46.21246333466842,103.63719107457882,2.50524891033374e-05,50.0,0.003355704697986577,0,0.000125030055642128,0.00016705598682165146,262.75922821594236,,,,,0.6007523702993501,19.45889737503603,10,8.191160541027784,894,10,8.626246917061508,894,0.4273931250208989,4.0,0.0,0.07152557373046875,0.00011023363549611531,0.010455179597703552,/Volumes/Max/AI/Project/MaxionBench/artifacts/runs/portable/b0/s1_single_hop__bge-small-en-v1-5/lancedb_inproc,run-84c9618a86-r0-c1-t25-portable_s1,84c9618a8652c1f486277f2a50d5bdca45ba1d01bf96da0903107fc21e7fe5fc,portable_text_qrels,ndcg_at_10,processed_text_qrels,10.0,portable-agentic,b0,BAAI/bge-small-en-v1.5,384.0,0.15,"{'avg_retrieved_input_tokens': 1751.7281879194632, 'budget_level': 'b0', 'c_llm_in': 0.15, 'embedding_cost_est': 0.0, 'embedding_dim': 384, 'embedding_model': 'BAAI/bge-small-en-v1.5', 'evidence_coverage_at_10': 0.6007523702993501, 'evidence_coverage_at_20': 0.6635795071197755, 'evidence_coverage_at_5': 0.5169432015908526, 'llm_context_cost_est': 262.75922818791946, 'primary_quality_metric': 'ndcg_at_10', 'primary_quality_value': 0.5055062099023669, 'profile': 'portable-agentic', 'retrieval_cost_est': 2.8022918460108948e-08, 'search_params': {'hnsw_ef': 32}, 'task_cost_est': 262.75922821594236}",portable-agentic,ndcg_at_10,0.5055062099023669,,,,,,,,,,0,3.0
s1_single_hop,b0,4,qdrant,BAAI/bge-small-en-v1.5,run-3291dfdc39-r0-c4-t25-portable_s1,2026-04-25T22:41:09+00:00,0,server,D4,portable-s1-unresolved,42,0,0.25,"{""avg_retrieved_input_tokens"": 1757.6375838926174, ""budget_level"": ""b0"", ""c_llm_in"": 0.15, ""embedding_cost_est"": 0.0, ""embedding_dim"": 384, ""embedding_model"": ""BAAI/bge-small-en-v1.5"", ""evidence_coverage_at_10"": 0.5927732502396932, ""evidence_coverage_at_20"": 0.6517723979972303, ""evidence_coverage_at_5"": 0.5101385781754909, ""llm_context_cost_est"": 263.6456375838926, ""primary_quality_metric"": ""ndcg_at_10"", ""primary_quality_value"": 0.498722372070787, ""profile"": ""portable-agentic"", ""retrieval_cost_est"": 3.0678756655627128e-09, ""search_params"": {""hnsw_ef"": 32}, ""task_cost_est"": 263.6456375869605}",0.5927732502396932,0.498722372070787,0.5223966656013636,3.5714369732886553,4.205247876234353,4.370937066851184,943.1668144177501,2.7426808450130654e-06,50.0,0.0,0,4.808437544852495,7.495705594774335,263.6456375869605,,,,,0.5927732502396932,25.189684707904235,10,1.1718889999901876,894,10,0.9478705000365153,894,0.4492477079620585,4.0,0.0,0.0,0.0,0.010416666666666666,/Volumes/Max/AI/Project/MaxionBench/artifacts/runs/portable/b0/s1_single_hop__bge-small-en-v1-5/qdrant,run-3291dfdc39-r0-c1-t25-portable_s1,3291dfdc394124244e9f5014bc102ccd6d77bb72491dda3aa295acfe091c01e7,portable_text_qrels,ndcg_at_10,processed_text_qrels,10.0,portable-agentic,b0,BAAI/bge-small-en-v1.5,384.0,0.15,"{'avg_retrieved_input_tokens': 1757.6375838926174, 'budget_level': 'b0', 'c_llm_in': 0.15, 'embedding_cost_est': 0.0, 'embedding_dim': 384, 'embedding_model': 'BAAI/bge-small-en-v1.5', 'evidence_coverage_at_10': 0.5927732502396932, 'evidence_coverage_at_20': 0.6517723979972303, 'evidence_coverage_at_5': 0.5101385781754909, 'llm_context_cost_est': 263.6456375838926, 'primary_quality_metric': 'ndcg_at_10', 'primary_quality_value': 0.498722372070787, 'profile': 'portable-agentic', 'retrieval_cost_est': 3.0678756655627128e-09, 'search_params': {'hnsw_ef': 32}, 'task_cost_est': 263.6456375869605}",portable-agentic,ndcg_at_10,0.498722372070787,,,,,,,,,,0,4.0
s1_single_hop,b0,4,lancedb-inproc,BAAI/bge-base-en-v1.5,run-d9e9c72fcd-r0-c4-t25-portable_s1,2026-04-25T22:24:24+00:00,0,local,D4,portable-s1-unresolved,42,0,0.25,"{""avg_retrieved_input_tokens"": 1868.4503816793892, ""budget_level"": ""b0"", ""c_llm_in"": 0.15, ""embedding_cost_est"": 0.0, ""embedding_dim"": 768, ""embedding_model"": ""BAAI/bge-base-en-v1.5"", ""evidence_coverage_at_10"": 0.6109331455228402, ""evidence_coverage_at_20"": 0.6864579546831455, ""evidence_coverage_at_5"": 0.5478659275415002, ""llm_context_cost_est"": 280.2675572519084, ""primary_quality_metric"": ""ndcg_at_10"", ""primary_quality_value"": 0.5130091526295979, ""profile"": ""portable-agentic"", ""retrieval_cost_est"": 5.590315885798548e-08, ""search_params"": {""hnsw_ef"": 32}, ""task_cost_est"": 280.26755730781156}",0.6109331455228402,0.5130091526295979,0.5484073973100692,70.68806246388704,80.26565624168143,83.54149457532912,52.13568403187252,2.929325524158439e-05,50.0,0.9923664122137404,0,0.000125030055642128,0.00016705598682165146,280.26755730781156,,,,,0.6109331455228402,24.32006870897021,10,10.043634249945171,520,10,10.050697707920335,524,0.5567269589519128,4.0,0.0,0.1430511474609375,0.00018008297502092319,0.010492377935772623,/Volumes/Max/AI/Project/MaxionBench/artifacts/runs/portable/b0/s1_single_hop__bge-base-en-v1-5/lancedb_inproc,run-d9e9c72fcd-r0-c1-t25-portable_s1,d9e9c72fcdda4c1b51ad4f64714b25e44aa233dd6d519b0d212897605716d127,portable_text_qrels,ndcg_at_10,processed_text_qrels,10.0,portable-agentic,b0,BAAI/bge-base-en-v1.5,768.0,0.15,"{'avg_retrieved_input_tokens': 1868.4503816793892, 'budget_level': 'b0', 'c_llm_in': 0.15, 'embedding_cost_est': 0.0, 'embedding_dim': 768, 'embedding_model': 'BAAI/bge-base-en-v1.5', 'evidence_coverage_at_10': 0.6109331455228402, 'evidence_coverage_at_20': 0.6864579546831455, 'evidence_coverage_at_5': 0.5478659275415002, 'llm_context_cost_est': 280.2675572519084, 'primary_quality_metric': 'ndcg_at_10', 'primary_quality_value': 0.5130091526295979, 'profile': 'portable-agentic', 'retrieval_cost_est': 5.590315885798548e-08, 'search_params': {'hnsw_ef': 32}, 'task_cost_est': 280.26755730781156}",portable-agentic,ndcg_at_10,0.5130091526295979,,,,,,,,,,0,5.0
s1_single_hop,b0,4,faiss-cpu,BAAI/bge-base-en-v1.5,run-4d60b430e0-r0-c4-t25-portable_s1,2026-04-25T22:22:27+00:00,0,cpu,D4,portable-s1-unresolved,42,0,0.25,"{""avg_retrieved_input_tokens"": 1883.7371364653243, ""budget_level"": ""b0"", ""c_llm_in"": 0.15, ""embedding_cost_est"": 0.0, ""embedding_dim"": 768, ""embedding_model"": ""BAAI/bge-base-en-v1.5"", ""evidence_coverage_at_10"": 0.6235764887610525, ""evidence_coverage_at_20"": 0.6932584070167963, ""evidence_coverage_at_5"": 0.5599845531053584, ""llm_context_cost_est"": 282.5605704697986, ""primary_quality_metric"": ""ndcg_at_10"", ""primary_quality_value"": 0.5268284656504536, ""profile"": ""portable-agentic"", ""retrieval_cost_est"": 7.770178162504361e-09, ""search_params"": {""hnsw_ef"": 32}, ""task_cost_est"": 282.5605704775688}",0.6235764887610525,0.5268284656504536,0.5555546678029899,5.877811985556036,10.643737600184977,10.785103363450615,375.1026983617863,6.946539277278899e-06,50.0,0.0,0,0.017208047211170197,0.020084709394723177,282.5605704775688,,,,,0.6235764887610525,7.316042250022292,10,2.3934614999452606,894,10,2.383347291033715,894,0.4043045421130955,4.0,0.0,0.14603137969970703,0.00014260876923799515,0.010492613263825962,/Volumes/Max/AI/Project/MaxionBench/artifacts/runs/portable/b0/s1_single_hop__bge-base-en-v1-5/faiss_cpu,run-4d60b430e0-r0-c1-t25-portable_s1,4d60b430e04a8a834a660210ed44050a23c008722b50ca5a1d994d604b1cd7ea,portable_text_qrels,ndcg_at_10,processed_text_qrels,10.0,portable-agentic,b0,BAAI/bge-base-en-v1.5,768.0,0.15,"{'avg_retrieved_input_tokens': 1883.7371364653243, 'budget_level': 'b0', 'c_llm_in': 0.15, 'embedding_cost_est': 0.0, 'embedding_dim': 768, 'embedding_model': 'BAAI/bge-base-en-v1.5', 'evidence_coverage_at_10': 0.6235764887610525, 'evidence_coverage_at_20': 0.6932584070167963, 'evidence_coverage_at_5': 0.5599845531053584, 'llm_context_cost_est': 282.5605704697986, 'primary_quality_metric': 'ndcg_at_10', 'primary_quality_value': 0.5268284656504536, 'profile': 'portable-agentic', 'retrieval_cost_est': 7.770178162504361e-09, 'search_params': {'hnsw_ef': 32}, 'task_cost_est': 282.5605704775688}",portable-agentic,ndcg_at_10,0.5268284656504536,,,,,,,,,,0,6.0
s1_single_hop,b0,4,pgvector,BAAI/bge-base-en-v1.5,run-596a084bc3-r0-c4-t25-portable_s1,2026-04-25T22:27:50+00:00,0,postgres16-pgvector,D4,portable-s1-unresolved,42,0,0.25,"{""avg_retrieved_input_tokens"": 1884.2916666666667, ""budget_level"": ""b0"", ""c_llm_in"": 0.15, ""embedding_cost_est"": 0.0, ""embedding_dim"": 768, ""embedding_model"": ""BAAI/bge-base-en-v1.5"", ""evidence_coverage_at_10"": 0.6479166666666666, ""evidence_coverage_at_20"": 0.6988425925925925, ""evidence_coverage_at_5"": 0.5852954144620811, ""llm_context_cost_est"": 282.64375, ""primary_quality_metric"": ""ndcg_at_10"", ""primary_quality_value"": 0.554684910313849, ""profile"": ""portable-agentic"", ""retrieval_cost_est"": 1.34317797342644e-07, ""search_params"": {""ivfflat_probes"": 64}, ""task_cost_est"": 282.6437501343178}",0.6479166666666666,0.554684910313849,0.575407848324515,118.54656250216067,182.05684397253208,201.4538900111802,21.57048070873093,2.9012644226011105e-05,50.0,0.7685185185185185,0,0.3936040448024869,0.719934646040201,282.6437501343178,,,,,0.6479166666666666,36.93796937505249,10,10.150717874988914,220,10,10.013685040990822,216,0.683515791897662,4.0,0.0,0.0,0.0004181414842605591,0.010430278043107439,/Volumes/Max/AI/Project/MaxionBench/artifacts/runs/portable/b0/s1_single_hop__bge-base-en-v1-5/pgvector,run-596a084bc3-r0-c1-t25-portable_s1,596a084bc331bb546a945debe268bc25986a0af764613847fd516d2a9bf03a09,portable_text_qrels,ndcg_at_10,processed_text_qrels,10.0,portable-agentic,b0,BAAI/bge-base-en-v1.5,768.0,0.15,"{'avg_retrieved_input_tokens': 1884.2916666666667, 'budget_level': 'b0', 'c_llm_in': 0.15, 'embedding_cost_est': 0.0, 'embedding_dim': 768, 'embedding_model': 'BAAI/bge-base-en-v1.5', 'evidence_coverage_at_10': 0.6479166666666666, 'evidence_coverage_at_20': 0.6988425925925925, 'evidence_coverage_at_5': 0.5852954144620811, 'llm_context_cost_est': 282.64375, 'primary_quality_metric': 'ndcg_at_10', 'primary_quality_value': 0.554684910313849, 'profile': 'portable-agentic', 'retrieval_cost_est': 1.34317797342644e-07, 'search_params': {'ivfflat_probes': 64}, 'task_cost_est': 282.6437501343178}",portable-agentic,ndcg_at_10,0.554684910313849,,,,,,,,,,0,7.0
s1_single_hop,b0,4,qdrant,BAAI/bge-base-en-v1.5,run-3b167d4e2c-r0-c4-t25-portable_s1,2026-04-25T22:32:07+00:00,0,server,D4,portable-s1-unresolved,42,0,0.25,"{""avg_retrieved_input_tokens"": 1887.15548098434, ""budget_level"": ""b0"", ""c_llm_in"": 0.15, ""embedding_cost_est"": 0.0, ""embedding_dim"": 768, ""embedding_model"": ""BAAI/bge-base-en-v1.5"", ""evidence_coverage_at_10"": 0.6176573985298818, ""evidence_coverage_at_20"": 0.6856055360249991, ""evidence_coverage_at_5"": 0.5551374240971556, ""llm_context_cost_est"": 283.073322147651, ""primary_quality_metric"": ""ndcg_at_10"", ""primary_quality_value"": 0.5235699403315216, ""profile"": ""portable-agentic"", ""retrieval_cost_est"": 3.846662345690084e-09, ""search_params"": {""hnsw_ef"": 32}, ""task_cost_est"": 283.0733221514977}",0.6176573985298818,0.5235699403315216,0.5543428855509391,4.517228982876986,5.274683586321771,5.4056192724965495,752.2153645121733,3.438916137046935e-06,50.0,0.0,0,4.723646037746221,7.602555514313281,283.0733221514977,,,,,0.6176573985298818,41.445040999911726,10,1.198652375023812,894,10,1.1884894169634208,894,0.6188310419674963,4.0,0.0,0.0,0.0,0.010416666666666666,/Volumes/Max/AI/Project/MaxionBench/artifacts/runs/portable/b0/s1_single_hop__bge-base-en-v1-5/qdrant,run-3b167d4e2c-r0-c1-t25-portable_s1,3b167d4e2ca77c9b94b9f36d8b3920387e82abd567ceb248e9b20f33d918c8ec,portable_text_qrels,ndcg_at_10,processed_text_qrels,10.0,portable-agentic,b0,BAAI/bge-base-en-v1.5,768.0,0.15,"{'avg_retrieved_input_tokens': 1887.15548098434, 'budget_level': 'b0', 'c_llm_in': 0.15, 'embedding_cost_est': 0.0, 'embedding_dim': 768, 'embedding_model': 'BAAI/bge-base-en-v1.5', 'evidence_coverage_at_10': 0.6176573985298818, 'evidence_coverage_at_20': 0.6856055360249991, 'evidence_coverage_at_5': 0.5551374240971556, 'llm_context_cost_est': 283.073322147651, 'primary_quality_metric': 'ndcg_at_10', 'primary_quality_value': 0.5235699403315216, 'profile': 'portable-agentic', 'retrieval_cost_est': 3.846662345690084e-09, 'search_params': {'hnsw_ef': 32}, 'task_cost_est': 283.0733221514977}",portable-agentic,ndcg_at_10,0.5235699403315216,,,,,,,,,,0,8.0
s1_single_hop,b0,8,pgvector,BAAI/bge-small-en-v1.5,run-82c0bdab82-r0-c8-t25-portable_s1,2026-04-25T22:39:15+00:00,0,postgres16-pgvector,D4,portable-s1-unresolved,42,0,0.25,"{""avg_retrieved_input_tokens"": 1621.8709677419354, ""budget_level"": ""b0"", ""c_llm_in"": 0.15, ""embedding_cost_est"": 0.0, ""embedding_dim"": 384, ""embedding_model"": ""BAAI/bge-small-en-v1.5"", ""evidence_coverage_at_10"": 0.5494271633384537, ""evidence_coverage_at_20"": 0.6124743983614952, ""evidence_coverage_at_5"": 0.45786930363543266, ""llm_context_cost_est"": 243.2806451612903, ""primary_quality_metric"": ""ndcg_at_10"", ""primary_quality_value"": 0.45771207954968074, ""profile"": ""portable-agentic"", ""retrieval_cost_est"": 2.3629585481772506e-07, ""search_params"": {""ivfflat_probes"": 64}, ""task_cost_est"": 243.28064539758614}",0.5494271633384537,0.45771207954968074,0.4851158474142345,188.9577914844267,321.28293478745036,333.16079024691135,24.498017127007667,5.860137199479582e-05,50.0,0.875,0,0.32962497789412737,0.44592680875211954,243.28064539758614,,,,,0.5494271633384537,30.712986708967946,10,10.253387999953702,248,10,10.123268292052671,248,0.6106127920793369,8.0,0.0,0.0,0.00019274652004241943,0.020839607634115964,/Volumes/Max/AI/Project/MaxionBench/artifacts/runs/portable/b0/s1_single_hop__bge-small-en-v1-5/pgvector,run-82c0bdab82-r0-c1-t25-portable_s1,82c0bdab82f62843d3427ac1465cef578e9b07b9634c490430c4d44fb62e6c1f,portable_text_qrels,ndcg_at_10,processed_text_qrels,10.0,portable-agentic,b0,BAAI/bge-small-en-v1.5,384.0,0.15,"{'avg_retrieved_input_tokens': 1621.8709677419354, 'budget_level': 'b0', 'c_llm_in': 0.15, 'embedding_cost_est': 0.0, 'embedding_dim': 384, 'embedding_model': 'BAAI/bge-small-en-v1.5', 'evidence_coverage_at_10': 0.5494271633384537, 'evidence_coverage_at_20': 0.6124743983614952, 'evidence_coverage_at_5': 0.45786930363543266, 'llm_context_cost_est': 243.2806451612903, 'primary_quality_metric': 'ndcg_at_10', 'primary_quality_value': 0.45771207954968074, 'profile': 'portable-agentic', 'retrieval_cost_est': 2.3629585481772506e-07, 'search_params': {'ivfflat_probes': 64}, 'task_cost_est': 243.28064539758614}",portable-agentic,ndcg_at_10,0.45771207954968074,,,,,,,,,,0,1.0
s1_single_hop,b0,8,faiss-cpu,BAAI/bge-small-en-v1.5,run-79eb239621-r0-c8-t25-portable_s1,2026-04-25T22:33:58+00:00,0,cpu,D4,portable-s1-unresolved,42,0,0.25,"{""avg_retrieved_input_tokens"": 1751.7281879194632, ""budget_level"": ""b0"", ""c_llm_in"": 0.15, ""embedding_cost_est"": 0.0, ""embedding_dim"": 384, ""embedding_model"": ""BAAI/bge-small-en-v1.5"", ""evidence_coverage_at_10"": 0.6007523702993501, ""evidence_coverage_at_20"": 0.6635795071197755, ""evidence_coverage_at_5"": 0.5169432015908526, ""llm_context_cost_est"": 262.75922818791946, ""primary_quality_metric"": ""ndcg_at_10"", ""primary_quality_value"": 0.5055062099023669, ""profile"": ""portable-agentic"", ""retrieval_cost_est"": 7.729942027058213e-09, ""search_params"": {""hnsw_ef"": 32}, ""task_cost_est"": 262.7592281956494}",0.6007523702993501,0.5055062099023669,0.5295093391569902,6.133270973805338,10.484363057184964,10.712996792281043,750.0444923608817,6.910568172190042e-06,50.0,0.0,0,0.009041978046298027,0.011043653357774018,262.7592281956494,,,,,0.6007523702993501,4.083334541064687,10,1.191073999973014,894,10,1.1919292910024524,894,0.3723315829411149,8.0,0.0,0.07450580596923828,7.275957614183426e-05,0.020872081597190117,/Volumes/Max/AI/Project/MaxionBench/artifacts/runs/portable/b0/s1_single_hop__bge-small-en-v1-5/faiss_cpu,run-79eb239621-r0-c1-t25-portable_s1,79eb239621a0706041ab4e78eebe63194545a6cfbb7fd780c662120593df2342,portable_text_qrels,ndcg_at_10,processed_text_qrels,10.0,portable-agentic,b0,BAAI/bge-small-en-v1.5,384.0,0.15,"{'avg_retrieved_input_tokens': 1751.7281879194632, 'budget_level': 'b0', 'c_llm_in': 0.15, 'embedding_cost_est': 0.0, 'embedding_dim': 384, 'embedding_model': 'BAAI/bge-small-en-v1.5', 'evidence_coverage_at_10': 0.6007523702993501, 'evidence_coverage_at_20': 0.6635795071197755, 'evidence_coverage_at_5': 0.5169432015908526, 'llm_context_cost_est': 262.75922818791946, 'primary_quality_metric': 'ndcg_at_10', 'primary_quality_value': 0.5055062099023669, 'profile': 'portable-agentic', 'retrieval_cost_est': 7.729942027058213e-09, 'search_params': {'hnsw_ef': 32}, 'task_cost_est': 262.7592281956494}",portable-agentic,ndcg_at_10,0.5055062099023669,,,,,,,,,,0,2.0
s1_single_hop,b0,8,lancedb-inproc,BAAI/bge-small-en-v1.5,run-84c9618a86-r0-c8-t25-portable_s1,2026-04-25T22:36:06+00:00,0,local,D4,portable-s1-unresolved,42,0,0.25,"{""avg_retrieved_input_tokens"": 1751.7281879194632, ""budget_level"": ""b0"", ""c_llm_in"": 0.15, ""embedding_cost_est"": 0.0, ""embedding_dim"": 384, ""embedding_model"": ""BAAI/bge-small-en-v1.5"", ""evidence_coverage_at_10"": 0.6007523702993501, ""evidence_coverage_at_20"": 0.6635795071197755, ""evidence_coverage_at_5"": 0.5169432015908526, ""llm_context_cost_est"": 262.75922818791946, ""primary_quality_metric"": ""ndcg_at_10"", ""primary_quality_value"": 0.5055062099023669, ""profile"": ""portable-agentic"", ""retrieval_cost_est"": 5.621797511361132e-08, ""search_params"": {""hnsw_ef"": 64}, ""task_cost_est"": 262.75922824413743}",0.6007523702993501,0.5055062099023669,0.5295093391569902,73.19947949144989,84.51751890243031,88.22969049913807,103.1295606382031,5.025886975156852e-05,50.0,0.9876957494407159,0,0.000125030055642128,0.00016705598682165146,262.75922824413743,,,,,0.6007523702993501,20.477232709061354,10,9.049616833915934,894,10,8.668707540957257,894,0.4273931250208989,8.0,0.0,0.07152557373046875,0.00011023363549611531,0.02087184626437022,/Volumes/Max/AI/Project/MaxionBench/artifacts/runs/portable/b0/s1_single_hop__bge-small-en-v1-5/lancedb_inproc,run-84c9618a86-r0-c1-t25-portable_s1,84c9618a8652c1f486277f2a50d5bdca45ba1d01bf96da0903107fc21e7fe5fc,portable_text_qrels,ndcg_at_10,processed_text_qrels,10.0,portable-agentic,b0,BAAI/bge-small-en-v1.5,384.0,0.15,"{'avg_retrieved_input_tokens': 1751.7281879194632, 'budget_level': 'b0', 'c_llm_in': 0.15, 'embedding_cost_est': 0.0, 'embedding_dim': 384, 'embedding_model': 'BAAI/bge-small-en-v1.5', 'evidence_coverage_at_10': 0.6007523702993501, 'evidence_coverage_at_20': 0.6635795071197755, 'evidence_coverage_at_5': 0.5169432015908526, 'llm_context_cost_est': 262.75922818791946, 'primary_quality_metric': 'ndcg_at_10', 'primary_quality_value': 0.5055062099023669, 'profile': 'portable-agentic', 'retrieval_cost_est': 5.621797511361132e-08, 'search_params': {'hnsw_ef': 64}, 'task_cost_est': 262.75922824413743}",portable-agentic,ndcg_at_10,0.5055062099023669,,,,,,,,,,0,3.0
s1_single_hop,b0,8,qdrant,BAAI/bge-small-en-v1.5,run-3291dfdc39-r0-c8-t25-portable_s1,2026-04-25T22:41:58+00:00,0,server,D4,portable-s1-unresolved,42,0,0.25,"{""avg_retrieved_input_tokens"": 1755.3814317673377, ""budget_level"": ""b0"", ""c_llm_in"": 0.15, ""embedding_cost_est"": 0.0, ""embedding_dim"": 384, ""embedding_model"": ""BAAI/bge-small-en-v1.5"", ""evidence_coverage_at_10"": 0.5938918184723554, ""evidence_coverage_at_20"": 0.6535123930258158, ""evidence_coverage_at_5"": 0.5109775043499876, ""llm_context_cost_est"": 263.30721476510064, ""primary_quality_metric"": ""ndcg_at_10"", ""primary_quality_value"": 0.499364044977269, ""profile"": ""portable-agentic"", ""retrieval_cost_est"": 5.847742939317587e-09, ""search_params"": {""hnsw_ef"": 64}, ""task_cost_est"": 263.3072147709484}",0.5938918184723554,0.499364044977269,0.5238015340364334,5.993938015308231,7.555218692868948,8.04734122357331,989.6189174335295,5.227882187749923e-06,50.0,0.0,0,3.1341875437647104,5.873905464541166,263.3072147709484,,,,,0.5938918184723554,23.973668708000332,10,1.1099573749816045,894,10,0.9033780420431867,894,0.4492477079620585,8.0,0.0,0.0,0.0,0.020833333333333332,/Volumes/Max/AI/Project/MaxionBench/artifacts/runs/portable/b0/s1_single_hop__bge-small-en-v1-5/qdrant,run-3291dfdc39-r0-c1-t25-portable_s1,3291dfdc394124244e9f5014bc102ccd6d77bb72491dda3aa295acfe091c01e7,portable_text_qrels,ndcg_at_10,processed_text_qrels,10.0,portable-agentic,b0,BAAI/bge-small-en-v1.5,384.0,0.15,"{'avg_retrieved_input_tokens': 1755.3814317673377, 'budget_level': 'b0', 'c_llm_in': 0.15, 'embedding_cost_est': 0.0, 'embedding_dim': 384, 'embedding_model': 'BAAI/bge-small-en-v1.5', 'evidence_coverage_at_10': 0.5938918184723554, 'evidence_coverage_at_20': 0.6535123930258158, 'evidence_coverage_at_5': 0.5109775043499876, 'llm_context_cost_est': 263.30721476510064, 'primary_quality_metric': 'ndcg_at_10', 'primary_quality_value': 0.499364044977269, 'profile': 'portable-agentic', 'retrieval_cost_est': 5.847742939317587e-09, 'search_params': {'hnsw_ef': 64}, 'task_cost_est': 263.3072147709484}",portable-agentic,ndcg_at_10,0.499364044977269,,,,,,,,,,0,4.0
s1_single_hop,b0,8,lancedb-inproc,BAAI/bge-base-en-v1.5,run-d9e9c72fcd-r0-c8-t25-portable_s1,2026-04-25T22:25:13+00:00,0,local,D4,portable-s1-unresolved,42,0,0.25,"{""avg_retrieved_input_tokens"": 1785.0656779661017, ""budget_level"": ""b0"", ""c_llm_in"": 0.15, ""embedding_cost_est"": 0.0, ""embedding_dim"": 768, ""embedding_model"": ""BAAI/bge-base-en-v1.5"", ""evidence_coverage_at_10"": 0.5393269101425882, ""evidence_coverage_at_20"": 0.6246788404627389, ""evidence_coverage_at_5"": 0.47172450901264457, ""llm_context_cost_est"": 267.75985169491526, ""primary_quality_metric"": ""ndcg_at_10"", ""primary_quality_value"": 0.4581506467251704, ""profile"": ""portable-agentic"", ""retrieval_cost_est"": 1.234915164637421e-07, ""search_params"": {""hnsw_ef"": 32}, ""task_cost_est"": 267.7598518184068}",0.5393269101425882,0.4581506467251704,0.5122561877858488,158.23908348102123,181.0762166918721,196.22553923167297,47.03212100257176,5.8287995770886265e-05,50.0,1.0,0,0.000125030055642128,0.00016705598682165146,267.7598518184068,,,,,0.5393269101425882,24.433026041951962,10,10.14700074994471,472,10,10.035694541060366,472,0.5567269589519128,8.0,0.0,0.1430511474609375,0.00018008297411142848,0.020909044602409683,/Volumes/Max/AI/Project/MaxionBench/artifacts/runs/portable/b0/s1_single_hop__bge-base-en-v1-5/lancedb_inproc,run-d9e9c72fcd-r0-c1-t25-portable_s1,d9e9c72fcdda4c1b51ad4f64714b25e44aa233dd6d519b0d212897605716d127,portable_text_qrels,ndcg_at_10,processed_text_qrels,10.0,portable-agentic,b0,BAAI/bge-base-en-v1.5,768.0,0.15,"{'avg_retrieved_input_tokens': 1785.0656779661017, 'budget_level': 'b0', 'c_llm_in': 0.15, 'embedding_cost_est': 0.0, 'embedding_dim': 768, 'embedding_model': 'BAAI/bge-base-en-v1.5', 'evidence_coverage_at_10': 0.5393269101425882, 'evidence_coverage_at_20': 0.6246788404627389, 'evidence_coverage_at_5': 0.47172450901264457, 'llm_context_cost_est': 267.75985169491526, 'primary_quality_metric': 'ndcg_at_10', 'primary_quality_value': 0.4581506467251704, 'profile': 'portable-agentic', 'retrieval_cost_est': 1.234915164637421e-07, 'search_params': {'hnsw_ef': 32}, 'task_cost_est': 267.7598518184068}",portable-agentic,ndcg_at_10,0.4581506467251704,,,,,,,,,,0,5.0
s1_single_hop,b0,8,faiss-cpu,BAAI/bge-base-en-v1.5,run-4d60b430e0-r0-c8-t25-portable_s1,2026-04-25T22:22:42+00:00,0,cpu,D4,portable-s1-unresolved,42,0,0.25,"{""avg_retrieved_input_tokens"": 1883.7371364653243, ""budget_level"": ""b0"", ""c_llm_in"": 0.15, ""embedding_cost_est"": 0.0, ""embedding_dim"": 768, ""embedding_model"": ""BAAI/bge-base-en-v1.5"", ""evidence_coverage_at_10"": 0.6235764887610525, ""evidence_coverage_at_20"": 0.6932584070167963, ""evidence_coverage_at_5"": 0.5599845531053584, ""llm_context_cost_est"": 282.5605704697986, ""primary_quality_metric"": ""ndcg_at_10"", ""primary_quality_value"": 0.5268284656504536, ""profile"": ""portable-agentic"", ""retrieval_cost_est"": 1.5681586920804886e-08, ""search_params"": {""hnsw_ef"": 64}, ""task_cost_est"": 282.5605704854802}",0.6235764887610525,0.5268284656504536,0.5555546678029899,11.890604044310749,21.37387510156259,21.692274381639432,370.3791805866301,1.4019338707199568e-05,50.0,0.0,0,0.01716695260256529,0.020469273440539826,282.5605704854802,,,,,0.6235764887610525,7.486388750025071,10,2.4023967910325155,894,10,2.413742582895793,894,0.4043045421130955,8.0,0.0,0.14603137969970703,0.00014260876923799515,0.02090927993049263,/Volumes/Max/AI/Project/MaxionBench/artifacts/runs/portable/b0/s1_single_hop__bge-base-en-v1-5/faiss_cpu,run-4d60b430e0-r0-c1-t25-portable_s1,4d60b430e04a8a834a660210ed44050a23c008722b50ca5a1d994d604b1cd7ea,portable_text_qrels,ndcg_at_10,processed_text_qrels,10.0,portable-agentic,b0,BAAI/bge-base-en-v1.5,768.0,0.15,"{'avg_retrieved_input_tokens': 1883.7371364653243, 'budget_level': 'b0', 'c_llm_in': 0.15, 'embedding_cost_est': 0.0, 'embedding_dim': 768, 'embedding_model': 'BAAI/bge-base-en-v1.5', 'evidence_coverage_at_10': 0.6235764887610525, 'evidence_coverage_at_20': 0.6932584070167963, 'evidence_coverage_at_5': 0.5599845531053584, 'llm_context_cost_est': 282.5605704697986, 'primary_quality_metric': 'ndcg_at_10', 'primary_quality_value': 0.5268284656504536, 'profile': 'portable-agentic', 'retrieval_cost_est': 1.5681586920804886e-08, 'search_params': {'hnsw_ef': 64}, 'task_cost_est': 282.5605704854802}",portable-agentic,ndcg_at_10,0.5268284656504536,,,,,,,,,,0,6.0
s1_single_hop,b0,8,qdrant,BAAI/bge-base-en-v1.5,run-3b167d4e2c-r0-c8-t25-portable_s1,2026-04-25T22:33:28+00:00,0,server,D4,portable-s1-unresolved,42,0,0.25,"{""avg_retrieved_input_tokens"": 1888.0011185682326, ""budget_level"": ""b0"", ""c_llm_in"": 0.15, ""embedding_cost_est"": 0.0, ""embedding_dim"": 768, ""embedding_model"": ""BAAI/bge-base-en-v1.5"", ""evidence_coverage_at_10"": 0.6163679379283405, ""evidence_coverage_at_20"": 0.6878582081602216, ""evidence_coverage_at_5"": 0.5538945705053088, ""llm_context_cost_est"": 283.2001677852349, ""primary_quality_metric"": ""ndcg_at_10"", ""primary_quality_value"": 0.5216397499780095, ""profile"": ""portable-agentic"", ""retrieval_cost_est"": 7.045327310933447e-09, ""search_params"": {""hnsw_ef"": 32}, ""task_cost_est"": 283.20016779228024}",0.6163679379283405,0.5216397499780095,0.5518616171300735,7.243395550176501,9.087580803316087,9.684169855900109,821.4007357836017,6.2985226159745016e-06,50.0,0.0,0,4.555270541459322,6.632371263112873,283.20016779228024,,,,,0.6163679379283405,40.69515404198319,10,1.1202587079023942,894,10,1.0883847080403939,894,0.6188310419674963,8.0,0.0,0.0,0.0,0.020833333333333332,/Volumes/Max/AI/Project/MaxionBench/artifacts/runs/portable/b0/s1_single_hop__bge-base-en-v1-5/qdrant,run-3b167d4e2c-r0-c1-t25-portable_s1,3b167d4e2ca77c9b94b9f36d8b3920387e82abd567ceb248e9b20f33d918c8ec,portable_text_qrels,ndcg_at_10,processed_text_qrels,10.0,portable-agentic,b0,BAAI/bge-base-en-v1.5,768.0,0.15,"{'avg_retrieved_input_tokens': 1888.0011185682326, 'budget_level': 'b0', 'c_llm_in': 0.15, 'embedding_cost_est': 0.0, 'embedding_dim': 768, 'embedding_model': 'BAAI/bge-base-en-v1.5', 'evidence_coverage_at_10': 0.6163679379283405, 'evidence_coverage_at_20': 0.6878582081602216, 'evidence_coverage_at_5': 0.5538945705053088, 'llm_context_cost_est': 283.2001677852349, 'primary_quality_metric': 'ndcg_at_10', 'primary_quality_value': 0.5216397499780095, 'profile': 'portable-agentic', 'retrieval_cost_est': 7.045327310933447e-09, 'search_params': {'hnsw_ef': 32}, 'task_cost_est': 283.20016779228024}",portable-agentic,ndcg_at_10,0.5216397499780095,,,,,,,,,,0,7.0
s1_single_hop,b0,8,pgvector,BAAI/bge-base-en-v1.5,run-596a084bc3-r0-c8-t25-portable_s1,2026-04-25T22:29:06+00:00,0,postgres16-pgvector,D4,portable-s1-unresolved,42,0,0.25,"{""avg_retrieved_input_tokens"": 2187.9821428571427, ""budget_level"": ""b0"", ""c_llm_in"": 0.15, ""embedding_cost_est"": 0.0, ""embedding_dim"": 768, ""embedding_model"": ""BAAI/bge-base-en-v1.5"", ""evidence_coverage_at_10"": 0.8714285714285713, ""evidence_coverage_at_20"": 0.9089285714285714, ""evidence_coverage_at_5"": 0.8200892857142856, ""llm_context_cost_est"": 328.1973214285714, ""primary_quality_metric"": ""ndcg_at_10"", ""primary_quality_value"": 0.7319158192712868, ""profile"": ""portable-agentic"", ""retrieval_cost_est"": 5.403599673119477e-07, ""search_params"": {""ivfflat_probes"": 64}, ""task_cost_est"": 328.19732196893136}",0.8714285714285713,0.7319158192712868,0.6913052721088435,418.5749794705771,743.6414084455464,749.7507157106884,10.716592121755818,6.052031633893814e-05,50.0,1.0,0,0.38058299105614424,0.5386573774740098,328.19732196893136,,,,,0.8714285714285713,37.62704437493812,10,10.396733166999184,112,10,10.451083583990112,112,0.683515791897662,8.0,0.0,0.0,0.00041807442903518677,0.020846942526986822,/Volumes/Max/AI/Project/MaxionBench/artifacts/runs/portable/b0/s1_single_hop__bge-base-en-v1-5/pgvector,run-596a084bc3-r0-c1-t25-portable_s1,596a084bc331bb546a945debe268bc25986a0af764613847fd516d2a9bf03a09,portable_text_qrels,ndcg_at_10,processed_text_qrels,10.0,portable-agentic,b0,BAAI/bge-base-en-v1.5,768.0,0.15,"{'avg_retrieved_input_tokens': 2187.9821428571427, 'budget_level': 'b0', 'c_llm_in': 0.15, 'embedding_cost_est': 0.0, 'embedding_dim': 768, 'embedding_model': 'BAAI/bge-base-en-v1.5', 'evidence_coverage_at_10': 0.8714285714285713, 'evidence_coverage_at_20': 0.9089285714285714, 'evidence_coverage_at_5': 0.8200892857142856, 'llm_context_cost_est': 328.1973214285714, 'primary_quality_metric': 'ndcg_at_10', 'primary_quality_value': 0.7319158192712868, 'profile': 'portable-agentic', 'retrieval_cost_est': 5.403599673119477e-07, 'search_params': {'ivfflat_probes': 64}, 'task_cost_est': 328.19732196893136}",portable-agentic,ndcg_at_10,0.7319158192712868,,,,,,,,,,0,8.0
s1_single_hop,b1,1,pgvector,BAAI/bge-small-en-v1.5,run-eb7fb82104-r0-c1-t25-portable_s1,2026-04-26T13:27:30+00:00,0,postgres16-pgvector,D4,portable-s1-unresolved,42,0,0.25,"{""avg_retrieved_input_tokens"": 1582.9427662957075, ""budget_level"": ""b1"", ""c_llm_in"": 0.15, ""embedding_cost_est"": 0.0, ""embedding_dim"": 384, ""embedding_model"": ""BAAI/bge-small-en-v1.5"", ""evidence_coverage_at_10"": 0.5102638352638353, ""evidence_coverage_at_20"": 0.5838210058798294, ""evidence_coverage_at_5"": 0.42577724783607135, ""llm_context_cost_est"": 237.44141494435613, ""primary_quality_metric"": ""ndcg_at_10"", ""primary_quality_value"": 0.4279495450749153, ""profile"": ""portable-agentic"", ""retrieval_cost_est"": 3.4600346507006225e-08, ""search_params"": {""ivfflat_probes"": 64}, ""task_cost_est"": 237.44141497895646}",0.5102638352638353,0.4279495450749153,0.4740334872687813,49.76112500298768,54.35352537315339,58.09373700059951,20.957103125286082,2.1763617952906915e-05,50.0,0.4769475357710652,0,0.592520460486412,0.7190705719403923,237.44141497895646,,,,,0.5102638352638353,59.63137616601307,15,15.01571225002408,227,30,30.013690166990273,629,3.90819637500681,1.0,0.0,0.0,0.00019280612468719482,0.002610442907704661,/Volumes/Max/AI/Project/MaxionBench/artifacts/runs/portable/b1/s1_single_hop__bge-small-en-v1-5/pgvector,run-eb7fb82104-r0-c1-t25-portable_s1,eb7fb821040428d0ba1c67058d3a476782eb8eef345a36742f49b7f9f47844b6,portable_text_qrels,ndcg_at_10,processed_text_qrels,10.0,portable-agentic,b1,BAAI/bge-small-en-v1.5,384.0,0.15,"{'avg_retrieved_input_tokens': 1582.9427662957075, 'budget_level': 'b1', 'c_llm_in': 0.15, 'embedding_cost_est': 0.0, 'embedding_dim': 384, 'embedding_model': 'BAAI/bge-small-en-v1.5', 'evidence_coverage_at_10': 0.5102638352638353, 'evidence_coverage_at_20': 0.5838210058798294, 'evidence_coverage_at_5': 0.42577724783607135, 'llm_context_cost_est': 237.44141494435613, 'primary_quality_metric': 'ndcg_at_10', 'primary_quality_value': 0.4279495450749153, 'profile': 'portable-agentic', 'retrieval_cost_est': 3.4600346507006225e-08, 'search_params': {'ivfflat_probes': 64}, 'task_cost_est': 237.44141497895646}",portable-agentic,ndcg_at_10,0.4279495450749153,,,,,,,,,,1,1.0
s1_single_hop,b1,1,faiss-cpu,BAAI/bge-small-en-v1.5,run-9908215b3c-r0-c1-t25-portable_s1,2026-04-26T13:21:06+00:00,0,cpu,D4,portable-s1-unresolved,42,0,0.25,"{""avg_retrieved_input_tokens"": 1751.7281879194632, ""budget_level"": ""b1"", ""c_llm_in"": 0.15, ""embedding_cost_est"": 0.0, ""embedding_dim"": 384, ""embedding_model"": ""BAAI/bge-small-en-v1.5"", ""evidence_coverage_at_10"": 0.6007523702993501, ""evidence_coverage_at_20"": 0.6635795071197755, ""evidence_coverage_at_5"": 0.5169432015908526, ""llm_context_cost_est"": 262.75922818791946, ""primary_quality_metric"": ""ndcg_at_10"", ""primary_quality_value"": 0.5055062099023669, ""profile"": ""portable-agentic"", ""retrieval_cost_est"": 9.655072764089538e-10, ""search_params"": {""hnsw_ef"": 32}, ""task_cost_est"": 262.75922818888495}",0.6007523702993501,0.5055062099023669,0.5295093391569902,1.2974590063095093,1.3963391247671098,1.6812888020649546,760.3702780853592,8.631635051096047e-07,50.0,0.0,0,0.009333016350865364,0.009582960046827793,262.75922818888495,,,,,0.6007523702993501,4.604166417033412,15,1.3432984169339761,894,30,1.175742958090268,894,3.4541740419808775,1.0,0.0,0.07450580596923828,7.275957614183426e-05,0.0026429149305234505,/Volumes/Max/AI/Project/MaxionBench/artifacts/runs/portable/b1/s1_single_hop__bge-small-en-v1-5/faiss_cpu,run-9908215b3c-r0-c1-t25-portable_s1,9908215b3cd4b79de104da4c4cdfffdd94fcf011de31cc08c33a84583173ba7d,portable_text_qrels,ndcg_at_10,processed_text_qrels,10.0,portable-agentic,b1,BAAI/bge-small-en-v1.5,384.0,0.15,"{'avg_retrieved_input_tokens': 1751.7281879194632, 'budget_level': 'b1', 'c_llm_in': 0.15, 'embedding_cost_est': 0.0, 'embedding_dim': 384, 'embedding_model': 'BAAI/bge-small-en-v1.5', 'evidence_coverage_at_10': 0.6007523702993501, 'evidence_coverage_at_20': 0.6635795071197755, 'evidence_coverage_at_5': 0.5169432015908526, 'llm_context_cost_est': 262.75922818791946, 'primary_quality_metric': 'ndcg_at_10', 'primary_quality_value': 0.5055062099023669, 'profile': 'portable-agentic', 'retrieval_cost_est': 9.655072764089538e-10, 'search_params': {'hnsw_ef': 32}, 'task_cost_est': 262.75922818888495}",portable-agentic,ndcg_at_10,0.5055062099023669,,,,,,,,,,1,2.0
s1_single_hop,b1,1,lancedb-inproc,BAAI/bge-small-en-v1.5,run-6d9cff9c7e-r0-c1-t25-portable_s1,2026-04-26T13:23:02+00:00,0,local,D4,portable-s1-unresolved,42,0,0.25,"{""avg_retrieved_input_tokens"": 1751.7281879194632, ""budget_level"": ""b1"", ""c_llm_in"": 0.15, ""embedding_cost_est"": 0.0, ""embedding_dim"": 384, ""embedding_model"": ""BAAI/bge-small-en-v1.5"", ""evidence_coverage_at_10"": 0.6007523702993501, ""evidence_coverage_at_20"": 0.6635795071197755, ""evidence_coverage_at_5"": 0.5169432015908526, ""llm_context_cost_est"": 262.75922818791946, ""primary_quality_metric"": ""ndcg_at_10"", ""primary_quality_value"": 0.5055062099023669, ""profile"": ""portable-agentic"", ""retrieval_cost_est"": 1.2175193409487821e-08, ""search_params"": {""hnsw_ef"": 64}, ""task_cost_est"": 262.75922820009464}",0.6007523702993501,0.5055062099023669,0.5295093391569902,16.075166466180235,20.53426649072207,23.39103440404869,60.29289567233621,1.0884622908082113e-05,50.0,0.0,0,0.00037497375160455704,0.0004169996827840805,262.75922820009464,,,,,0.6007523702993501,34.974962749984115,15,15.003877334063873,854,30,14.827617582981475,894,3.953707707929425,1.0,0.0,0.07152557373046875,0.00011023363549611531,0.0026426795977035527,/Volumes/Max/AI/Project/MaxionBench/artifacts/runs/portable/b1/s1_single_hop__bge-small-en-v1-5/lancedb_inproc,run-6d9cff9c7e-r0-c1-t25-portable_s1,6d9cff9c7e7ff84c6cfdaf85efcd19156da9cad814709fc015499b83ec5db271,portable_text_qrels,ndcg_at_10,processed_text_qrels,10.0,portable-agentic,b1,BAAI/bge-small-en-v1.5,384.0,0.15,"{'avg_retrieved_input_tokens': 1751.7281879194632, 'budget_level': 'b1', 'c_llm_in': 0.15, 'embedding_cost_est': 0.0, 'embedding_dim': 384, 'embedding_model': 'BAAI/bge-small-en-v1.5', 'evidence_coverage_at_10': 0.6007523702993501, 'evidence_coverage_at_20': 0.6635795071197755, 'evidence_coverage_at_5': 0.5169432015908526, 'llm_context_cost_est': 262.75922818791946, 'primary_quality_metric': 'ndcg_at_10', 'primary_quality_value': 0.5055062099023669, 'profile': 'portable-agentic', 'retrieval_cost_est': 1.2175193409487821e-08, 'search_params': {'hnsw_ef': 64}, 'task_cost_est': 262.75922820009464}",portable-agentic,ndcg_at_10,0.5055062099023669,,,,,,,,,,1,3.0
s1_single_hop,b1,1,qdrant,BAAI/bge-small-en-v1.5,run-68b5a4ad36-r0-c1-t25-portable_s1,2026-04-26T13:32:50+00:00,0,server,D4,portable-s1-unresolved,42,0,0.25,"{""avg_retrieved_input_tokens"": 1753.7304250559284, ""budget_level"": ""b1"", ""c_llm_in"": 0.15, ""embedding_cost_est"": 0.0, ""embedding_dim"": 384, ""embedding_model"": ""BAAI/bge-small-en-v1.5"", ""evidence_coverage_at_10"": 0.5997643016938319, ""evidence_coverage_at_20"": 0.6623677248677249, ""evidence_coverage_at_5"": 0.5165703455132985, ""llm_context_cost_est"": 263.05956375838923, ""primary_quality_metric"": ""ndcg_at_10"", ""primary_quality_value"": 0.5043054664089018, ""profile"": ""portable-agentic"", ""retrieval_cost_est"": 3.003171623180554e-09, ""search_params"": {""hnsw_ef"": 64}, ""task_cost_est"": 263.0595637613924}",0.5997643016938319,0.5043054664089018,0.5283517098114413,4.123499500565231,5.342075007501987,6.0974092932883535,240.87189158491168,2.6848354311234152e-06,50.0,0.0,0,4.778354486916214,8.115555763943119,263.0595637613924,,,,,0.5997643016938319,36.741657666978426,15,3.9861508330795914,894,30,3.7115164999850094,894,4.029629333992489,1.0,0.0,0.0,0.0,0.0026041666666666665,/Volumes/Max/AI/Project/MaxionBench/artifacts/runs/portable/b1/s1_single_hop__bge-small-en-v1-5/qdrant,run-68b5a4ad36-r0-c1-t25-portable_s1,68b5a4ad36ab6116d485b631f4bd460aa4ebbcdb470366ee5f0492110e7e133b,portable_text_qrels,ndcg_at_10,processed_text_qrels,10.0,portable-agentic,b1,BAAI/bge-small-en-v1.5,384.0,0.15,"{'avg_retrieved_input_tokens': 1753.7304250559284, 'budget_level': 'b1', 'c_llm_in': 0.15, 'embedding_cost_est': 0.0, 'embedding_dim': 384, 'embedding_model': 'BAAI/bge-small-en-v1.5', 'evidence_coverage_at_10': 0.5997643016938319, 'evidence_coverage_at_20': 0.6623677248677249, 'evidence_coverage_at_5': 0.5165703455132985, 'llm_context_cost_est': 263.05956375838923, 'primary_quality_metric': 'ndcg_at_10', 'primary_quality_value': 0.5043054664089018, 'profile': 'portable-agentic', 'retrieval_cost_est': 3.003171623180554e-09, 'search_params': {'hnsw_ef': 64}, 'task_cost_est': 263.0595637613924}",portable-agentic,ndcg_at_10,0.5043054664089018,,,,,,,,,,1,4.0
s1_single_hop,b1,1,faiss-cpu,BAAI/bge-base-en-v1.5,run-2d2c684d14-r0-c1-t25-portable_s1,2026-04-26T13:01:39+00:00,0,cpu,D4,portable-s1-unresolved,42,0,0.25,"{""avg_retrieved_input_tokens"": 1883.7371364653243, ""budget_level"": ""b1"", ""c_llm_in"": 0.15, ""embedding_cost_est"": 0.0, ""embedding_dim"": 768, ""embedding_model"": ""BAAI/bge-base-en-v1.5"", ""evidence_coverage_at_10"": 0.6235764887610525, ""evidence_coverage_at_20"": 0.6932584070167963, ""evidence_coverage_at_5"": 0.5599845531053584, ""llm_context_cost_est"": 282.5605704697986, ""primary_quality_metric"": ""ndcg_at_10"", ""primary_quality_value"": 0.5268284656504536, ""profile"": ""portable-agentic"", ""retrieval_cost_est"": 3.144358945800302e-09, ""search_params"": {""hnsw_ef"": 64}, ""task_cost_est"": 282.56057047294297}",0.6235764887610525,0.5268284656504536,0.5555546678029899,4.095103940926492,4.558457975508644,4.622694256249815,236.76555999201904,2.81105689754547e-06,50.0,0.0011185682326621924,0,0.025667017325758934,0.027165982173755765,282.56057047294297,,,,,0.6235764887610525,10.191240082960576,15,3.3647915839683264,894,30,3.7758869999088347,894,3.757694249972701,1.0,0.0,0.14603137969970703,0.00014260876923799515,0.0026801132638259633,/Volumes/Max/AI/Project/MaxionBench/artifacts/runs/portable/b1/s1_single_hop__bge-base-en-v1-5/faiss_cpu,run-2d2c684d14-r0-c1-t25-portable_s1,2d2c684d14b3170647e7807149e1fb5741493d6c68f3add12fcb55ad0e9d3e1b,portable_text_qrels,ndcg_at_10,processed_text_qrels,10.0,portable-agentic,b1,BAAI/bge-base-en-v1.5,768.0,0.15,"{'avg_retrieved_input_tokens': 1883.7371364653243, 'budget_level': 'b1', 'c_llm_in': 0.15, 'embedding_cost_est': 0.0, 'embedding_dim': 768, 'embedding_model': 'BAAI/bge-base-en-v1.5', 'evidence_coverage_at_10': 0.6235764887610525, 'evidence_coverage_at_20': 0.6932584070167963, 'evidence_coverage_at_5': 0.5599845531053584, 'llm_context_cost_est': 282.5605704697986, 'primary_quality_metric': 'ndcg_at_10', 'primary_quality_value': 0.5268284656504536, 'profile': 'portable-agentic', 'retrieval_cost_est': 3.144358945800302e-09, 'search_params': {'hnsw_ef': 64}, 'task_cost_est': 282.56057047294297}",portable-agentic,ndcg_at_10,0.5268284656504536,,,,,,,,,,1,5.0
s1_single_hop,b1,1,lancedb-inproc,BAAI/bge-base-en-v1.5,run-8aaaabb9a3-r0-c1-t25-portable_s1,2026-04-26T13:03:52+00:00,0,local,D4,portable-s1-unresolved,42,0,0.25,"{""avg_retrieved_input_tokens"": 1883.7371364653243, ""budget_level"": ""b1"", ""c_llm_in"": 0.15, ""embedding_cost_est"": 0.0, ""embedding_dim"": 768, ""embedding_model"": ""BAAI/bge-base-en-v1.5"", ""evidence_coverage_at_10"": 0.6235764887610525, ""evidence_coverage_at_20"": 0.6932584070167963, ""evidence_coverage_at_5"": 0.5599845531053586, ""llm_context_cost_est"": 282.5605704697986, ""primary_quality_metric"": ""ndcg_at_10"", ""primary_quality_value"": 0.5268284656504537, ""profile"": ""portable-agentic"", ""retrieval_cost_est"": 1.7723572861442738e-08, ""search_params"": {""hnsw_ef"": 32}, ""task_cost_est"": 282.56057048752217}",0.6235764887610525,0.5268284656504537,0.5555546678029899,23.411708476487547,26.25055400421842,29.62043624254872,42.001155384085514,1.5844874138129807e-05,50.0,0.0,0,0.00016600824892520905,0.00020908191800117493,282.56057048752217,,,,,0.6235764887610525,42.03713575005531,15,15.028906375053339,577,30,21.285128750023432,894,3.87419737491291,1.0,0.0,0.1430511474609375,0.00018008297502092319,0.0026798779357726232,/Volumes/Max/AI/Project/MaxionBench/artifacts/runs/portable/b1/s1_single_hop__bge-base-en-v1-5/lancedb_inproc,run-8aaaabb9a3-r0-c1-t25-portable_s1,8aaaabb9a356ce2f07d242e3899b814f965e4cce36bea87034fe3e5cd963ac89,portable_text_qrels,ndcg_at_10,processed_text_qrels,10.0,portable-agentic,b1,BAAI/bge-base-en-v1.5,768.0,0.15,"{'avg_retrieved_input_tokens': 1883.7371364653243, 'budget_level': 'b1', 'c_llm_in': 0.15, 'embedding_cost_est': 0.0, 'embedding_dim': 768, 'embedding_model': 'BAAI/bge-base-en-v1.5', 'evidence_coverage_at_10': 0.6235764887610525, 'evidence_coverage_at_20': 0.6932584070167963, 'evidence_coverage_at_5': 0.5599845531053586, 'llm_context_cost_est': 282.5605704697986, 'primary_quality_metric': 'ndcg_at_10', 'primary_quality_value': 0.5268284656504537, 'profile': 'portable-agentic', 'retrieval_cost_est': 1.7723572861442738e-08, 'search_params': {'hnsw_ef': 32}, 'task_cost_est': 282.56057048752217}",portable-agentic,ndcg_at_10,0.5268284656504537,,,,,,,,,,1,6.0
s1_single_hop,b1,1,qdrant,BAAI/bge-base-en-v1.5,run-b503a7b322-r0-c1-t25-portable_s1,2026-04-26T13:16:30+00:00,0,server,D4,portable-s1-unresolved,42,0,0.25,"{""avg_retrieved_input_tokens"": 1885.2527964205817, ""budget_level"": ""b1"", ""c_llm_in"": 0.15, ""embedding_cost_est"": 0.0, ""embedding_dim"": 768, ""embedding_model"": ""BAAI/bge-base-en-v1.5"", ""evidence_coverage_at_10"": 0.6181234686268243, ""evidence_coverage_at_20"": 0.6880291005291006, ""evidence_coverage_at_5"": 0.5555102801747097, ""llm_context_cost_est"": 282.78791946308723, ""primary_quality_metric"": ""ndcg_at_10"", ""primary_quality_value"": 0.5236277938322761, ""profile"": ""portable-agentic"", ""retrieval_cost_est"": 3.7104991763869702e-09, ""search_params"": {""hnsw_ef"": 64}, ""task_cost_est"": 282.78791946679775}",0.6181234686268243,0.5236277938322761,0.5533707964916018,5.09104150114581,5.986783059779555,6.385307869641108,194.95480129280264,3.3171862636899516e-06,50.0,0.0,0,4.723353951703757,7.876105253817513,282.78791946679775,,,,,0.6181234686268243,60.80364387494046,15,4.209766500047408,894,30,4.585678290924989,894,4.040688624954782,1.0,0.0,0.0,0.0,0.0026041666666666665,/Volumes/Max/AI/Project/MaxionBench/artifacts/runs/portable/b1/s1_single_hop__bge-base-en-v1-5/qdrant,run-b503a7b322-r0-c1-t25-portable_s1,b503a7b3221547c8b280481cf5d752d28ed91a62b4316b9c3fb7545ec8f672ad,portable_text_qrels,ndcg_at_10,processed_text_qrels,10.0,portable-agentic,b1,BAAI/bge-base-en-v1.5,768.0,0.15,"{'avg_retrieved_input_tokens': 1885.2527964205817, 'budget_level': 'b1', 'c_llm_in': 0.15, 'embedding_cost_est': 0.0, 'embedding_dim': 768, 'embedding_model': 'BAAI/bge-base-en-v1.5', 'evidence_coverage_at_10': 0.6181234686268243, 'evidence_coverage_at_20': 0.6880291005291006, 'evidence_coverage_at_5': 0.5555102801747097, 'llm_context_cost_est': 282.78791946308723, 'primary_quality_metric': 'ndcg_at_10', 'primary_quality_value': 0.5236277938322761, 'profile': 'portable-agentic', 'retrieval_cost_est': 3.7104991763869702e-09, 'search_params': {'hnsw_ef': 64}, 'task_cost_est': 282.78791946679775}",portable-agentic,ndcg_at_10,0.5236277938322761,,,,,,,,,,1,7.0
s1_single_hop,b1,1,pgvector,BAAI/bge-base-en-v1.5,run-7a2ba50c6c-r0-c1-t25-portable_s1,2026-04-26T13:09:39+00:00,0,postgres16-pgvector,D4,portable-s1-unresolved,42,0,0.25,"{""avg_retrieved_input_tokens"": 1964.4923547400613, ""budget_level"": ""b1"", ""c_llm_in"": 0.15, ""embedding_cost_est"": 0.0, ""embedding_dim"": 768, ""embedding_model"": ""BAAI/bge-base-en-v1.5"", ""evidence_coverage_at_10"": 0.7164288141352361, ""evidence_coverage_at_20"": 0.7598538905878356, ""evidence_coverage_at_5"": 0.6567156934129411, ""llm_context_cost_est"": 294.6738532110092, ""primary_quality_metric"": ""ndcg_at_10"", ""primary_quality_value"": 0.609530170212719, ""profile"": ""portable-agentic"", ""retrieval_cost_est"": 6.679580328937879e-08, ""search_params"": {""ivfflat_probes"": 64}, ""task_cost_est"": 294.673853277805}",0.7164288141352361,0.609530170212719,0.6129132080966943,85.86650004144758,128.35237935651094,131.45457516424358,10.886326214679416,2.1842227675626865e-05,50.0,1.0,0,0.3867914783768356,0.5316274426877496,294.673853277805,,,,,0.7164288141352361,70.11570054199547,15,15.072905416949652,118,30,30.03768154210411,327,4.089761749957688,1.0,0.0,0.0,0.0004181787371635437,0.0026177792557670423,/Volumes/Max/AI/Project/MaxionBench/artifacts/runs/portable/b1/s1_single_hop__bge-base-en-v1-5/pgvector,run-7a2ba50c6c-r0-c1-t25-portable_s1,7a2ba50c6cf568b2678f205b024e6fad09d4c3d439c37208cd9a3c07632c9157,portable_text_qrels,ndcg_at_10,processed_text_qrels,10.0,portable-agentic,b1,BAAI/bge-base-en-v1.5,768.0,0.15,"{'avg_retrieved_input_tokens': 1964.4923547400613, 'budget_level': 'b1', 'c_llm_in': 0.15, 'embedding_cost_est': 0.0, 'embedding_dim': 768, 'embedding_model': 'BAAI/bge-base-en-v1.5', 'evidence_coverage_at_10': 0.7164288141352361, 'evidence_coverage_at_20': 0.7598538905878356, 'evidence_coverage_at_5': 0.6567156934129411, 'llm_context_cost_est': 294.6738532110092, 'primary_quality_metric': 'ndcg_at_10', 'primary_quality_value': 0.609530170212719, 'profile': 'portable-agentic', 'retrieval_cost_est': 6.679580328937879e-08, 'search_params': {'ivfflat_probes': 64}, 'task_cost_est': 294.673853277805}",portable-agentic,ndcg_at_10,0.609530170212719,,,,,,,,,,1,8.0
s1_single_hop,b1,4,pgvector,BAAI/bge-small-en-v1.5,run-eb7fb82104-r0-c4-t25-portable_s1,2026-04-26T13:29:30+00:00,0,postgres16-pgvector,D4,portable-s1-unresolved,42,0,0.25,"{""avg_retrieved_input_tokens"": 1565.89375, ""budget_level"": ""b1"", ""c_llm_in"": 0.15, ""embedding_cost_est"": 0.0, ""embedding_dim"": 384, ""embedding_model"": ""BAAI/bge-small-en-v1.5"", ""evidence_coverage_at_10"": 0.5089155505952381, ""evidence_coverage_at_20"": 0.5838126240079365, ""evidence_coverage_at_5"": 0.42470920138888885, ""llm_context_cost_est"": 234.88406249999997, ""primary_quality_metric"": ""ndcg_at_10"", ""primary_quality_value"": 0.4259549597800726, ""profile"": ""portable-agentic"", ""retrieval_cost_est"": 1.3581327888619708e-07, ""search_params"": {""ivfflat_probes"": 32}, ""task_cost_est"": 234.88406263581325}",0.5089155505952381,0.4259549597800726,0.4728069196428571,103.55570807587355,204.32328093447722,265.36633072188135,21.317959057839232,8.692049848716612e-05,50.0,0.8578125,0,0.6598125328309834,1.034429152496159,234.88406263581325,,,,,0.5089155505952381,59.868378791958094,15,15.327489708084613,280,30,30.021635667071678,640,3.90819637500681,4.0,0.0,0.0,0.00019280612468719482,0.01042294290770466,/Volumes/Max/AI/Project/MaxionBench/artifacts/runs/portable/b1/s1_single_hop__bge-small-en-v1-5/pgvector,run-eb7fb82104-r0-c1-t25-portable_s1,eb7fb821040428d0ba1c67058d3a476782eb8eef345a36742f49b7f9f47844b6,portable_text_qrels,ndcg_at_10,processed_text_qrels,10.0,portable-agentic,b1,BAAI/bge-small-en-v1.5,384.0,0.15,"{'avg_retrieved_input_tokens': 1565.89375, 'budget_level': 'b1', 'c_llm_in': 0.15, 'embedding_cost_est': 0.0, 'embedding_dim': 384, 'embedding_model': 'BAAI/bge-small-en-v1.5', 'evidence_coverage_at_10': 0.5089155505952381, 'evidence_coverage_at_20': 0.5838126240079365, 'evidence_coverage_at_5': 0.42470920138888885, 'llm_context_cost_est': 234.88406249999997, 'primary_quality_metric': 'ndcg_at_10', 'primary_quality_value': 0.4259549597800726, 'profile': 'portable-agentic', 'retrieval_cost_est': 1.3581327888619708e-07, 'search_params': {'ivfflat_probes': 32}, 'task_cost_est': 234.88406263581325}",portable-agentic,ndcg_at_10,0.4259549597800726,,,,,,,,,,1,1.0
s1_single_hop,b1,4,faiss-cpu,BAAI/bge-small-en-v1.5,run-9908215b3c-r0-c4-t25-portable_s1,2026-04-26T13:21:23+00:00,0,cpu,D4,portable-s1-unresolved,42,0,0.25,"{""avg_retrieved_input_tokens"": 1751.7281879194632, ""budget_level"": ""b1"", ""c_llm_in"": 0.15, ""embedding_cost_est"": 0.0, ""embedding_dim"": 384, ""embedding_model"": ""BAAI/bge-small-en-v1.5"", ""evidence_coverage_at_10"": 0.6007523702993501, ""evidence_coverage_at_20"": 0.6635795071197755, ""evidence_coverage_at_5"": 0.5169432015908526, ""llm_context_cost_est"": 262.75922818791946, ""primary_quality_metric"": ""ndcg_at_10"", ""primary_quality_value"": 0.5055062099023669, ""profile"": ""portable-agentic"", ""retrieval_cost_est"": 8.908901454607967e-09, ""search_params"": {""hnsw_ef"": 64}, ""task_cost_est"": 262.75922819682836}",0.6007523702993501,0.5055062099023669,0.5295093391569902,7.817146019078791,12.750248383963463,15.313670871546487,325.9977607725379,7.964557900419522e-06,50.0,0.0,0,0.024999957531690598,0.027740100631490322,262.75922819682836,,,,,0.6007523702993501,9.166651041945443,15,3.0653199169319123,894,30,2.7423501249868423,894,3.4541740419808775,4.0,0.0,0.07450580596923828,7.275957614183426e-05,0.01045541493052345,/Volumes/Max/AI/Project/MaxionBench/artifacts/runs/portable/b1/s1_single_hop__bge-small-en-v1-5/faiss_cpu,run-9908215b3c-r0-c1-t25-portable_s1,9908215b3cd4b79de104da4c4cdfffdd94fcf011de31cc08c33a84583173ba7d,portable_text_qrels,ndcg_at_10,processed_text_qrels,10.0,portable-agentic,b1,BAAI/bge-small-en-v1.5,384.0,0.15,"{'avg_retrieved_input_tokens': 1751.7281879194632, 'budget_level': 'b1', 'c_llm_in': 0.15, 'embedding_cost_est': 0.0, 'embedding_dim': 384, 'embedding_model': 'BAAI/bge-small-en-v1.5', 'evidence_coverage_at_10': 0.6007523702993501, 'evidence_coverage_at_20': 0.6635795071197755, 'evidence_coverage_at_5': 0.5169432015908526, 'llm_context_cost_est': 262.75922818791946, 'primary_quality_metric': 'ndcg_at_10', 'primary_quality_value': 0.5055062099023669, 'profile': 'portable-agentic', 'retrieval_cost_est': 8.908901454607967e-09, 'search_params': {'hnsw_ef': 64}, 'task_cost_est': 262.75922819682836}",portable-agentic,ndcg_at_10,0.5055062099023669,,,,,,,,,,1,2.0
s1_single_hop,b1,4,lancedb-inproc,BAAI/bge-small-en-v1.5,run-6d9cff9c7e-r0-c4-t25-portable_s1,2026-04-26T13:24:15+00:00,0,local,D4,portable-s1-unresolved,42,0,0.25,"{""avg_retrieved_input_tokens"": 1751.7281879194632, ""budget_level"": ""b1"", ""c_llm_in"": 0.15, ""embedding_cost_est"": 0.0, ""embedding_dim"": 384, ""embedding_model"": ""BAAI/bge-small-en-v1.5"", ""evidence_coverage_at_10"": 0.6007523702993502, ""evidence_coverage_at_20"": 0.6635795071197756, ""evidence_coverage_at_5"": 0.5169432015908526, ""llm_context_cost_est"": 262.75922818791946, ""primary_quality_metric"": ""ndcg_at_10"", ""primary_quality_value"": 0.5055062099023669, ""profile"": ""portable-agentic"", ""retrieval_cost_est"": 5.355986477055628e-08, ""search_params"": {""hnsw_ef"": 32}, ""task_cost_est"": 262.7592282414793}",0.6007523702993502,0.5055062099023669,0.5295093391569902,65.57156244525686,82.20422264421356,90.94178635277775,54.22374696722913,4.7882519104877315e-05,50.0,0.9183445190156599,0,0.00024994369596242905,0.0002919696271419525,262.7592282414793,,,,,0.6007523702993502,35.54505616601091,15,15.06640941707883,860,30,16.487241291906685,894,3.953707707929425,4.0,0.0,0.07152557373046875,0.00011023363549611531,0.010455179597703552,/Volumes/Max/AI/Project/MaxionBench/artifacts/runs/portable/b1/s1_single_hop__bge-small-en-v1-5/lancedb_inproc,run-6d9cff9c7e-r0-c1-t25-portable_s1,6d9cff9c7e7ff84c6cfdaf85efcd19156da9cad814709fc015499b83ec5db271,portable_text_qrels,ndcg_at_10,processed_text_qrels,10.0,portable-agentic,b1,BAAI/bge-small-en-v1.5,384.0,0.15,"{'avg_retrieved_input_tokens': 1751.7281879194632, 'budget_level': 'b1', 'c_llm_in': 0.15, 'embedding_cost_est': 0.0, 'embedding_dim': 384, 'embedding_model': 'BAAI/bge-small-en-v1.5', 'evidence_coverage_at_10': 0.6007523702993502, 'evidence_coverage_at_20': 0.6635795071197756, 'evidence_coverage_at_5': 0.5169432015908526, 'llm_context_cost_est': 262.75922818791946, 'primary_quality_metric': 'ndcg_at_10', 'primary_quality_value': 0.5055062099023669, 'profile': 'portable-agentic', 'retrieval_cost_est': 5.355986477055628e-08, 'search_params': {'hnsw_ef': 32}, 'task_cost_est': 262.7592282414793}",portable-agentic,ndcg_at_10,0.5055062099023669,,,,,,,,,,1,3.0
s1_single_hop,b1,4,qdrant,BAAI/bge-small-en-v1.5,run-68b5a4ad36-r0-c4-t25-portable_s1,2026-04-26T13:34:05+00:00,0,server,D4,portable-s1-unresolved,42,0,0.25,"{""avg_retrieved_input_tokens"": 1756.837807606264, ""budget_level"": ""b1"", ""c_llm_in"": 0.15, ""embedding_cost_est"": 0.0, ""embedding_dim"": 384, ""embedding_model"": ""BAAI/bge-small-en-v1.5"", ""evidence_coverage_at_10"": 0.5915055395760095, ""evidence_coverage_at_20"": 0.6519588260360071, ""evidence_coverage_at_5"": 0.5096725080785484, ""llm_context_cost_est"": 263.5256711409396, ""primary_quality_metric"": ""ndcg_at_10"", ""primary_quality_value"": 0.4986131821685211, ""profile"": ""portable-agentic"", ""retrieval_cost_est"": 5.063327002434395e-09, ""search_params"": {""hnsw_ef"": 32}, ""task_cost_est"": 263.52567114600294}",0.5915055395760095,0.4986131821685211,0.5236892333368843,5.726000003051013,6.890843773726373,7.25264600245282,571.4658597256991,4.526614340176349e-06,50.0,0.0,0,4.798896028660238,7.63661666540429,263.52567114600294,,,,,0.5915055395760095,34.74992191698402,15,2.6759161660447717,894,30,1.5643979159649462,894,4.029629333992489,4.0,0.0,0.0,0.0,0.010416666666666666,/Volumes/Max/AI/Project/MaxionBench/artifacts/runs/portable/b1/s1_single_hop__bge-small-en-v1-5/qdrant,run-68b5a4ad36-r0-c1-t25-portable_s1,68b5a4ad36ab6116d485b631f4bd460aa4ebbcdb470366ee5f0492110e7e133b,portable_text_qrels,ndcg_at_10,processed_text_qrels,10.0,portable-agentic,b1,BAAI/bge-small-en-v1.5,384.0,0.15,"{'avg_retrieved_input_tokens': 1756.837807606264, 'budget_level': 'b1', 'c_llm_in': 0.15, 'embedding_cost_est': 0.0, 'embedding_dim': 384, 'embedding_model': 'BAAI/bge-small-en-v1.5', 'evidence_coverage_at_10': 0.5915055395760095, 'evidence_coverage_at_20': 0.6519588260360071, 'evidence_coverage_at_5': 0.5096725080785484, 'llm_context_cost_est': 263.5256711409396, 'primary_quality_metric': 'ndcg_at_10', 'primary_quality_value': 0.4986131821685211, 'profile': 'portable-agentic', 'retrieval_cost_est': 5.063327002434395e-09, 'search_params': {'hnsw_ef': 32}, 'task_cost_est': 263.52567114600294}",portable-agentic,ndcg_at_10,0.4986131821685211,,,,,,,,,,1,4.0
s1_single_hop,b1,4,faiss-cpu,BAAI/bge-base-en-v1.5,run-2d2c684d14-r0-c4-t25-portable_s1,2026-04-26T13:01:59+00:00,0,cpu,D4,portable-s1-unresolved,42,0,0.25,"{""avg_retrieved_input_tokens"": 1883.7371364653243, ""budget_level"": ""b1"", ""c_llm_in"": 0.15, ""embedding_cost_est"": 0.0, ""embedding_dim"": 768, ""embedding_model"": ""BAAI/bge-base-en-v1.5"", ""evidence_coverage_at_10"": 0.6235764887610525, ""evidence_coverage_at_20"": 0.6932584070167963, ""evidence_coverage_at_5"": 0.5599845531053584, ""llm_context_cost_est"": 282.5605704697986, ""primary_quality_metric"": ""ndcg_at_10"", ""primary_quality_value"": 0.5268284656504536, ""profile"": ""portable-agentic"", ""retrieval_cost_est"": 1.1442495680331723e-08, ""search_params"": {""hnsw_ef"": 32}, ""task_cost_est"": 282.56057048124114}",0.6235764887610525,0.5268284656504536,0.5555546678029899,9.555083466693759,16.55552902375348,16.75968285650015,254.71845276875084,1.0229591138216561e-05,50.0,0.0,0,0.022541964426636696,0.023334266152232885,282.56057048124114,,,,,0.6235764887610525,10.189141541952267,15,3.7210477920016274,894,30,3.5097575000254437,894,3.757694249972701,4.0,0.0,0.14603137969970703,0.00014260876923799515,0.010492613263825962,/Volumes/Max/AI/Project/MaxionBench/artifacts/runs/portable/b1/s1_single_hop__bge-base-en-v1-5/faiss_cpu,run-2d2c684d14-r0-c1-t25-portable_s1,2d2c684d14b3170647e7807149e1fb5741493d6c68f3add12fcb55ad0e9d3e1b,portable_text_qrels,ndcg_at_10,processed_text_qrels,10.0,portable-agentic,b1,BAAI/bge-base-en-v1.5,768.0,0.15,"{'avg_retrieved_input_tokens': 1883.7371364653243, 'budget_level': 'b1', 'c_llm_in': 0.15, 'embedding_cost_est': 0.0, 'embedding_dim': 768, 'embedding_model': 'BAAI/bge-base-en-v1.5', 'evidence_coverage_at_10': 0.6235764887610525, 'evidence_coverage_at_20': 0.6932584070167963, 'evidence_coverage_at_5': 0.5599845531053584, 'llm_context_cost_est': 282.5605704697986, 'primary_quality_metric': 'ndcg_at_10', 'primary_quality_value': 0.5268284656504536, 'profile': 'portable-agentic', 'retrieval_cost_est': 1.1442495680331723e-08, 'search_params': {'hnsw_ef': 32}, 'task_cost_est': 282.56057048124114}",portable-agentic,ndcg_at_10,0.5268284656504536,,,,,,,,,,1,5.0
s1_single_hop,b1,4,lancedb-inproc,BAAI/bge-base-en-v1.5,run-8aaaabb9a3-r0-c4-t25-portable_s1,2026-04-26T13:05:29+00:00,0,local,D4,portable-s1-unresolved,42,0,0.25,"{""avg_retrieved_input_tokens"": 1883.7371364653243, ""budget_level"": ""b1"", ""c_llm_in"": 0.15, ""embedding_cost_est"": 0.0, ""embedding_dim"": 768, ""embedding_model"": ""BAAI/bge-base-en-v1.5"", ""evidence_coverage_at_10"": 0.6235764887610525, ""evidence_coverage_at_20"": 0.6932584070167963, ""evidence_coverage_at_5"": 0.5599845531053584, ""llm_context_cost_est"": 282.5605704697986, ""primary_quality_metric"": ""ndcg_at_10"", ""primary_quality_value"": 0.5268284656504537, ""profile"": ""portable-agentic"", ""retrieval_cost_est"": 8.408045955056056e-08, ""search_params"": {""hnsw_ef"": 64}, ""task_cost_est"": 282.5605705538791}",0.6235764887610525,0.5268284656504537,0.5555546678029899,106.14968748996034,122.87759141763672,130.30019540223282,34.66381418672743,7.516793083820114e-05,50.0,0.9988814317673378,0,0.0002909218892455101,0.00033294782042503357,282.5605705538791,,,,,0.6235764887610525,46.77260720904451,15,15.02179695898667,496,30,25.7905836669961,894,3.87419737491291,4.0,0.0,0.1430511474609375,0.00018008297411142848,0.010492377935743017,/Volumes/Max/AI/Project/MaxionBench/artifacts/runs/portable/b1/s1_single_hop__bge-base-en-v1-5/lancedb_inproc,run-8aaaabb9a3-r0-c1-t25-portable_s1,8aaaabb9a356ce2f07d242e3899b814f965e4cce36bea87034fe3e5cd963ac89,portable_text_qrels,ndcg_at_10,processed_text_qrels,10.0,portable-agentic,b1,BAAI/bge-base-en-v1.5,768.0,0.15,"{'avg_retrieved_input_tokens': 1883.7371364653243, 'budget_level': 'b1', 'c_llm_in': 0.15, 'embedding_cost_est': 0.0, 'embedding_dim': 768, 'embedding_model': 'BAAI/bge-base-en-v1.5', 'evidence_coverage_at_10': 0.6235764887610525, 'evidence_coverage_at_20': 0.6932584070167963, 'evidence_coverage_at_5': 0.5599845531053584, 'llm_context_cost_est': 282.5605704697986, 'primary_quality_metric': 'ndcg_at_10', 'primary_quality_value': 0.5268284656504537, 'profile': 'portable-agentic', 'retrieval_cost_est': 8.408045955056056e-08, 'search_params': {'hnsw_ef': 64}, 'task_cost_est': 282.5605705538791}",portable-agentic,ndcg_at_10,0.5268284656504537,,,,,,,,,,1,6.0
s1_single_hop,b1,4,qdrant,BAAI/bge-base-en-v1.5,run-b503a7b322-r0-c4-t25-portable_s1,2026-04-26T13:18:49+00:00,0,server,D4,portable-s1-unresolved,42,0,0.25,"{""avg_retrieved_input_tokens"": 1886.6465324384787, ""budget_level"": ""b1"", ""c_llm_in"": 0.15, ""embedding_cost_est"": 0.0, ""embedding_dim"": 768, ""embedding_model"": ""BAAI/bge-base-en-v1.5"", ""evidence_coverage_at_10"": 0.6213393522957281, ""evidence_coverage_at_20"": 0.6913009126096374, ""evidence_coverage_at_5"": 0.5594252689890273, ""llm_context_cost_est"": 282.9969798657718, ""primary_quality_metric"": ""ndcg_at_10"", ""primary_quality_value"": 0.5252833073953241, ""profile"": ""portable-agentic"", ""retrieval_cost_est"": 5.7713520791660176e-09, ""search_params"": {""hnsw_ef"": 64}, ""task_cost_est"": 282.99697987154315}",0.6213393522957281,0.5252833073953241,0.5545000177550512,6.744833022821695,8.02724584355019,8.36369534372352,501.35886336995793,5.15958875877442e-06,50.0,0.0,0,4.709854489192367,7.661956237861887,282.99697987154315,,,,,0.6213393522957281,83.2239235000452,15,1.9108682910446078,894,30,1.7831538750324398,894,4.040688624954782,4.0,0.0,0.0,0.0,0.010416666666666666,/Volumes/Max/AI/Project/MaxionBench/artifacts/runs/portable/b1/s1_single_hop__bge-base-en-v1-5/qdrant,run-b503a7b322-r0-c1-t25-portable_s1,b503a7b3221547c8b280481cf5d752d28ed91a62b4316b9c3fb7545ec8f672ad,portable_text_qrels,ndcg_at_10,processed_text_qrels,10.0,portable-agentic,b1,BAAI/bge-base-en-v1.5,768.0,0.15,"{'avg_retrieved_input_tokens': 1886.6465324384787, 'budget_level': 'b1', 'c_llm_in': 0.15, 'embedding_cost_est': 0.0, 'embedding_dim': 768, 'embedding_model': 'BAAI/bge-base-en-v1.5', 'evidence_coverage_at_10': 0.6213393522957281, 'evidence_coverage_at_20': 0.6913009126096374, 'evidence_coverage_at_5': 0.5594252689890273, 'llm_context_cost_est': 282.9969798657718, 'primary_quality_metric': 'ndcg_at_10', 'primary_quality_value': 0.5252833073953241, 'profile': 'portable-agentic', 'retrieval_cost_est': 5.7713520791660176e-09, 'search_params': {'hnsw_ef': 64}, 'task_cost_est': 282.99697987154315}",portable-agentic,ndcg_at_10,0.5252833073953241,,,,,,,,,,1,7.0
s1_single_hop,b1,4,pgvector,BAAI/bge-base-en-v1.5,run-7a2ba50c6c-r0-c4-t25-portable_s1,2026-04-26T13:11:57+00:00,0,postgres16-pgvector,D4,portable-s1-unresolved,42,0,0.25,"{""avg_retrieved_input_tokens"": 1893.9199029126214, ""budget_level"": ""b1"", ""c_llm_in"": 0.15, ""embedding_cost_est"": 0.0, ""embedding_dim"": 768, ""embedding_model"": ""BAAI/bge-base-en-v1.5"", ""evidence_coverage_at_10"": 0.6349880567113577, ""evidence_coverage_at_20"": 0.695798659269533, ""evidence_coverage_at_5"": 0.5722761596548004, ""llm_context_cost_est"": 284.0879854368932, ""primary_quality_metric"": ""ndcg_at_10"", ""primary_quality_value"": 0.5409563971838087, ""profile"": ""portable-agentic"", ""retrieval_cost_est"": 2.113173523472149e-07, ""search_params"": {""ivfflat_probes"": 64}, ""task_cost_est"": 284.0879856482105}",0.6349880567113577,0.5409563971838087,0.5633967098166127,204.7239585663192,289.0263001783751,336.4783963991794,13.710655357295087,8.706274916705253e-05,50.0,1.0,0,0.6146039813756943,0.8793016069103032,284.0879856482105,,,,,0.6349880567113577,68.91576008300763,15,15.026656250003725,148,30,30.04962120798882,412,4.089761749957688,4.0,0.0,0.0,0.00041813403367996216,0.010430277800575519,/Volumes/Max/AI/Project/MaxionBench/artifacts/runs/portable/b1/s1_single_hop__bge-base-en-v1-5/pgvector,run-7a2ba50c6c-r0-c1-t25-portable_s1,7a2ba50c6cf568b2678f205b024e6fad09d4c3d439c37208cd9a3c07632c9157,portable_text_qrels,ndcg_at_10,processed_text_qrels,10.0,portable-agentic,b1,BAAI/bge-base-en-v1.5,768.0,0.15,"{'avg_retrieved_input_tokens': 1893.9199029126214, 'budget_level': 'b1', 'c_llm_in': 0.15, 'embedding_cost_est': 0.0, 'embedding_dim': 768, 'embedding_model': 'BAAI/bge-base-en-v1.5', 'evidence_coverage_at_10': 0.6349880567113577, 'evidence_coverage_at_20': 0.695798659269533, 'evidence_coverage_at_5': 0.5722761596548004, 'llm_context_cost_est': 284.0879854368932, 'primary_quality_metric': 'ndcg_at_10', 'primary_quality_value': 0.5409563971838087, 'profile': 'portable-agentic', 'retrieval_cost_est': 2.113173523472149e-07, 'search_params': {'ivfflat_probes': 64}, 'task_cost_est': 284.0879856482105}",portable-agentic,ndcg_at_10,0.5409563971838087,,,,,,,,,,1,8.0
s1_single_hop,b1,8,pgvector,BAAI/bge-small-en-v1.5,run-eb7fb82104-r0-c8-t25-portable_s1,2026-04-26T13:31:31+00:00,0,postgres16-pgvector,D4,portable-s1-unresolved,42,0,0.25,"{""avg_retrieved_input_tokens"": 1586.8246951219512, ""budget_level"": ""b1"", ""c_llm_in"": 0.15, ""embedding_cost_est"": 0.0, ""embedding_dim"": 384, ""embedding_model"": ""BAAI/bge-small-en-v1.5"", ""evidence_coverage_at_10"": 0.5205883420441347, ""evidence_coverage_at_20"": 0.593963535617499, ""evidence_coverage_at_5"": 0.43500592818428174, ""llm_context_cost_est"": 238.02370426829268, ""primary_quality_metric"": ""ndcg_at_10"", ""primary_quality_value"": 0.43675284454967894, ""profile"": ""portable-agentic"", ""retrieval_cost_est"": 2.6584208832855567e-07, ""search_params"": {""ivfflat_probes"": 32}, ""task_cost_est"": 238.02370453413477}",0.5205883420441347,0.43675284454967894,0.4819087543554007,196.7925830394961,390.79583273269236,460.88341881986725,21.775257643105554,0.0001743924099435325,50.0,0.926829268292683,0,0.6342289852909744,0.9563230734784156,238.02370453413477,,,,,0.5205883420441347,60.256927124923095,15,15.229659541975707,288,30,30.125935166957788,656,3.90819637500681,8.0,0.0,0.0,0.00019275397062301636,0.020839607876647882,/Volumes/Max/AI/Project/MaxionBench/artifacts/runs/portable/b1/s1_single_hop__bge-small-en-v1-5/pgvector,run-eb7fb82104-r0-c1-t25-portable_s1,eb7fb821040428d0ba1c67058d3a476782eb8eef345a36742f49b7f9f47844b6,portable_text_qrels,ndcg_at_10,processed_text_qrels,10.0,portable-agentic,b1,BAAI/bge-small-en-v1.5,384.0,0.15,"{'avg_retrieved_input_tokens': 1586.8246951219512, 'budget_level': 'b1', 'c_llm_in': 0.15, 'embedding_cost_est': 0.0, 'embedding_dim': 384, 'embedding_model': 'BAAI/bge-small-en-v1.5', 'evidence_coverage_at_10': 0.5205883420441347, 'evidence_coverage_at_20': 0.593963535617499, 'evidence_coverage_at_5': 0.43500592818428174, 'llm_context_cost_est': 238.02370426829268, 'primary_quality_metric': 'ndcg_at_10', 'primary_quality_value': 0.43675284454967894, 'profile': 'portable-agentic', 'retrieval_cost_est': 2.6584208832855567e-07, 'search_params': {'ivfflat_probes': 32}, 'task_cost_est': 238.02370453413477}",portable-agentic,ndcg_at_10,0.43675284454967894,,,,,,,,,,1,1.0
s1_single_hop,b1,8,faiss-cpu,BAAI/bge-small-en-v1.5,run-9908215b3c-r0-c8-t25-portable_s1,2026-04-26T13:21:40+00:00,0,cpu,D4,portable-s1-unresolved,42,0,0.25,"{""avg_retrieved_input_tokens"": 1751.7281879194632, ""budget_level"": ""b1"", ""c_llm_in"": 0.15, ""embedding_cost_est"": 0.0, ""embedding_dim"": 384, ""embedding_model"": ""BAAI/bge-small-en-v1.5"", ""evidence_coverage_at_10"": 0.6007523702993501, ""evidence_coverage_at_20"": 0.6635795071197755, ""evidence_coverage_at_5"": 0.5169432015908526, ""llm_context_cost_est"": 262.75922818791946, ""primary_quality_metric"": ""ndcg_at_10"", ""primary_quality_value"": 0.5055062099023669, ""profile"": ""portable-agentic"", ""retrieval_cost_est"": 1.6708966611473955e-08, ""search_params"": {""hnsw_ef"": 64}, ""task_cost_est"": 262.7592282046284}",0.6007523702993501,0.5055062099023669,0.5295093391569902,12.700040941126645,23.310912057058882,26.02854023221877,346.9873738141654,1.4937816150657717e-05,50.0,0.0,0,0.01808302477002144,0.01850002445280552,262.7592282046284,,,,,0.6007523702993501,8.414907708996907,15,2.904917666921392,894,30,2.5764626250602305,894,3.4541740419808775,8.0,0.0,0.07450580596923828,7.275957614183426e-05,0.020872081597190117,/Volumes/Max/AI/Project/MaxionBench/artifacts/runs/portable/b1/s1_single_hop__bge-small-en-v1-5/faiss_cpu,run-9908215b3c-r0-c1-t25-portable_s1,9908215b3cd4b79de104da4c4cdfffdd94fcf011de31cc08c33a84583173ba7d,portable_text_qrels,ndcg_at_10,processed_text_qrels,10.0,portable-agentic,b1,BAAI/bge-small-en-v1.5,384.0,0.15,"{'avg_retrieved_input_tokens': 1751.7281879194632, 'budget_level': 'b1', 'c_llm_in': 0.15, 'embedding_cost_est': 0.0, 'embedding_dim': 384, 'embedding_model': 'BAAI/bge-small-en-v1.5', 'evidence_coverage_at_10': 0.6007523702993501, 'evidence_coverage_at_20': 0.6635795071197755, 'evidence_coverage_at_5': 0.5169432015908526, 'llm_context_cost_est': 262.75922818791946, 'primary_quality_metric': 'ndcg_at_10', 'primary_quality_value': 0.5055062099023669, 'profile': 'portable-agentic', 'retrieval_cost_est': 1.6708966611473955e-08, 'search_params': {'hnsw_ef': 64}, 'task_cost_est': 262.7592282046284}",portable-agentic,ndcg_at_10,0.5055062099023669,,,,,,,,,,1,2.0
s1_single_hop,b1,8,lancedb-inproc,BAAI/bge-small-en-v1.5,run-6d9cff9c7e-r0-c8-t25-portable_s1,2026-04-26T13:25:25+00:00,0,local,D4,portable-s1-unresolved,42,0,0.25,"{""avg_retrieved_input_tokens"": 1751.7281879194632, ""budget_level"": ""b1"", ""c_llm_in"": 0.15, ""embedding_cost_est"": 0.0, ""embedding_dim"": 384, ""embedding_model"": ""BAAI/bge-small-en-v1.5"", ""evidence_coverage_at_10"": 0.6007523702993502, ""evidence_coverage_at_20"": 0.6635795071197755, ""evidence_coverage_at_5"": 0.5169432015908526, ""llm_context_cost_est"": 262.75922818791946, ""primary_quality_metric"": ""ndcg_at_10"", ""primary_quality_value"": 0.5055062099023669, ""profile"": ""portable-agentic"", ""retrieval_cost_est"": 1.0413559455421526e-07, ""search_params"": {""hnsw_ef"": 32}, ""task_cost_est"": 262.75922829205507}",0.6007523702993502,0.5055062099023669,0.5295093391569902,132.16300000203773,159.40552950487472,175.9639386681374,55.67486408710851,9.309722153146844e-05,50.0,1.0,0,0.00033294782042503357,0.00037497375160455704,262.75922829205507,,,,,0.6007523702993502,34.95919591700658,15,15.028577249962837,808,30,16.05751562502701,894,3.953707707929425,8.0,0.0,0.07152557373046875,0.00011023363549611531,0.02087184626437022,/Volumes/Max/AI/Project/MaxionBench/artifacts/runs/portable/b1/s1_single_hop__bge-small-en-v1-5/lancedb_inproc,run-6d9cff9c7e-r0-c1-t25-portable_s1,6d9cff9c7e7ff84c6cfdaf85efcd19156da9cad814709fc015499b83ec5db271,portable_text_qrels,ndcg_at_10,processed_text_qrels,10.0,portable-agentic,b1,BAAI/bge-small-en-v1.5,384.0,0.15,"{'avg_retrieved_input_tokens': 1751.7281879194632, 'budget_level': 'b1', 'c_llm_in': 0.15, 'embedding_cost_est': 0.0, 'embedding_dim': 384, 'embedding_model': 'BAAI/bge-small-en-v1.5', 'evidence_coverage_at_10': 0.6007523702993502, 'evidence_coverage_at_20': 0.6635795071197755, 'evidence_coverage_at_5': 0.5169432015908526, 'llm_context_cost_est': 262.75922818791946, 'primary_quality_metric': 'ndcg_at_10', 'primary_quality_value': 0.5055062099023669, 'profile': 'portable-agentic', 'retrieval_cost_est': 1.0413559455421526e-07, 'search_params': {'hnsw_ef': 32}, 'task_cost_est': 262.75922829205507}",portable-agentic,ndcg_at_10,0.5055062099023669,,,,,,,,,,1,3.0
s1_single_hop,b1,8,qdrant,BAAI/bge-small-en-v1.5,run-68b5a4ad36-r0-c8-t25-portable_s1,2026-04-26T13:35:35+00:00,0,server,D4,portable-s1-unresolved,42,0,0.25,"{""avg_retrieved_input_tokens"": 1755.4519015659955, ""budget_level"": ""b1"", ""c_llm_in"": 0.15, ""embedding_cost_est"": 0.0, ""embedding_dim"": 384, ""embedding_model"": ""BAAI/bge-small-en-v1.5"", ""evidence_coverage_at_10"": 0.600137157771386, ""evidence_coverage_at_20"": 0.6617152267320052, ""evidence_coverage_at_5"": 0.5166635595326871, ""llm_context_cost_est"": 263.3177852348993, ""primary_quality_metric"": ""ndcg_at_10"", ""primary_quality_value"": 0.5048028082777821, ""profile"": ""portable-agentic"", ""retrieval_cost_est"": 1.0226507095848023e-08, ""search_params"": {""hnsw_ef"": 64}, ""task_cost_est"": 263.31778524512583}",0.600137157771386,0.5048028082777821,0.5284404850680019,10.50208299420774,14.060105790849775,15.284158759750424,565.8859846082327,9.142497343688132e-06,50.0,0.0,0,4.6265419805422425,9.217207628535107,263.31778524512583,,,,,0.600137157771386,45.62999329098966,15,3.1559569999808446,894,30,1.5798235409893095,894,4.029629333992489,8.0,0.0,0.0,0.0,0.020833333333333332,/Volumes/Max/AI/Project/MaxionBench/artifacts/runs/portable/b1/s1_single_hop__bge-small-en-v1-5/qdrant,run-68b5a4ad36-r0-c1-t25-portable_s1,68b5a4ad36ab6116d485b631f4bd460aa4ebbcdb470366ee5f0492110e7e133b,portable_text_qrels,ndcg_at_10,processed_text_qrels,10.0,portable-agentic,b1,BAAI/bge-small-en-v1.5,384.0,0.15,"{'avg_retrieved_input_tokens': 1755.4519015659955, 'budget_level': 'b1', 'c_llm_in': 0.15, 'embedding_cost_est': 0.0, 'embedding_dim': 384, 'embedding_model': 'BAAI/bge-small-en-v1.5', 'evidence_coverage_at_10': 0.600137157771386, 'evidence_coverage_at_20': 0.6617152267320052, 'evidence_coverage_at_5': 0.5166635595326871, 'llm_context_cost_est': 263.3177852348993, 'primary_quality_metric': 'ndcg_at_10', 'primary_quality_value': 0.5048028082777821, 'profile': 'portable-agentic', 'retrieval_cost_est': 1.0226507095848023e-08, 'search_params': {'hnsw_ef': 64}, 'task_cost_est': 263.31778524512583}",portable-agentic,ndcg_at_10,0.5048028082777821,,,,,,,,,,1,4.0
s1_single_hop,b1,8,pgvector,BAAI/bge-base-en-v1.5,run-7a2ba50c6c-r0-c8-t25-portable_s1,2026-04-26T13:14:16+00:00,0,postgres16-pgvector,D4,portable-s1-unresolved,42,0,0.25,"{""avg_retrieved_input_tokens"": 1850.715, ""budget_level"": ""b1"", ""c_llm_in"": 0.15, ""embedding_cost_est"": 0.0, ""embedding_dim"": 768, ""embedding_model"": ""BAAI/bge-base-en-v1.5"", ""evidence_coverage_at_10"": 0.5880376984126984, ""evidence_coverage_at_20"": 0.6490059523809524, ""evidence_coverage_at_5"": 0.5246944444444445, ""llm_context_cost_est"": 277.60724999999996, ""primary_quality_metric"": ""ndcg_at_10"", ""primary_quality_value"": 0.5050239348458002, ""profile"": ""portable-agentic"", ""retrieval_cost_est"": 4.3476995088228566e-07, ""search_params"": {""ivfflat_probes"": 32}, ""task_cost_est"": 277.6072504347699}",0.5880376984126984,0.5050239348458002,0.547858134920635,347.53356251167133,589.6891395794225,686.4283255394547,13.319268795936555,0.00017390798035291427,50.0,1.0,0,0.6411244976334274,0.8198116184212267,277.6072504347699,,,,,0.5880376984126984,69.8558695409447,15,15.19230074994266,200,30,30.031678625033237,400,4.089761749957688,8.0,0.0,0.0,0.00041812658309936523,0.020846944224710263,/Volumes/Max/AI/Project/MaxionBench/artifacts/runs/portable/b1/s1_single_hop__bge-base-en-v1-5/pgvector,run-7a2ba50c6c-r0-c1-t25-portable_s1,7a2ba50c6cf568b2678f205b024e6fad09d4c3d439c37208cd9a3c07632c9157,portable_text_qrels,ndcg_at_10,processed_text_qrels,10.0,portable-agentic,b1,BAAI/bge-base-en-v1.5,768.0,0.15,"{'avg_retrieved_input_tokens': 1850.715, 'budget_level': 'b1', 'c_llm_in': 0.15, 'embedding_cost_est': 0.0, 'embedding_dim': 768, 'embedding_model': 'BAAI/bge-base-en-v1.5', 'evidence_coverage_at_10': 0.5880376984126984, 'evidence_coverage_at_20': 0.6490059523809524, 'evidence_coverage_at_5': 0.5246944444444445, 'llm_context_cost_est': 277.60724999999996, 'primary_quality_metric': 'ndcg_at_10', 'primary_quality_value': 0.5050239348458002, 'profile': 'portable-agentic', 'retrieval_cost_est': 4.3476995088228566e-07, 'search_params': {'ivfflat_probes': 32}, 'task_cost_est': 277.6072504347699}",portable-agentic,ndcg_at_10,0.5050239348458002,,,,,,,,,,1,5.0
s1_single_hop,b1,8,faiss-cpu,BAAI/bge-base-en-v1.5,run-2d2c684d14-r0-c8-t25-portable_s1,2026-04-26T13:02:21+00:00,0,cpu,D4,portable-s1-unresolved,42,0,0.25,"{""avg_retrieved_input_tokens"": 1883.7371364653243, ""budget_level"": ""b1"", ""c_llm_in"": 0.15, ""embedding_cost_est"": 0.0, ""embedding_dim"": 768, ""embedding_model"": ""BAAI/bge-base-en-v1.5"", ""evidence_coverage_at_10"": 0.6235764887610525, ""evidence_coverage_at_20"": 0.6932584070167963, ""evidence_coverage_at_5"": 0.5599845531053584, ""llm_context_cost_est"": 282.5605704697986, ""primary_quality_metric"": ""ndcg_at_10"", ""primary_quality_value"": 0.5268284656504536, ""profile"": ""portable-agentic"", ""retrieval_cost_est"": 2.2765827167649494e-08, ""search_params"": {""hnsw_ef"": 64}, ""task_cost_est"": 282.56057049256447}",0.6235764887610525,0.5268284656504536,0.5555546678029899,18.39181245304644,30.732117040315643,33.56571970623918,255.12507282314593,2.0352649487878648e-05,50.0,0.0,0,0.024499953724443913,0.024625402875244617,282.56057049256447,,,,,0.6235764887610525,11.070520957931876,15,4.402356625068933,894,30,3.504163624951616,894,3.757694249972701,8.0,0.0,0.14603137969970703,0.00014260876923799515,0.02090927993049263,/Volumes/Max/AI/Project/MaxionBench/artifacts/runs/portable/b1/s1_single_hop__bge-base-en-v1-5/faiss_cpu,run-2d2c684d14-r0-c1-t25-portable_s1,2d2c684d14b3170647e7807149e1fb5741493d6c68f3add12fcb55ad0e9d3e1b,portable_text_qrels,ndcg_at_10,processed_text_qrels,10.0,portable-agentic,b1,BAAI/bge-base-en-v1.5,768.0,0.15,"{'avg_retrieved_input_tokens': 1883.7371364653243, 'budget_level': 'b1', 'c_llm_in': 0.15, 'embedding_cost_est': 0.0, 'embedding_dim': 768, 'embedding_model': 'BAAI/bge-base-en-v1.5', 'evidence_coverage_at_10': 0.6235764887610525, 'evidence_coverage_at_20': 0.6932584070167963, 'evidence_coverage_at_5': 0.5599845531053584, 'llm_context_cost_est': 282.5605704697986, 'primary_quality_metric': 'ndcg_at_10', 'primary_quality_value': 0.5268284656504536, 'profile': 'portable-agentic', 'retrieval_cost_est': 2.2765827167649494e-08, 'search_params': {'hnsw_ef': 64}, 'task_cost_est': 282.56057049256447}",portable-agentic,ndcg_at_10,0.5268284656504536,,,,,,,,,,1,6.0
s1_single_hop,b1,8,qdrant,BAAI/bge-base-en-v1.5,run-b503a7b322-r0-c8-t25-portable_s1,2026-04-26T13:20:46+00:00,0,server,D4,portable-s1-unresolved,42,0,0.25,"{""avg_retrieved_input_tokens"": 1887.1633109619686, ""budget_level"": ""b1"", ""c_llm_in"": 0.15, ""embedding_cost_est"": 0.0, ""embedding_dim"": 768, ""embedding_model"": ""BAAI/bge-base-en-v1.5"", ""evidence_coverage_at_10"": 0.6095167075032847, ""evidence_coverage_at_20"": 0.6756564930222648, ""evidence_coverage_at_5"": 0.5505388658073221, ""llm_context_cost_est"": 283.07449664429527, ""primary_quality_metric"": ""ndcg_at_10"", ""primary_quality_value"": 0.5161880928117515, ""profile"": ""portable-agentic"", ""retrieval_cost_est"": 1.1567382136175931e-08, ""search_params"": {""hnsw_ef"": 32}, ""task_cost_est"": 283.0744966558627}",0.6095167075032847,0.5161880928117515,0.5461138631440644,11.727479461114854,15.688131243223324,16.37756237876601,500.28925896193977,1.0341239629741283e-05,50.0,0.0,0,4.777604481205344,7.433337194379419,283.0744966558627,,,,,0.6095167075032847,56.30083383305464,15,1.9044490420492366,894,30,1.7869662080192938,894,4.040688624954782,8.0,0.0,0.0,0.0,0.020833333333333332,/Volumes/Max/AI/Project/MaxionBench/artifacts/runs/portable/b1/s1_single_hop__bge-base-en-v1-5/qdrant,run-b503a7b322-r0-c1-t25-portable_s1,b503a7b3221547c8b280481cf5d752d28ed91a62b4316b9c3fb7545ec8f672ad,portable_text_qrels,ndcg_at_10,processed_text_qrels,10.0,portable-agentic,b1,BAAI/bge-base-en-v1.5,768.0,0.15,"{'avg_retrieved_input_tokens': 1887.1633109619686, 'budget_level': 'b1', 'c_llm_in': 0.15, 'embedding_cost_est': 0.0, 'embedding_dim': 768, 'embedding_model': 'BAAI/bge-base-en-v1.5', 'evidence_coverage_at_10': 0.6095167075032847, 'evidence_coverage_at_20': 0.6756564930222648, 'evidence_coverage_at_5': 0.5505388658073221, 'llm_context_cost_est': 283.07449664429527, 'primary_quality_metric': 'ndcg_at_10', 'primary_quality_value': 0.5161880928117515, 'profile': 'portable-agentic', 'retrieval_cost_est': 1.1567382136175931e-08, 'search_params': {'hnsw_ef': 32}, 'task_cost_est': 283.0744966558627}",portable-agentic,ndcg_at_10,0.5161880928117515,,,,,,,,,,1,7.0
s1_single_hop,b1,8,lancedb-inproc,BAAI/bge-base-en-v1.5,run-8aaaabb9a3-r0-c8-t25-portable_s1,2026-04-26T13:07:13+00:00,0,local,D4,portable-s1-unresolved,42,0,0.25,"{""avg_retrieved_input_tokens"": 1887.7392857142856, ""budget_level"": ""b1"", ""c_llm_in"": 0.15, ""embedding_cost_est"": 0.0, ""embedding_dim"": 768, ""embedding_model"": ""BAAI/bge-base-en-v1.5"", ""evidence_coverage_at_10"": 0.6315206916099771, ""evidence_coverage_at_20"": 0.7027059712773999, ""evidence_coverage_at_5"": 0.5687414965986395, ""llm_context_cost_est"": 283.1608928571428, ""primary_quality_metric"": ""ndcg_at_10"", ""primary_quality_value"": 0.5323124410547186, ""profile"": ""portable-agentic"", ""retrieval_cost_est"": 2.0794730444917355e-07, ""search_params"": {""hnsw_ef"": 32}, ""task_cost_est"": 283.16089306509014}",0.6315206916099771,0.5323124410547186,0.5574447278911565,260.24441700428724,321.5374062478076,427.8862989135087,27.930479601584025,0.00017467573573730577,50.0,1.0,0,0.00033294782042503357,0.00037509016692638397,283.16089306509014,,,,,0.6315206916099771,52.00032112491317,15,15.163549249991775,408,30,30.074671540991403,840,3.87419737491291,8.0,0.0,0.1430511474609375,0.00018008297502092319,0.020909044602439288,/Volumes/Max/AI/Project/MaxionBench/artifacts/runs/portable/b1/s1_single_hop__bge-base-en-v1-5/lancedb_inproc,run-8aaaabb9a3-r0-c1-t25-portable_s1,8aaaabb9a356ce2f07d242e3899b814f965e4cce36bea87034fe3e5cd963ac89,portable_text_qrels,ndcg_at_10,processed_text_qrels,10.0,portable-agentic,b1,BAAI/bge-base-en-v1.5,768.0,0.15,"{'avg_retrieved_input_tokens': 1887.7392857142856, 'budget_level': 'b1', 'c_llm_in': 0.15, 'embedding_cost_est': 0.0, 'embedding_dim': 768, 'embedding_model': 'BAAI/bge-base-en-v1.5', 'evidence_coverage_at_10': 0.6315206916099771, 'evidence_coverage_at_20': 0.7027059712773999, 'evidence_coverage_at_5': 0.5687414965986395, 'llm_context_cost_est': 283.1608928571428, 'primary_quality_metric': 'ndcg_at_10', 'primary_quality_value': 0.5323124410547186, 'profile': 'portable-agentic', 'retrieval_cost_est': 2.0794730444917355e-07, 'search_params': {'hnsw_ef': 32}, 'task_cost_est': 283.16089306509014}",portable-agentic,ndcg_at_10,0.5323124410547186,,,,,,,,,,1,8.0
s1_single_hop,b2,1,faiss-cpu,BAAI/bge-small-en-v1.5,run-cc6096abbc-r1-c1-t25-portable_s1,2026-04-28T23:17:58+00:00,1,cpu,D4,portable-s1-unresolved,42,0,0.25,"{""avg_retrieved_input_tokens"": 1751.7281879194632, ""budget_level"": ""b2"", ""c_llm_in"": 0.15, ""embedding_cost_est"": 0.0, ""embedding_dim"": 384, ""embedding_model"": ""BAAI/bge-small-en-v1.5"", ""evidence_coverage_at_10"": 0.6007523702993501, ""evidence_coverage_at_20"": 0.6635795071197755, ""evidence_coverage_at_5"": 0.5169432015908526, ""llm_context_cost_est"": 262.75922818791946, ""observation_path"": ""/Volumes/Max/AI/Project/MaxionBench/artifacts/runs/portable/b2/s1_single_hop__bge-small-en-v1-5/faiss_cpu/logs/observations/s1_single_hop_r1_c1_s0.jsonl"", ""primary_quality_metric"": ""ndcg_at_10"", ""primary_quality_value"": 0.5055062099023669, ""profile"": ""portable-agentic"", ""retrieval_cost_est"": 1.0013050301770296e-09, ""search_params"": {""hnsw_ef"": 32}, ""task_cost_est"": 262.75922818892076}",0.6007523702993501,0.5055062099023669,0.5295093391569902,1.3493539881892502,1.458916888805106,1.5357649652287362,733.1862061321298,8.951666969782644e-07,50.0,0.0,0,0.008999952115118504,0.009083888726308942,262.75922818892076,,,,,0.6007523702993501,4.271717166993767,30,1.2204905420076102,894,60,1.2193355419440195,894,0.2407876669894904,1.0,0.0,0.07450580596923828,7.275957614183426e-05,0.0026429149305234505,/Volumes/Max/AI/Project/MaxionBench/artifacts/runs/portable/b2/s1_single_hop__bge-small-en-v1-5/faiss_cpu,run-cc6096abbc-r0-c1-t25-portable_s1,cc6096abbcbba1e07da0bb4b557f0ecece737383a2d95fdbbcce107ffbed9896,portable_text_qrels,ndcg_at_10,processed_text_qrels,10.0,portable-agentic,b2,BAAI/bge-small-en-v1.5,384.0,0.15,"{'avg_retrieved_input_tokens': 1751.7281879194632, 'budget_level': 'b2', 'c_llm_in': 0.15, 'embedding_cost_est': 0.0, 'embedding_dim': 384, 'embedding_model': 'BAAI/bge-small-en-v1.5', 'evidence_coverage_at_10': 0.6007523702993501, 'evidence_coverage_at_20': 0.6635795071197755, 'evidence_coverage_at_5': 0.5169432015908526, 'llm_context_cost_est': 262.75922818791946, 'observation_path': '/Volumes/Max/AI/Project/MaxionBench/artifacts/runs/portable/b2/s1_single_hop__bge-small-en-v1-5/faiss_cpu/logs/observations/s1_single_hop_r1_c1_s0.jsonl', 'primary_quality_metric': 'ndcg_at_10', 'primary_quality_value': 0.5055062099023669, 'profile': 'portable-agentic', 'retrieval_cost_est': 1.0013050301770296e-09, 'search_params': {'hnsw_ef': 32}, 'task_cost_est': 262.75922818892076}",portable-agentic,ndcg_at_10,0.5055062099023669,/Volumes/Max/AI/Project/MaxionBench/artifacts/runs/portable/b2/s1_single_hop__bge-small-en-v1-5/faiss_cpu/logs/observations/s1_single_hop_r1_c1_s0.jsonl,,,,,,,,,2,1.0
s1_single_hop,b2,1,lancedb-inproc,BAAI/bge-small-en-v1.5,run-b2e6f3dfcd-r0-c1-t25-portable_s1,2026-04-27T05:03:39+00:00,0,local,D4,portable-s1-unresolved,42,0,0.25,"{""avg_retrieved_input_tokens"": 1751.7281879194632, ""budget_level"": ""b2"", ""c_llm_in"": 0.15, ""embedding_cost_est"": 0.0, ""embedding_dim"": 384, ""embedding_model"": ""BAAI/bge-small-en-v1.5"", ""evidence_coverage_at_10"": 0.6007523702993501, ""evidence_coverage_at_20"": 0.6635795071197755, ""evidence_coverage_at_5"": 0.5169432015908526, ""llm_context_cost_est"": 262.75922818791946, ""primary_quality_metric"": ""ndcg_at_10"", ""primary_quality_value"": 0.5055062099023669, ""profile"": ""portable-agentic"", ""retrieval_cost_est"": 1.12029955709829e-08, ""search_params"": {""hnsw_ef"": 32}, ""task_cost_est"": 262.75922819912245}",0.6007523702993501,0.5055062099023669,0.5295093391569902,15.204083523713052,16.039472626289353,17.105920581379905,65.52512329203392,1.0015478040458712e-05,50.0,0.0,0,0.000125030055642128,0.00016705598682165146,262.75922819912245,,,,,0.6007523702993501,30.400555333006196,30,13.368114917073399,894,60,13.643621790921316,894,3.9102918331045657,1.0,0.0,0.07152557373046875,0.00011023363549611531,0.0026426795977035527,/Volumes/Max/AI/Project/MaxionBench/artifacts/runs/portable/b2/s1_single_hop__bge-small-en-v1-5/lancedb_inproc,run-b2e6f3dfcd-r0-c1-t25-portable_s1,b2e6f3dfcd8d150622b920be462410770f491050c6e0c59539b01c94bb80aa1c,portable_text_qrels,ndcg_at_10,processed_text_qrels,10.0,portable-agentic,b2,BAAI/bge-small-en-v1.5,384.0,0.15,"{'avg_retrieved_input_tokens': 1751.7281879194632, 'budget_level': 'b2', 'c_llm_in': 0.15, 'embedding_cost_est': 0.0, 'embedding_dim': 384, 'embedding_model': 'BAAI/bge-small-en-v1.5', 'evidence_coverage_at_10': 0.6007523702993501, 'evidence_coverage_at_20': 0.6635795071197755, 'evidence_coverage_at_5': 0.5169432015908526, 'llm_context_cost_est': 262.75922818791946, 'primary_quality_metric': 'ndcg_at_10', 'primary_quality_value': 0.5055062099023669, 'profile': 'portable-agentic', 'retrieval_cost_est': 1.12029955709829e-08, 'search_params': {'hnsw_ef': 32}, 'task_cost_est': 262.75922819912245}",portable-agentic,ndcg_at_10,0.5055062099023669,,,,,,,,,,2,2.0
s1_single_hop,b2,1,pgvector,BAAI/bge-small-en-v1.5,run-64e31f4da9-r1-c1-t25-portable_s1,2026-04-27T05:19:50+00:00,1,postgres16-pgvector,D4,portable-s1-unresolved,42,0,0.25,"{""avg_retrieved_input_tokens"": 1751.7281879194632, ""budget_level"": ""b2"", ""c_llm_in"": 0.15, ""embedding_cost_est"": 0.0, ""embedding_dim"": 384, ""embedding_model"": ""BAAI/bge-small-en-v1.5"", ""evidence_coverage_at_10"": 0.6007523702993501, ""evidence_coverage_at_20"": 0.6635795071197755, ""evidence_coverage_at_5"": 0.5169432015908526, ""llm_context_cost_est"": 262.75922818791946, ""primary_quality_metric"": ""ndcg_at_10"", ""primary_quality_value"": 0.5055062099023669, ""profile"": ""portable-agentic"", ""retrieval_cost_est"": 2.527810549159694e-08, ""search_params"": {""ivfflat_probes"": 32}, ""task_cost_est"": 262.75922821319756}",0.6007523702993501,0.5055062099023669,0.5295093391569902,33.90185401076451,39.52679363428615,48.112800533417605,28.685797910731182,2.2598626309487664e-05,50.0,0.005592841163310962,0,0.511666527017951,0.6546303338836877,262.75922821319756,,,,,0.6007523702993501,76.60014970903285,30,30.02093087497633,707,60,31.165247792028822,894,3.8823743750108406,1.0,0.0,0.0,0.00019276142120361328,0.0026104414525131383,/Volumes/Max/AI/Project/MaxionBench/artifacts/runs/portable/b2/s1_single_hop__bge-small-en-v1-5/pgvector,run-64e31f4da9-r0-c1-t25-portable_s1,64e31f4da9916bc426f2049097d90efdc7abcae5ede111633ea01da2d9b26124,portable_text_qrels,ndcg_at_10,processed_text_qrels,10.0,portable-agentic,b2,BAAI/bge-small-en-v1.5,384.0,0.15,"{'avg_retrieved_input_tokens': 1751.7281879194632, 'budget_level': 'b2', 'c_llm_in': 0.15, 'embedding_cost_est': 0.0, 'embedding_dim': 384, 'embedding_model': 'BAAI/bge-small-en-v1.5', 'evidence_coverage_at_10': 0.6007523702993501, 'evidence_coverage_at_20': 0.6635795071197755, 'evidence_coverage_at_5': 0.5169432015908526, 'llm_context_cost_est': 262.75922818791946, 'primary_quality_metric': 'ndcg_at_10', 'primary_quality_value': 0.5055062099023669, 'profile': 'portable-agentic', 'retrieval_cost_est': 2.527810549159694e-08, 'search_params': {'ivfflat_probes': 32}, 'task_cost_est': 262.75922821319756}",portable-agentic,ndcg_at_10,0.5055062099023669,,,,,,,,,,2,3.0
s1_single_hop,b2,1,qdrant,BAAI/bge-small-en-v1.5,run-f2b74e36c8-r0-c1-t25-portable_s1,2026-04-27T05:26:22+00:00,0,server,D4,portable-s1-unresolved,42,0,0.25,"{""avg_retrieved_input_tokens"": 1755.7136465324386, ""budget_level"": ""b2"", ""c_llm_in"": 0.15, ""embedding_cost_est"": 0.0, ""embedding_dim"": 384, ""embedding_model"": ""BAAI/bge-small-en-v1.5"", ""evidence_coverage_at_10"": 0.5881498348780229, ""evidence_coverage_at_20"": 0.6495041901921097, ""evidence_coverage_at_5"": 0.5070625155356698, ""llm_context_cost_est"": 263.3570469798658, ""primary_quality_metric"": ""ndcg_at_10"", ""primary_quality_value"": 0.4960201933106643, ""profile"": ""portable-agentic"", ""retrieval_cost_est"": 2.944022459195818e-09, ""search_params"": {""hnsw_ef"": 32}, ""task_cost_est"": 263.35704698280983}",0.5881498348780229,0.4960201933106643,0.5215488619012109,4.027375020086765,5.408545845421027,5.935947720427065,245.71131492903973,2.6319560785210613e-06,50.0,0.0,0,4.729292006231844,7.530821618856862,263.35704698280983,,,,,0.5881498348780229,34.289209334063344,30,3.9912614999338984,894,60,3.638416082947515,894,3.874251792090945,1.0,0.0,0.0,0.0,0.0026041666666666665,/Volumes/Max/AI/Project/MaxionBench/artifacts/runs/portable/b2/s1_single_hop__bge-small-en-v1-5/qdrant,run-f2b74e36c8-r0-c1-t25-portable_s1,f2b74e36c8de2c254f97c1269610c4f99458b0a6b1e815f989abfbc023798750,portable_text_qrels,ndcg_at_10,processed_text_qrels,10.0,portable-agentic,b2,BAAI/bge-small-en-v1.5,384.0,0.15,"{'avg_retrieved_input_tokens': 1755.7136465324386, 'budget_level': 'b2', 'c_llm_in': 0.15, 'embedding_cost_est': 0.0, 'embedding_dim': 384, 'embedding_model': 'BAAI/bge-small-en-v1.5', 'evidence_coverage_at_10': 0.5881498348780229, 'evidence_coverage_at_20': 0.6495041901921097, 'evidence_coverage_at_5': 0.5070625155356698, 'llm_context_cost_est': 263.3570469798658, 'primary_quality_metric': 'ndcg_at_10', 'primary_quality_value': 0.4960201933106643, 'profile': 'portable-agentic', 'retrieval_cost_est': 2.944022459195818e-09, 'search_params': {'hnsw_ef': 32}, 'task_cost_est': 263.35704698280983}",portable-agentic,ndcg_at_10,0.4960201933106643,,,,,,,,,,2,4.0
s1_single_hop,b2,1,pgvector,BAAI/bge-base-en-v1.5,run-f4f7435cb8-r1-c1-t25-portable_s1,2026-04-27T04:41:26+00:00,1,postgres16-pgvector,D4,portable-s1-unresolved,42,0,0.25,"{""avg_retrieved_input_tokens"": 1818.1063535911603, ""budget_level"": ""b2"", ""c_llm_in"": 0.15, ""embedding_cost_est"": 0.0, ""embedding_dim"": 768, ""embedding_model"": ""BAAI/bge-base-en-v1.5"", ""evidence_coverage_at_10"": 0.5688914101552223, ""evidence_coverage_at_20"": 0.6449903534157678, ""evidence_coverage_at_5"": 0.5017626940278874, ""llm_context_cost_est"": 272.71595303867406, ""primary_quality_metric"": ""ndcg_at_10"", ""primary_quality_value"": 0.47861889832195503, ""profile"": ""portable-agentic"", ""retrieval_cost_est"": 6.026384483513516e-08, ""search_params"": {""ivfflat_probes"": 64}, ""task_cost_est"": 272.7159530989379}",0.5688914101552223,0.47861889832195503,0.5228892615978251,72.43664597626776,110.79919371986762,153.7557644431945,12.066280118356106,4.363102366063785e-05,50.0,1.0,0,0.7041874923743308,1.3667610613629222,272.7159530989379,,,,,0.5688914101552223,113.79924079193734,30,30.06312704202719,267,60,60.00192212499678,724,4.122419208986685,1.0,0.0,0.0,0.00041812658309936523,0.002617777558043599,/Volumes/Max/AI/Project/MaxionBench/artifacts/runs/portable/b2/s1_single_hop__bge-base-en-v1-5/pgvector,run-f4f7435cb8-r0-c1-t25-portable_s1,f4f7435cb8e5d0c37557f90753b628074f1991d9289ebaa6912afd315468f84e,portable_text_qrels,ndcg_at_10,processed_text_qrels,10.0,portable-agentic,b2,BAAI/bge-base-en-v1.5,768.0,0.15,"{'avg_retrieved_input_tokens': 1818.1063535911603, 'budget_level': 'b2', 'c_llm_in': 0.15, 'embedding_cost_est': 0.0, 'embedding_dim': 768, 'embedding_model': 'BAAI/bge-base-en-v1.5', 'evidence_coverage_at_10': 0.5688914101552223, 'evidence_coverage_at_20': 0.6449903534157678, 'evidence_coverage_at_5': 0.5017626940278874, 'llm_context_cost_est': 272.71595303867406, 'primary_quality_metric': 'ndcg_at_10', 'primary_quality_value': 0.47861889832195503, 'profile': 'portable-agentic', 'retrieval_cost_est': 6.026384483513516e-08, 'search_params': {'ivfflat_probes': 64}, 'task_cost_est': 272.7159530989379}",portable-agentic,ndcg_at_10,0.47861889832195503,,,,,,,,,,2,5.0
s1_single_hop,b2,1,faiss-cpu,BAAI/bge-base-en-v1.5,run-fad40fd692-r1-c1-t25-portable_s1,2026-04-27T04:13:26+00:00,1,cpu,D4,portable-s1-unresolved,42,0,0.25,"{""avg_retrieved_input_tokens"": 1883.7371364653243, ""budget_level"": ""b2"", ""c_llm_in"": 0.15, ""embedding_cost_est"": 0.0, ""embedding_dim"": 768, ""embedding_model"": ""BAAI/bge-base-en-v1.5"", ""evidence_coverage_at_10"": 0.6235764887610525, ""evidence_coverage_at_20"": 0.6932584070167963, ""evidence_coverage_at_5"": 0.5599845531053584, ""llm_context_cost_est"": 282.5605704697986, ""primary_quality_metric"": ""ndcg_at_10"", ""primary_quality_value"": 0.5268284656504536, ""profile"": ""portable-agentic"", ""retrieval_cost_est"": 3.0373647881198147e-09, ""search_params"": {""hnsw_ef"": 64}, ""task_cost_est"": 282.560570472836}",0.6235764887610525,0.5268284656504536,0.5555546678029899,3.9640830364078283,4.639264702564105,4.711994965327904,245.10585937198792,2.7154041205791143e-06,50.0,0.0,0,0.02687494270503521,0.027626666706055403,282.560570472836,,,,,0.6235764887610525,10.422718542045914,30,3.6667120419442654,894,60,3.6474036250729114,894,3.9265054590068758,1.0,0.0,0.14603137969970703,0.00014260876923799515,0.0026801132638259633,/Volumes/Max/AI/Project/MaxionBench/artifacts/runs/portable/b2/s1_single_hop__bge-base-en-v1-5/faiss_cpu,run-fad40fd692-r0-c1-t25-portable_s1,fad40fd692b7a582b338598e0dda1ac9a8c927a90cdaa9e0a543b11cafa1bcbc,portable_text_qrels,ndcg_at_10,processed_text_qrels,10.0,portable-agentic,b2,BAAI/bge-base-en-v1.5,768.0,0.15,"{'avg_retrieved_input_tokens': 1883.7371364653243, 'budget_level': 'b2', 'c_llm_in': 0.15, 'embedding_cost_est': 0.0, 'embedding_dim': 768, 'embedding_model': 'BAAI/bge-base-en-v1.5', 'evidence_coverage_at_10': 0.6235764887610525, 'evidence_coverage_at_20': 0.6932584070167963, 'evidence_coverage_at_5': 0.5599845531053584, 'llm_context_cost_est': 282.5605704697986, 'primary_quality_metric': 'ndcg_at_10', 'primary_quality_value': 0.5268284656504536, 'profile': 'portable-agentic', 'retrieval_cost_est': 3.0373647881198147e-09, 'search_params': {'hnsw_ef': 64}, 'task_cost_est': 282.560570472836}",portable-agentic,ndcg_at_10,0.5268284656504536,,,,,,,,,,2,6.0
s1_single_hop,b2,1,lancedb-inproc,BAAI/bge-base-en-v1.5,run-8f38cd297d-r0-c1-t25-portable_s1,2026-04-27T04:15:53+00:00,0,local,D4,portable-s1-unresolved,42,0,0.25,"{""avg_retrieved_input_tokens"": 1883.7371364653243, ""budget_level"": ""b2"", ""c_llm_in"": 0.15, ""embedding_cost_est"": 0.0, ""embedding_dim"": 768, ""embedding_model"": ""BAAI/bge-base-en-v1.5"", ""evidence_coverage_at_10"": 0.6235764887610525, ""evidence_coverage_at_20"": 0.6932584070167963, ""evidence_coverage_at_5"": 0.5599845531053584, ""llm_context_cost_est"": 282.5605704697986, ""primary_quality_metric"": ""ndcg_at_10"", ""primary_quality_value"": 0.5268284656504536, ""profile"": ""portable-agentic"", ""retrieval_cost_est"": 1.7012897520469177e-08, ""search_params"": {""hnsw_ef"": 64}, ""task_cost_est"": 282.5605704868115}",0.6235764887610525,0.5268284656504536,0.5555546678029899,22.88774953922257,24.00491600856185,24.635358221130446,43.7556587182739,1.5209530383299445e-05,50.0,0.0,0,0.00024994369596242905,0.0002919696271419525,282.5605704868115,,,,,0.6235764887610525,47.8006394590484,30,21.709142875042744,894,60,20.43164304201491,894,4.038776666042395,1.0,0.0,0.1430511474609375,0.00018008297502092319,0.0026798779357726232,/Volumes/Max/AI/Project/MaxionBench/artifacts/runs/portable/b2/s1_single_hop__bge-base-en-v1-5/lancedb_inproc,run-8f38cd297d-r0-c1-t25-portable_s1,8f38cd297d1721e33164afda87f7fb14df6b7fe9ae557cb0008837ca74155591,portable_text_qrels,ndcg_at_10,processed_text_qrels,10.0,portable-agentic,b2,BAAI/bge-base-en-v1.5,768.0,0.15,"{'avg_retrieved_input_tokens': 1883.7371364653243, 'budget_level': 'b2', 'c_llm_in': 0.15, 'embedding_cost_est': 0.0, 'embedding_dim': 768, 'embedding_model': 'BAAI/bge-base-en-v1.5', 'evidence_coverage_at_10': 0.6235764887610525, 'evidence_coverage_at_20': 0.6932584070167963, 'evidence_coverage_at_5': 0.5599845531053584, 'llm_context_cost_est': 282.5605704697986, 'primary_quality_metric': 'ndcg_at_10', 'primary_quality_value': 0.5268284656504536, 'profile': 'portable-agentic', 'retrieval_cost_est': 1.7012897520469177e-08, 'search_params': {'hnsw_ef': 64}, 'task_cost_est': 282.5605704868115}",portable-agentic,ndcg_at_10,0.5268284656504536,,,,,,,,,,2,7.0
s1_single_hop,b2,1,qdrant,BAAI/bge-base-en-v1.5,run-158a40b920-r0-c1-t25-portable_s1,2026-04-27T04:51:18+00:00,0,server,D4,portable-s1-unresolved,42,0,0.25,"{""avg_retrieved_input_tokens"": 1887.493288590604, ""budget_level"": ""b2"", ""c_llm_in"": 0.15, ""embedding_cost_est"": 0.0, ""embedding_dim"": 768, ""embedding_model"": ""BAAI/bge-base-en-v1.5"", ""evidence_coverage_at_10"": 0.6188225737722381, ""evidence_coverage_at_20"": 0.6868266396789887, ""evidence_coverage_at_5"": 0.5566288484073719, ""llm_context_cost_est"": 283.12399328859055, ""primary_quality_metric"": ""ndcg_at_10"", ""primary_quality_value"": 0.5243899519397835, ""profile"": ""portable-agentic"", ""retrieval_cost_est"": 3.2443078762188656e-09, ""search_params"": {""hnsw_ef"": 64}, ""task_cost_est"": 283.12399329183484}",0.6188225737722381,0.5243899519397835,0.5545373033628067,4.459729476366192,5.417722812853753,5.796467433683572,222.9688603020946,2.900411241339666e-06,50.0,0.0,0,4.901375505141914,9.391858929302542,283.12399329183484,,,,,0.6188225737722381,61.425948665943,30,4.109280249918811,894,60,4.009528500027955,894,4.075770208030008,1.0,0.0,0.0,0.0,0.0026041666666666665,/Volumes/Max/AI/Project/MaxionBench/artifacts/runs/portable/b2/s1_single_hop__bge-base-en-v1-5/qdrant,run-158a40b920-r0-c1-t25-portable_s1,158a40b920d740fba92382985c59e081142e514981c60ad129784e56e7d40a30,portable_text_qrels,ndcg_at_10,processed_text_qrels,10.0,portable-agentic,b2,BAAI/bge-base-en-v1.5,768.0,0.15,"{'avg_retrieved_input_tokens': 1887.493288590604, 'budget_level': 'b2', 'c_llm_in': 0.15, 'embedding_cost_est': 0.0, 'embedding_dim': 768, 'embedding_model': 'BAAI/bge-base-en-v1.5', 'evidence_coverage_at_10': 0.6188225737722381, 'evidence_coverage_at_20': 0.6868266396789887, 'evidence_coverage_at_5': 0.5566288484073719, 'llm_context_cost_est': 283.12399328859055, 'primary_quality_metric': 'ndcg_at_10', 'primary_quality_value': 0.5243899519397835, 'profile': 'portable-agentic', 'retrieval_cost_est': 3.2443078762188656e-09, 'search_params': {'hnsw_ef': 64}, 'task_cost_est': 283.12399329183484}",portable-agentic,ndcg_at_10,0.5243899519397835,,,,,,,,,,2,8.0
s1_single_hop,b2,4,faiss-cpu,BAAI/bge-small-en-v1.5,run-cc6096abbc-r1-c4-t25-portable_s1,2026-04-28T23:18:07+00:00,1,cpu,D4,portable-s1-unresolved,42,0,0.25,"{""avg_retrieved_input_tokens"": 1751.7281879194632, ""budget_level"": ""b2"", ""c_llm_in"": 0.15, ""embedding_cost_est"": 0.0, ""embedding_dim"": 384, ""embedding_model"": ""BAAI/bge-small-en-v1.5"", ""evidence_coverage_at_10"": 0.6007523702993501, ""evidence_coverage_at_20"": 0.6635795071197755, ""evidence_coverage_at_5"": 0.5169432015908526, ""llm_context_cost_est"": 262.75922818791946, ""observation_path"": ""/Volumes/Max/AI/Project/MaxionBench/artifacts/runs/portable/b2/s1_single_hop__bge-small-en-v1-5/faiss_cpu/logs/observations/s1_single_hop_r1_c4_s1.jsonl"", ""primary_quality_metric"": ""ndcg_at_10"", ""primary_quality_value"": 0.5055062099023669, ""profile"": ""portable-agentic"", ""retrieval_cost_est"": 3.967270358991607e-09, ""search_params"": {""hnsw_ef"": 64}, ""task_cost_est"": 262.75922819188673}",0.6007523702993501,0.5055062099023669,0.5295093391569902,3.7006669444963336,5.432873376412317,5.684080629143864,732.0605006318771,3.546739700938497e-06,50.0,0.0,0,0.00895909033715725,0.009083072654902935,262.75922819188673,,,,,0.6007523702993501,4.26688395801466,30,1.2266406670678407,894,60,1.2212105409707874,894,0.2407876669894904,4.0,0.0,0.07450580596923828,7.275957614183426e-05,0.01045541493052345,/Volumes/Max/AI/Project/MaxionBench/artifacts/runs/portable/b2/s1_single_hop__bge-small-en-v1-5/faiss_cpu,run-cc6096abbc-r0-c1-t25-portable_s1,cc6096abbcbba1e07da0bb4b557f0ecece737383a2d95fdbbcce107ffbed9896,portable_text_qrels,ndcg_at_10,processed_text_qrels,10.0,portable-agentic,b2,BAAI/bge-small-en-v1.5,384.0,0.15,"{'avg_retrieved_input_tokens': 1751.7281879194632, 'budget_level': 'b2', 'c_llm_in': 0.15, 'embedding_cost_est': 0.0, 'embedding_dim': 384, 'embedding_model': 'BAAI/bge-small-en-v1.5', 'evidence_coverage_at_10': 0.6007523702993501, 'evidence_coverage_at_20': 0.6635795071197755, 'evidence_coverage_at_5': 0.5169432015908526, 'llm_context_cost_est': 262.75922818791946, 'observation_path': '/Volumes/Max/AI/Project/MaxionBench/artifacts/runs/portable/b2/s1_single_hop__bge-small-en-v1-5/faiss_cpu/logs/observations/s1_single_hop_r1_c4_s1.jsonl', 'primary_quality_metric': 'ndcg_at_10', 'primary_quality_value': 0.5055062099023669, 'profile': 'portable-agentic', 'retrieval_cost_est': 3.967270358991607e-09, 'search_params': {'hnsw_ef': 64}, 'task_cost_est': 262.75922819188673}",portable-agentic,ndcg_at_10,0.5055062099023669,/Volumes/Max/AI/Project/MaxionBench/artifacts/runs/portable/b2/s1_single_hop__bge-small-en-v1-5/faiss_cpu/logs/observations/s1_single_hop_r1_c4_s1.jsonl,,,,,,,,,2,1.0
s1_single_hop,b2,4,lancedb-inproc,BAAI/bge-small-en-v1.5,run-b2e6f3dfcd-r1-c4-t25-portable_s1,2026-04-27T05:08:18+00:00,1,local,D4,portable-s1-unresolved,42,0,0.25,"{""avg_retrieved_input_tokens"": 1751.7281879194632, ""budget_level"": ""b2"", ""c_llm_in"": 0.15, ""embedding_cost_est"": 0.0, ""embedding_dim"": 384, ""embedding_model"": ""BAAI/bge-small-en-v1.5"", ""evidence_coverage_at_10"": 0.6007523702993501, ""evidence_coverage_at_20"": 0.6635795071197755, ""evidence_coverage_at_5"": 0.5169432015908526, ""llm_context_cost_est"": 262.75922818791946, ""primary_quality_metric"": ""ndcg_at_10"", ""primary_quality_value"": 0.5055062099023669, ""profile"": ""portable-agentic"", ""retrieval_cost_est"": 4.341969588810918e-08, ""search_params"": {""hnsw_ef"": 32}, ""task_cost_est"": 262.75922823133914}",0.6007523702993501,0.5055062099023669,0.5295093391569902,53.47916652681306,64.84408126561901,70.09557958343065,66.88707729325657,3.881720812396961e-05,50.0,0.6957494407158836,0,0.0002919696271419525,0.000333995558321476,262.75922823133914,,,,,0.6007523702993501,31.523129542008974,30,14.134699500049464,894,60,13.365810499992222,894,3.9102918331045657,4.0,0.0,0.07152557373046875,0.00011023363549611531,0.010455179597703552,/Volumes/Max/AI/Project/MaxionBench/artifacts/runs/portable/b2/s1_single_hop__bge-small-en-v1-5/lancedb_inproc,run-b2e6f3dfcd-r0-c1-t25-portable_s1,b2e6f3dfcd8d150622b920be462410770f491050c6e0c59539b01c94bb80aa1c,portable_text_qrels,ndcg_at_10,processed_text_qrels,10.0,portable-agentic,b2,BAAI/bge-small-en-v1.5,384.0,0.15,"{'avg_retrieved_input_tokens': 1751.7281879194632, 'budget_level': 'b2', 'c_llm_in': 0.15, 'embedding_cost_est': 0.0, 'embedding_dim': 384, 'embedding_model': 'BAAI/bge-small-en-v1.5', 'evidence_coverage_at_10': 0.6007523702993501, 'evidence_coverage_at_20': 0.6635795071197755, 'evidence_coverage_at_5': 0.5169432015908526, 'llm_context_cost_est': 262.75922818791946, 'primary_quality_metric': 'ndcg_at_10', 'primary_quality_value': 0.5055062099023669, 'profile': 'portable-agentic', 'retrieval_cost_est': 4.341969588810918e-08, 'search_params': {'hnsw_ef': 32}, 'task_cost_est': 262.75922823133914}",portable-agentic,ndcg_at_10,0.5055062099023669,,,,,,,,,,2,2.0
s1_single_hop,b2,4,pgvector,BAAI/bge-small-en-v1.5,run-64e31f4da9-r0-c4-t25-portable_s1,2026-04-27T05:14:42+00:00,0,postgres16-pgvector,D4,portable-s1-unresolved,42,0,0.25,"{""avg_retrieved_input_tokens"": 1751.7281879194632, ""budget_level"": ""b2"", ""c_llm_in"": 0.15, ""embedding_cost_est"": 0.0, ""embedding_dim"": 384, ""embedding_model"": ""BAAI/bge-small-en-v1.5"", ""evidence_coverage_at_10"": 0.6007523702993501, ""evidence_coverage_at_20"": 0.6635795071197755, ""evidence_coverage_at_5"": 0.5169432015908526, ""llm_context_cost_est"": 262.75922818791946, ""primary_quality_metric"": ""ndcg_at_10"", ""primary_quality_value"": 0.5055062099023669, ""profile"": ""portable-agentic"", ""retrieval_cost_est"": 9.884959453251209e-08, ""search_params"": {""ivfflat_probes"": 32}, ""task_cost_est"": 262.75922828676903}",0.6007523702993501,0.5055062099023669,0.52950933915699,95.3279790119268,134.88453756435771,162.58839614689307,29.289565934887587,8.83715375120658e-05,50.0,0.7516778523489933,0,0.5032079643569887,0.6496676185633987,262.75922828676903,,,,,0.6007523702993501,74.62162745906971,30,30.01031620800495,672,60,30.522814915981144,894,3.8823743750108406,4.0,0.0,0.0,0.00019278377294540405,0.0104229421801089,/Volumes/Max/AI/Project/MaxionBench/artifacts/runs/portable/b2/s1_single_hop__bge-small-en-v1-5/pgvector,run-64e31f4da9-r0-c1-t25-portable_s1,64e31f4da9916bc426f2049097d90efdc7abcae5ede111633ea01da2d9b26124,portable_text_qrels,ndcg_at_10,processed_text_qrels,10.0,portable-agentic,b2,BAAI/bge-small-en-v1.5,384.0,0.15,"{'avg_retrieved_input_tokens': 1751.7281879194632, 'budget_level': 'b2', 'c_llm_in': 0.15, 'embedding_cost_est': 0.0, 'embedding_dim': 384, 'embedding_model': 'BAAI/bge-small-en-v1.5', 'evidence_coverage_at_10': 0.6007523702993501, 'evidence_coverage_at_20': 0.6635795071197755, 'evidence_coverage_at_5': 0.5169432015908526, 'llm_context_cost_est': 262.75922818791946, 'primary_quality_metric': 'ndcg_at_10', 'primary_quality_value': 0.5055062099023669, 'profile': 'portable-agentic', 'retrieval_cost_est': 9.884959453251209e-08, 'search_params': {'ivfflat_probes': 32}, 'task_cost_est': 262.75922828676903}",portable-agentic,ndcg_at_10,0.5055062099023669,,,,,,,,,,2,3.0
s1_single_hop,b2,4,qdrant,BAAI/bge-small-en-v1.5,run-f2b74e36c8-r0-c4-t25-portable_s1,2026-04-27T05:27:30+00:00,0,server,D4,portable-s1-unresolved,42,0,0.25,"{""avg_retrieved_input_tokens"": 1755.234899328859, ""budget_level"": ""b2"", ""c_llm_in"": 0.15, ""embedding_cost_est"": 0.0, ""embedding_dim"": 384, ""embedding_model"": ""BAAI/bge-small-en-v1.5"", ""evidence_coverage_at_10"": 0.5982355917758602, ""evidence_coverage_at_20"": 0.6614355846738397, ""evidence_coverage_at_5"": 0.5149857071836937, ""llm_context_cost_est"": 263.2852348993288, ""primary_quality_metric"": ""ndcg_at_10"", ""primary_quality_value"": 0.5035957951041496, ""profile"": ""portable-agentic"", ""retrieval_cost_est"": 5.757207741753893e-09, ""search_params"": {""hnsw_ef"": 64}, ""task_cost_est"": 263.28523490508604}",0.5982355917758602,0.5035957951041496,0.5276450587692199,6.6151670180261135,8.207318838685751,8.725598286837338,502.5906043885483,5.14694372112798e-06,50.0,0.0,0,4.582124995067716,7.4916185811161995,263.28523490508604,,,,,0.5982355917758602,34.7637690420961,30,2.363027499988675,894,60,1.7787837500218302,894,3.874251792090945,4.0,0.0,0.0,0.0,0.010416666666666666,/Volumes/Max/AI/Project/MaxionBench/artifacts/runs/portable/b2/s1_single_hop__bge-small-en-v1-5/qdrant,run-f2b74e36c8-r0-c1-t25-portable_s1,f2b74e36c8de2c254f97c1269610c4f99458b0a6b1e815f989abfbc023798750,portable_text_qrels,ndcg_at_10,processed_text_qrels,10.0,portable-agentic,b2,BAAI/bge-small-en-v1.5,384.0,0.15,"{'avg_retrieved_input_tokens': 1755.234899328859, 'budget_level': 'b2', 'c_llm_in': 0.15, 'embedding_cost_est': 0.0, 'embedding_dim': 384, 'embedding_model': 'BAAI/bge-small-en-v1.5', 'evidence_coverage_at_10': 0.5982355917758602, 'evidence_coverage_at_20': 0.6614355846738397, 'evidence_coverage_at_5': 0.5149857071836937, 'llm_context_cost_est': 263.2852348993288, 'primary_quality_metric': 'ndcg_at_10', 'primary_quality_value': 0.5035957951041496, 'profile': 'portable-agentic', 'retrieval_cost_est': 5.757207741753893e-09, 'search_params': {'hnsw_ef': 64}, 'task_cost_est': 263.28523490508604}",portable-agentic,ndcg_at_10,0.5035957951041496,,,,,,,,,,2,4.0
s1_single_hop,b2,4,pgvector,BAAI/bge-base-en-v1.5,run-f4f7435cb8-r0-c4-t25-portable_s1,2026-04-27T04:33:47+00:00,0,postgres16-pgvector,D4,portable-s1-unresolved,42,0,0.25,"{""avg_retrieved_input_tokens"": 1868.532451923077, ""budget_level"": ""b2"", ""c_llm_in"": 0.15, ""embedding_cost_est"": 0.0, ""embedding_dim"": 768, ""embedding_model"": ""BAAI/bge-base-en-v1.5"", ""evidence_coverage_at_10"": 0.6086266597985348, ""evidence_coverage_at_20"": 0.6822992979242979, ""evidence_coverage_at_5"": 0.5443824404761904, ""llm_context_cost_est"": 280.2798677884615, ""primary_quality_metric"": ""ndcg_at_10"", ""primary_quality_value"": 0.5126921399657607, ""profile"": ""portable-agentic"", ""retrieval_cost_est"": 2.0899003726560634e-07, ""search_params"": {""ivfflat_probes"": 32}, ""task_cost_est"": 280.27986799745156}",0.6086266597985348,0.5126921399657607,0.5450950091575092,202.4729999830015,287.9055938275996,342.0364779618102,13.863339282467479,0.00017387971100498448,50.0,1.0,0,0.5623124889098108,1.2578338070306927,280.27986799745156,,,,,0.6086266597985348,114.70953466696665,30,30.024409665958956,304,60,60.01440079102758,832,4.122419208986685,4.0,0.0,0.0,0.0004181787371635437,0.010430279255767042,/Volumes/Max/AI/Project/MaxionBench/artifacts/runs/portable/b2/s1_single_hop__bge-base-en-v1-5/pgvector,run-f4f7435cb8-r0-c1-t25-portable_s1,f4f7435cb8e5d0c37557f90753b628074f1991d9289ebaa6912afd315468f84e,portable_text_qrels,ndcg_at_10,processed_text_qrels,10.0,portable-agentic,b2,BAAI/bge-base-en-v1.5,768.0,0.15,"{'avg_retrieved_input_tokens': 1868.532451923077, 'budget_level': 'b2', 'c_llm_in': 0.15, 'embedding_cost_est': 0.0, 'embedding_dim': 768, 'embedding_model': 'BAAI/bge-base-en-v1.5', 'evidence_coverage_at_10': 0.6086266597985348, 'evidence_coverage_at_20': 0.6822992979242979, 'evidence_coverage_at_5': 0.5443824404761904, 'llm_context_cost_est': 280.2798677884615, 'primary_quality_metric': 'ndcg_at_10', 'primary_quality_value': 0.5126921399657607, 'profile': 'portable-agentic', 'retrieval_cost_est': 2.0899003726560634e-07, 'search_params': {'ivfflat_probes': 32}, 'task_cost_est': 280.27986799745156}",portable-agentic,ndcg_at_10,0.5126921399657607,,,,,,,,,,2,5.0
s1_single_hop,b2,4,faiss-cpu,BAAI/bge-base-en-v1.5,run-fad40fd692-r0-c4-t25-portable_s1,2026-04-27T04:12:44+00:00,0,cpu,D4,portable-s1-unresolved,42,0,0.25,"{""avg_retrieved_input_tokens"": 1883.7371364653243, ""budget_level"": ""b2"", ""c_llm_in"": 0.15, ""embedding_cost_est"": 0.0, ""embedding_dim"": 768, ""embedding_model"": ""BAAI/bge-base-en-v1.5"", ""evidence_coverage_at_10"": 0.6235764887610525, ""evidence_coverage_at_20"": 0.6932584070167963, ""evidence_coverage_at_5"": 0.5599845531053584, ""llm_context_cost_est"": 282.5605704697986, ""primary_quality_metric"": ""ndcg_at_10"", ""primary_quality_value"": 0.5268284656504536, ""profile"": ""portable-agentic"", ""retrieval_cost_est"": 1.1432509020052591e-08, ""search_params"": {""hnsw_ef"": 32}, ""task_cost_est"": 282.56057048123114}",0.6235764887610525,0.5268284656504536,0.5555546678029899,9.681604511570185,16.48174777510576,16.865730168065053,254.9409574394374,1.0220663063927017e-05,50.0,0.0,0,0.021916930563747883,0.027500921860337257,282.56057048123114,,,,,0.6235764887610525,9.98358104203362,30,3.5759886249434203,894,60,3.5066942910198122,894,3.9265054590068758,4.0,0.0,0.14603137969970703,0.00014260876923799515,0.010492613263825962,/Volumes/Max/AI/Project/MaxionBench/artifacts/runs/portable/b2/s1_single_hop__bge-base-en-v1-5/faiss_cpu,run-fad40fd692-r0-c1-t25-portable_s1,fad40fd692b7a582b338598e0dda1ac9a8c927a90cdaa9e0a543b11cafa1bcbc,portable_text_qrels,ndcg_at_10,processed_text_qrels,10.0,portable-agentic,b2,BAAI/bge-base-en-v1.5,768.0,0.15,"{'avg_retrieved_input_tokens': 1883.7371364653243, 'budget_level': 'b2', 'c_llm_in': 0.15, 'embedding_cost_est': 0.0, 'embedding_dim': 768, 'embedding_model': 'BAAI/bge-base-en-v1.5', 'evidence_coverage_at_10': 0.6235764887610525, 'evidence_coverage_at_20': 0.6932584070167963, 'evidence_coverage_at_5': 0.5599845531053584, 'llm_context_cost_est': 282.5605704697986, 'primary_quality_metric': 'ndcg_at_10', 'primary_quality_value': 0.5268284656504536, 'profile': 'portable-agentic', 'retrieval_cost_est': 1.1432509020052591e-08, 'search_params': {'hnsw_ef': 32}, 'task_cost_est': 282.56057048123114}",portable-agentic,ndcg_at_10,0.5268284656504536,,,,,,,,,,2,6.0
s1_single_hop,b2,4,lancedb-inproc,BAAI/bge-base-en-v1.5,run-8f38cd297d-r0-c4-t25-portable_s1,2026-04-27T04:17:50+00:00,0,local,D4,portable-s1-unresolved,42,0,0.25,"{""avg_retrieved_input_tokens"": 1883.7371364653243, ""budget_level"": ""b2"", ""c_llm_in"": 0.15, ""embedding_cost_est"": 0.0, ""embedding_dim"": 768, ""embedding_model"": ""BAAI/bge-base-en-v1.5"", ""evidence_coverage_at_10"": 0.6235764887610525, ""evidence_coverage_at_20"": 0.6932584070167963, ""evidence_coverage_at_5"": 0.5599845531053584, ""llm_context_cost_est"": 282.5605704697986, ""primary_quality_metric"": ""ndcg_at_10"", ""primary_quality_value"": 0.5268284656504536, ""profile"": ""portable-agentic"", ""retrieval_cost_est"": 8.002740420377976e-08, ""search_params"": {""hnsw_ef"": 64}, ""task_cost_est"": 282.560570549826}",0.6235764887610525,0.5268284656504536,0.5555546678029899,100.50697944825515,116.42593125579876,124.06729399226606,36.41939227695017,7.15444993581791e-05,50.0,0.9988814317673378,0,0.00024994369596242905,0.0002919696271419525,282.560570549826,,,,,0.6235764887610525,55.319738124962896,30,25.046662124921568,894,60,24.547361834091134,894,4.038776666042395,4.0,0.0,0.1430511474609375,0.00018008297502092319,0.010492377935772623,/Volumes/Max/AI/Project/MaxionBench/artifacts/runs/portable/b2/s1_single_hop__bge-base-en-v1-5/lancedb_inproc,run-8f38cd297d-r0-c1-t25-portable_s1,8f38cd297d1721e33164afda87f7fb14df6b7fe9ae557cb0008837ca74155591,portable_text_qrels,ndcg_at_10,processed_text_qrels,10.0,portable-agentic,b2,BAAI/bge-base-en-v1.5,768.0,0.15,"{'avg_retrieved_input_tokens': 1883.7371364653243, 'budget_level': 'b2', 'c_llm_in': 0.15, 'embedding_cost_est': 0.0, 'embedding_dim': 768, 'embedding_model': 'BAAI/bge-base-en-v1.5', 'evidence_coverage_at_10': 0.6235764887610525, 'evidence_coverage_at_20': 0.6932584070167963, 'evidence_coverage_at_5': 0.5599845531053584, 'llm_context_cost_est': 282.5605704697986, 'primary_quality_metric': 'ndcg_at_10', 'primary_quality_value': 0.5268284656504536, 'profile': 'portable-agentic', 'retrieval_cost_est': 8.002740420377976e-08, 'search_params': {'hnsw_ef': 64}, 'task_cost_est': 282.560570549826}",portable-agentic,ndcg_at_10,0.5268284656504536,,,,,,,,,,2,7.0
s1_single_hop,b2,4,qdrant,BAAI/bge-base-en-v1.5,run-158a40b920-r1-c4-t25-portable_s1,2026-04-27T04:59:11+00:00,1,server,D4,portable-s1-unresolved,42,0,0.25,"{""avg_retrieved_input_tokens"": 1890.8299776286353, ""budget_level"": ""b2"", ""c_llm_in"": 0.15, ""embedding_cost_est"": 0.0, ""embedding_dim"": 768, ""embedding_model"": ""BAAI/bge-base-en-v1.5"", ""evidence_coverage_at_10"": 0.6159329391711942, ""evidence_coverage_at_20"": 0.6842832285785306, ""evidence_coverage_at_5"": 0.5562559923298178, ""llm_context_cost_est"": 283.6244966442953, ""primary_quality_metric"": ""ndcg_at_10"", ""primary_quality_value"": 0.5218066063347134, ""profile"": ""portable-agentic"", ""retrieval_cost_est"": 5.828437710429731e-09, ""search_params"": {""hnsw_ef"": 32}, ""task_cost_est"": 283.6244966501237}",0.6159329391711942,0.5218066063347134,0.5520156422002059,6.822666968218982,8.033089264063165,8.931545775849365,496.448390164777,5.210623313124179e-06,50.0,0.0,0,4.9204794922843575,7.203178346389904,283.6244966501237,,,,,0.6159329391711942,56.44959579198621,30,1.9322045829612762,894,60,1.8007914170157164,894,4.075770208030008,4.0,0.0,0.0,0.0,0.010416666666666666,/Volumes/Max/AI/Project/MaxionBench/artifacts/runs/portable/b2/s1_single_hop__bge-base-en-v1-5/qdrant,run-158a40b920-r0-c1-t25-portable_s1,158a40b920d740fba92382985c59e081142e514981c60ad129784e56e7d40a30,portable_text_qrels,ndcg_at_10,processed_text_qrels,10.0,portable-agentic,b2,BAAI/bge-base-en-v1.5,768.0,0.15,"{'avg_retrieved_input_tokens': 1890.8299776286353, 'budget_level': 'b2', 'c_llm_in': 0.15, 'embedding_cost_est': 0.0, 'embedding_dim': 768, 'embedding_model': 'BAAI/bge-base-en-v1.5', 'evidence_coverage_at_10': 0.6159329391711942, 'evidence_coverage_at_20': 0.6842832285785306, 'evidence_coverage_at_5': 0.5562559923298178, 'llm_context_cost_est': 283.6244966442953, 'primary_quality_metric': 'ndcg_at_10', 'primary_quality_value': 0.5218066063347134, 'profile': 'portable-agentic', 'retrieval_cost_est': 5.828437710429731e-09, 'search_params': {'hnsw_ef': 32}, 'task_cost_est': 283.6244966501237}",portable-agentic,ndcg_at_10,0.5218066063347134,,,,,,,,,,2,8.0
s1_single_hop,b2,8,faiss-cpu,BAAI/bge-small-en-v1.5,run-cc6096abbc-r1-c8-t25-portable_s1,2026-04-28T23:18:15+00:00,1,cpu,D4,portable-s1-unresolved,42,0,0.25,"{""avg_retrieved_input_tokens"": 1751.7281879194632, ""budget_level"": ""b2"", ""c_llm_in"": 0.15, ""embedding_cost_est"": 0.0, ""embedding_dim"": 384, ""embedding_model"": ""BAAI/bge-small-en-v1.5"", ""evidence_coverage_at_10"": 0.6007523702993501, ""evidence_coverage_at_20"": 0.6635795071197755, ""evidence_coverage_at_5"": 0.5169432015908526, ""llm_context_cost_est"": 262.75922818791946, ""observation_path"": ""/Volumes/Max/AI/Project/MaxionBench/artifacts/runs/portable/b2/s1_single_hop__bge-small-en-v1-5/faiss_cpu/logs/observations/s1_single_hop_r1_c8_s1.jsonl"", ""primary_quality_metric"": ""ndcg_at_10"", ""primary_quality_value"": 0.5055062099023669, ""profile"": ""portable-agentic"", ""retrieval_cost_est"": 7.85233679765787e-09, ""search_params"": {""hnsw_ef"": 64}, ""task_cost_est"": 262.7592281957718}",0.6007523702993501,0.5055062099023669,0.5295093391569902,6.097999459598213,10.656925063813105,11.003130587050691,738.3535109438047,7.019989097106137e-06,50.0,0.0,0,0.00900006853044033,0.009167008101940155,262.7592281957718,,,,,0.6007523702993501,4.268180625047535,30,1.2470420829486102,894,60,1.2108021249296144,894,0.2407876669894904,8.0,0.0,0.07450580596923828,7.275957614183426e-05,0.020872081597190117,/Volumes/Max/AI/Project/MaxionBench/artifacts/runs/portable/b2/s1_single_hop__bge-small-en-v1-5/faiss_cpu,run-cc6096abbc-r0-c1-t25-portable_s1,cc6096abbcbba1e07da0bb4b557f0ecece737383a2d95fdbbcce107ffbed9896,portable_text_qrels,ndcg_at_10,processed_text_qrels,10.0,portable-agentic,b2,BAAI/bge-small-en-v1.5,384.0,0.15,"{'avg_retrieved_input_tokens': 1751.7281879194632, 'budget_level': 'b2', 'c_llm_in': 0.15, 'embedding_cost_est': 0.0, 'embedding_dim': 384, 'embedding_model': 'BAAI/bge-small-en-v1.5', 'evidence_coverage_at_10': 0.6007523702993501, 'evidence_coverage_at_20': 0.6635795071197755, 'evidence_coverage_at_5': 0.5169432015908526, 'llm_context_cost_est': 262.75922818791946, 'observation_path': '/Volumes/Max/AI/Project/MaxionBench/artifacts/runs/portable/b2/s1_single_hop__bge-small-en-v1-5/faiss_cpu/logs/observations/s1_single_hop_r1_c8_s1.jsonl', 'primary_quality_metric': 'ndcg_at_10', 'primary_quality_value': 0.5055062099023669, 'profile': 'portable-agentic', 'retrieval_cost_est': 7.85233679765787e-09, 'search_params': {'hnsw_ef': 64}, 'task_cost_est': 262.7592281957718}",portable-agentic,ndcg_at_10,0.5055062099023669,/Volumes/Max/AI/Project/MaxionBench/artifacts/runs/portable/b2/s1_single_hop__bge-small-en-v1-5/faiss_cpu/logs/observations/s1_single_hop_r1_c8_s1.jsonl,,,,,,,,,2,1.0
s1_single_hop,b2,8,lancedb-inproc,BAAI/bge-small-en-v1.5,run-b2e6f3dfcd-r1-c8-t25-portable_s1,2026-04-27T05:09:31+00:00,1,local,D4,portable-s1-unresolved,42,0,0.25,"{""avg_retrieved_input_tokens"": 1751.7281879194632, ""budget_level"": ""b2"", ""c_llm_in"": 0.15, ""embedding_cost_est"": 0.0, ""embedding_dim"": 384, ""embedding_model"": ""BAAI/bge-small-en-v1.5"", ""evidence_coverage_at_10"": 0.6007523702993501, ""evidence_coverage_at_20"": 0.6635795071197755, ""evidence_coverage_at_5"": 0.5169432015908526, ""llm_context_cost_est"": 262.75922818791946, ""primary_quality_metric"": ""ndcg_at_10"", ""primary_quality_value"": 0.5055062099023669, ""profile"": ""portable-agentic"", ""retrieval_cost_est"": 9.504172063016869e-08, ""search_params"": {""hnsw_ef"": 32}, ""task_cost_est"": 262.7592282829612}",0.6007523702993501,0.5055062099023669,0.5295093391569902,122.65660404227674,139.55539765884168,147.0332627661992,61.0020003320081,8.496729824337081e-05,50.0,1.0,0,0.00033294782042503357,0.0003749749157577753,262.7592282829612,,,,,0.6007523702993501,34.004789583035745,30,15.779703874955885,894,60,14.655257124919444,894,3.9102918331045657,8.0,0.0,0.07152557373046875,0.00011023363549611531,0.02087184626437022,/Volumes/Max/AI/Project/MaxionBench/artifacts/runs/portable/b2/s1_single_hop__bge-small-en-v1-5/lancedb_inproc,run-b2e6f3dfcd-r0-c1-t25-portable_s1,b2e6f3dfcd8d150622b920be462410770f491050c6e0c59539b01c94bb80aa1c,portable_text_qrels,ndcg_at_10,processed_text_qrels,10.0,portable-agentic,b2,BAAI/bge-small-en-v1.5,384.0,0.15,"{'avg_retrieved_input_tokens': 1751.7281879194632, 'budget_level': 'b2', 'c_llm_in': 0.15, 'embedding_cost_est': 0.0, 'embedding_dim': 384, 'embedding_model': 'BAAI/bge-small-en-v1.5', 'evidence_coverage_at_10': 0.6007523702993501, 'evidence_coverage_at_20': 0.6635795071197755, 'evidence_coverage_at_5': 0.5169432015908526, 'llm_context_cost_est': 262.75922818791946, 'primary_quality_metric': 'ndcg_at_10', 'primary_quality_value': 0.5055062099023669, 'profile': 'portable-agentic', 'retrieval_cost_est': 9.504172063016869e-08, 'search_params': {'hnsw_ef': 32}, 'task_cost_est': 262.7592282829612}",portable-agentic,ndcg_at_10,0.5055062099023669,,,,,,,,,,2,2.0
s1_single_hop,b2,8,pgvector,BAAI/bge-small-en-v1.5,run-64e31f4da9-r0-c8-t25-portable_s1,2026-04-27T05:17:18+00:00,0,postgres16-pgvector,D4,portable-s1-unresolved,42,0,0.25,"{""avg_retrieved_input_tokens"": 1751.7281879194632, ""budget_level"": ""b2"", ""c_llm_in"": 0.15, ""embedding_cost_est"": 0.0, ""embedding_dim"": 384, ""embedding_model"": ""BAAI/bge-small-en-v1.5"", ""evidence_coverage_at_10"": 0.6007523702993501, ""evidence_coverage_at_20"": 0.6635795071197755, ""evidence_coverage_at_5"": 0.5169432015908526, ""llm_context_cost_est"": 262.75922818791946, ""primary_quality_metric"": ""ndcg_at_10"", ""primary_quality_value"": 0.5055062099023669, ""profile"": ""portable-agentic"", ""retrieval_cost_est"": 1.9996516200614656e-07, ""search_params"": {""ivfflat_probes"": 64}, ""task_cost_est"": 262.7592283878846}",0.6007523702993501,0.5055062099023669,0.5295093391569902,161.00975003791973,268.3514063770417,311.22960010427016,28.94894379170657,0.00017876885483349503,50.0,0.8769574944071589,0,0.49341650446876884,0.9879226062912493,262.7592283878846,,,,,0.6007523702993501,75.48113729094621,30,30.038613707991317,624,60,30.881955709075555,894,3.8823743750108406,8.0,0.0,0.0,0.00019278377294540405,0.020839608846775565,/Volumes/Max/AI/Project/MaxionBench/artifacts/runs/portable/b2/s1_single_hop__bge-small-en-v1-5/pgvector,run-64e31f4da9-r0-c1-t25-portable_s1,64e31f4da9916bc426f2049097d90efdc7abcae5ede111633ea01da2d9b26124,portable_text_qrels,ndcg_at_10,processed_text_qrels,10.0,portable-agentic,b2,BAAI/bge-small-en-v1.5,384.0,0.15,"{'avg_retrieved_input_tokens': 1751.7281879194632, 'budget_level': 'b2', 'c_llm_in': 0.15, 'embedding_cost_est': 0.0, 'embedding_dim': 384, 'embedding_model': 'BAAI/bge-small-en-v1.5', 'evidence_coverage_at_10': 0.6007523702993501, 'evidence_coverage_at_20': 0.6635795071197755, 'evidence_coverage_at_5': 0.5169432015908526, 'llm_context_cost_est': 262.75922818791946, 'primary_quality_metric': 'ndcg_at_10', 'primary_quality_value': 0.5055062099023669, 'profile': 'portable-agentic', 'retrieval_cost_est': 1.9996516200614656e-07, 'search_params': {'ivfflat_probes': 64}, 'task_cost_est': 262.7592283878846}",portable-agentic,ndcg_at_10,0.5055062099023669,,,,,,,,,,2,3.0
s1_single_hop,b2,8,qdrant,BAAI/bge-small-en-v1.5,run-f2b74e36c8-r0-c8-t25-portable_s1,2026-04-27T05:28:38+00:00,0,server,D4,portable-s1-unresolved,42,0,0.25,"{""avg_retrieved_input_tokens"": 1755.268456375839, ""budget_level"": ""b2"", ""c_llm_in"": 0.15, ""embedding_cost_est"": 0.0, ""embedding_dim"": 384, ""embedding_model"": ""BAAI/bge-small-en-v1.5"", ""evidence_coverage_at_10"": 0.5933263200880651, ""evidence_coverage_at_20"": 0.6561223855686944, ""evidence_coverage_at_5"": 0.5116300024857072, ""llm_context_cost_est"": 263.2902684563758, ""primary_quality_metric"": ""ndcg_at_10"", ""primary_quality_value"": 0.49985309656119925, ""profile"": ""portable-agentic"", ""retrieval_cost_est"": 1.088329695999409e-08, ""search_params"": {""hnsw_ef"": 32}, ""task_cost_est"": 263.2902684672591}",0.5933263200880651,0.49985309656119925,0.5236412946983418,11.104249977506697,14.868108654627576,15.804140676045787,531.7356549499297,9.729667482234718e-06,50.0,0.0,0,4.708250053226948,7.447511981008574,263.2902684672591,,,,,0.5933263200880651,33.74089662497863,30,2.044406332890503,894,60,1.6812865409301594,894,3.874251792090945,8.0,0.0,0.0,0.0,0.020833333333333332,/Volumes/Max/AI/Project/MaxionBench/artifacts/runs/portable/b2/s1_single_hop__bge-small-en-v1-5/qdrant,run-f2b74e36c8-r0-c1-t25-portable_s1,f2b74e36c8de2c254f97c1269610c4f99458b0a6b1e815f989abfbc023798750,portable_text_qrels,ndcg_at_10,processed_text_qrels,10.0,portable-agentic,b2,BAAI/bge-small-en-v1.5,384.0,0.15,"{'avg_retrieved_input_tokens': 1755.268456375839, 'budget_level': 'b2', 'c_llm_in': 0.15, 'embedding_cost_est': 0.0, 'embedding_dim': 384, 'embedding_model': 'BAAI/bge-small-en-v1.5', 'evidence_coverage_at_10': 0.5933263200880651, 'evidence_coverage_at_20': 0.6561223855686944, 'evidence_coverage_at_5': 0.5116300024857072, 'llm_context_cost_est': 263.2902684563758, 'primary_quality_metric': 'ndcg_at_10', 'primary_quality_value': 0.49985309656119925, 'profile': 'portable-agentic', 'retrieval_cost_est': 1.088329695999409e-08, 'search_params': {'hnsw_ef': 32}, 'task_cost_est': 263.2902684672591}",portable-agentic,ndcg_at_10,0.49985309656119925,,,,,,,,,,2,4.0
s1_single_hop,b2,8,pgvector,BAAI/bge-base-en-v1.5,run-f4f7435cb8-r0-c8-t25-portable_s1,2026-04-27T04:37:38+00:00,0,postgres16-pgvector,D4,portable-s1-unresolved,42,0,0.25,"{""avg_retrieved_input_tokens"": 1858.01125, ""budget_level"": ""b2"", ""c_llm_in"": 0.15, ""embedding_cost_est"": 0.0, ""embedding_dim"": 768, ""embedding_model"": ""BAAI/bge-base-en-v1.5"", ""evidence_coverage_at_10"": 0.5992217261904762, ""evidence_coverage_at_20"": 0.6712162698412698, ""evidence_coverage_at_5"": 0.5334702380952381, ""llm_context_cost_est"": 278.7016875, ""primary_quality_metric"": ""ndcg_at_10"", ""primary_quality_value"": 0.502144225761722, ""profile"": ""portable-agentic"", ""retrieval_cost_est"": 4.3454686837543396e-07, ""search_params"": {""ivfflat_probes"": 64}, ""task_cost_est"": 278.70168793454684}",0.5992217261904762,0.502144225761722,0.5377127976190477,346.12856252351776,592.6887663546948,772.9709724511481,13.326106483856243,0.0003476374947003472,50.0,1.0,0,0.5765205132775009,0.8973370818421242,278.70168793454684,,,,,0.5992217261904762,114.41130841698032,30,30.474286666954868,272,60,60.03253845893778,800,4.122419208986685,8.0,0.0,0.0,0.00041812658309936523,0.020846944224710263,/Volumes/Max/AI/Project/MaxionBench/artifacts/runs/portable/b2/s1_single_hop__bge-base-en-v1-5/pgvector,run-f4f7435cb8-r0-c1-t25-portable_s1,f4f7435cb8e5d0c37557f90753b628074f1991d9289ebaa6912afd315468f84e,portable_text_qrels,ndcg_at_10,processed_text_qrels,10.0,portable-agentic,b2,BAAI/bge-base-en-v1.5,768.0,0.15,"{'avg_retrieved_input_tokens': 1858.01125, 'budget_level': 'b2', 'c_llm_in': 0.15, 'embedding_cost_est': 0.0, 'embedding_dim': 768, 'embedding_model': 'BAAI/bge-base-en-v1.5', 'evidence_coverage_at_10': 0.5992217261904762, 'evidence_coverage_at_20': 0.6712162698412698, 'evidence_coverage_at_5': 0.5334702380952381, 'llm_context_cost_est': 278.7016875, 'primary_quality_metric': 'ndcg_at_10', 'primary_quality_value': 0.502144225761722, 'profile': 'portable-agentic', 'retrieval_cost_est': 4.3454686837543396e-07, 'search_params': {'ivfflat_probes': 64}, 'task_cost_est': 278.70168793454684}",portable-agentic,ndcg_at_10,0.502144225761722,,,,,,,,,,2,5.0
s1_single_hop,b2,8,faiss-cpu,BAAI/bge-base-en-v1.5,run-fad40fd692-r1-c8-t25-portable_s1,2026-04-27T04:14:09+00:00,1,cpu,D4,portable-s1-unresolved,42,0,0.25,"{""avg_retrieved_input_tokens"": 1883.7371364653243, ""budget_level"": ""b2"", ""c_llm_in"": 0.15, ""embedding_cost_est"": 0.0, ""embedding_dim"": 768, ""embedding_model"": ""BAAI/bge-base-en-v1.5"", ""evidence_coverage_at_10"": 0.6235764887610525, ""evidence_coverage_at_20"": 0.6932584070167963, ""evidence_coverage_at_5"": 0.5599845531053584, ""llm_context_cost_est"": 282.5605704697986, ""primary_quality_metric"": ""ndcg_at_10"", ""primary_quality_value"": 0.5268284656504536, ""profile"": ""portable-agentic"", ""retrieval_cost_est"": 2.313044047460281e-08, ""search_params"": {""hnsw_ef"": 64}, ""task_cost_est"": 282.56057049292906}",0.6235764887610525,0.5268284656504536,0.5555546678029899,17.651687492616475,31.756739836418994,33.09259689296596,251.1034461450508,2.0678613784294912e-05,50.0,0.0,0,0.02662499900907278,0.027835130458697673,282.56057049292906,,,,,0.6235764887610525,10.548858167021535,30,3.62833804206457,894,60,3.560285666026175,894,3.9265054590068758,8.0,0.0,0.14603137969970703,0.00014260876923799515,0.02090927993049263,/Volumes/Max/AI/Project/MaxionBench/artifacts/runs/portable/b2/s1_single_hop__bge-base-en-v1-5/faiss_cpu,run-fad40fd692-r0-c1-t25-portable_s1,fad40fd692b7a582b338598e0dda1ac9a8c927a90cdaa9e0a543b11cafa1bcbc,portable_text_qrels,ndcg_at_10,processed_text_qrels,10.0,portable-agentic,b2,BAAI/bge-base-en-v1.5,768.0,0.15,"{'avg_retrieved_input_tokens': 1883.7371364653243, 'budget_level': 'b2', 'c_llm_in': 0.15, 'embedding_cost_est': 0.0, 'embedding_dim': 768, 'embedding_model': 'BAAI/bge-base-en-v1.5', 'evidence_coverage_at_10': 0.6235764887610525, 'evidence_coverage_at_20': 0.6932584070167963, 'evidence_coverage_at_5': 0.5599845531053584, 'llm_context_cost_est': 282.5605704697986, 'primary_quality_metric': 'ndcg_at_10', 'primary_quality_value': 0.5268284656504536, 'profile': 'portable-agentic', 'retrieval_cost_est': 2.313044047460281e-08, 'search_params': {'hnsw_ef': 64}, 'task_cost_est': 282.56057049292906}",portable-agentic,ndcg_at_10,0.5268284656504536,,,,,,,,,,2,6.0
s1_single_hop,b2,8,lancedb-inproc,BAAI/bge-base-en-v1.5,run-8f38cd297d-r0-c8-t25-portable_s1,2026-04-27T04:20:05+00:00,0,local,D4,portable-s1-unresolved,42,0,0.25,"{""avg_retrieved_input_tokens"": 1883.7371364653243, ""budget_level"": ""b2"", ""c_llm_in"": 0.15, ""embedding_cost_est"": 0.0, ""embedding_dim"": 768, ""embedding_model"": ""BAAI/bge-base-en-v1.5"", ""evidence_coverage_at_10"": 0.6235764887610524, ""evidence_coverage_at_20"": 0.6932584070167962, ""evidence_coverage_at_5"": 0.5599845531053584, ""llm_context_cost_est"": 282.5605704697986, ""primary_quality_metric"": ""ndcg_at_10"", ""primary_quality_value"": 0.5268284656504537, ""profile"": ""portable-agentic"", ""retrieval_cost_est"": 1.9461043130451146e-07, ""search_params"": {""hnsw_ef"": 32}, ""task_cost_est"": 282.56057066440906}",0.6235764887610524,0.5268284656504537,0.5555546678029899,245.20166643196717,291.9165210623759,337.44545622030273,29.84458698427004,0.00017398172558623324,50.0,1.0,0,0.00033294782042503357,0.00037509016692638397,282.56057066440906,,,,,0.6235764887610524,67.43795733398292,30,30.15122908295598,888,60,29.95518083299976,894,4.038776666042395,8.0,0.0,0.1430511474609375,0.00018008297411142848,0.020909044602409683,/Volumes/Max/AI/Project/MaxionBench/artifacts/runs/portable/b2/s1_single_hop__bge-base-en-v1-5/lancedb_inproc,run-8f38cd297d-r0-c1-t25-portable_s1,8f38cd297d1721e33164afda87f7fb14df6b7fe9ae557cb0008837ca74155591,portable_text_qrels,ndcg_at_10,processed_text_qrels,10.0,portable-agentic,b2,BAAI/bge-base-en-v1.5,768.0,0.15,"{'avg_retrieved_input_tokens': 1883.7371364653243, 'budget_level': 'b2', 'c_llm_in': 0.15, 'embedding_cost_est': 0.0, 'embedding_dim': 768, 'embedding_model': 'BAAI/bge-base-en-v1.5', 'evidence_coverage_at_10': 0.6235764887610524, 'evidence_coverage_at_20': 0.6932584070167962, 'evidence_coverage_at_5': 0.5599845531053584, 'llm_context_cost_est': 282.5605704697986, 'primary_quality_metric': 'ndcg_at_10', 'primary_quality_value': 0.5268284656504537, 'profile': 'portable-agentic', 'retrieval_cost_est': 1.9461043130451146e-07, 'search_params': {'hnsw_ef': 32}, 'task_cost_est': 282.56057066440906}",portable-agentic,ndcg_at_10,0.5268284656504537,,,,,,,,,,2,7.0
s1_single_hop,b2,8,qdrant,BAAI/bge-base-en-v1.5,run-158a40b920-r0-c8-t25-portable_s1,2026-04-27T04:55:15+00:00,0,server,D4,portable-s1-unresolved,42,0,0.25,"{""avg_retrieved_input_tokens"": 1888.0671140939598, ""budget_level"": ""b2"", ""c_llm_in"": 0.15, ""embedding_cost_est"": 0.0, ""embedding_dim"": 768, ""embedding_model"": ""BAAI/bge-base-en-v1.5"", ""evidence_coverage_at_10"": 0.6124840204538191, ""evidence_coverage_at_20"": 0.6818596640744292, ""evidence_coverage_at_5"": 0.5525274315542772, ""llm_context_cost_est"": 283.210067114094, ""primary_quality_metric"": ""ndcg_at_10"", ""primary_quality_value"": 0.519188040087956, ""profile"": ""portable-agentic"", ""retrieval_cost_est"": 1.1441572611245838e-08, ""search_params"": {""hnsw_ef"": 32}, ""task_cost_est"": 283.21006712553555}",0.6124840204538191,0.519188040087956,0.5499107808671566,11.551479517947882,15.609020960982889,16.628731911769137,505.79035187426945,1.022876591445378e-05,50.0,0.0,0,4.875083512160927,7.867639154428616,283.21006712553555,,,,,0.6124840204538191,59.51286808308214,30,2.0219598331023008,894,60,1.7675307500176132,894,4.075770208030008,8.0,0.0,0.0,0.0,0.020833333333333332,/Volumes/Max/AI/Project/MaxionBench/artifacts/runs/portable/b2/s1_single_hop__bge-base-en-v1-5/qdrant,run-158a40b920-r0-c1-t25-portable_s1,158a40b920d740fba92382985c59e081142e514981c60ad129784e56e7d40a30,portable_text_qrels,ndcg_at_10,processed_text_qrels,10.0,portable-agentic,b2,BAAI/bge-base-en-v1.5,768.0,0.15,"{'avg_retrieved_input_tokens': 1888.0671140939598, 'budget_level': 'b2', 'c_llm_in': 0.15, 'embedding_cost_est': 0.0, 'embedding_dim': 768, 'embedding_model': 'BAAI/bge-base-en-v1.5', 'evidence_coverage_at_10': 0.6124840204538191, 'evidence_coverage_at_20': 0.6818596640744292, 'evidence_coverage_at_5': 0.5525274315542772, 'llm_context_cost_est': 283.210067114094, 'primary_quality_metric': 'ndcg_at_10', 'primary_quality_value': 0.519188040087956, 'profile': 'portable-agentic', 'retrieval_cost_est': 1.1441572611245838e-08, 'search_params': {'hnsw_ef': 32}, 'task_cost_est': 283.21006712553555}",portable-agentic,ndcg_at_10,0.519188040087956,,,,,,,,,,2,8.0
s2_streaming_memory,b0,8,pgvector,BAAI/bge-small-en-v1.5,run-674c95ffbd-r0-c8-t25-portable_s2,2026-04-26T10:48:01+00:00,0,postgres16-pgvector,D4,portable-s2-unresolved,42,2,0.25,"{""avg_retrieved_input_tokens"": 1632.871875, ""budget_level"": ""b0"", ""c_llm_in"": 0.15, ""embedding_cost_est"": 0.0, ""embedding_dim"": 384, ""embedding_model"": ""BAAI/bge-small-en-v1.5"", ""event_count"": 500, ""freshness_floor_for_budget"": 0.0, ""freshness_hit_at_1s"": 0.83, ""freshness_hit_at_5s"": 0.83, ""llm_context_cost_est"": 244.93078125, ""overlap_skipped_event_count"": 0, ""p95_visibility_latency_ms"": 5000.0, ""primary_quality_metric"": ""ndcg_at_10"", ""primary_quality_value"": 0.44431923041273763, ""profile"": ""portable-agentic"", ""retrieval_cost_est"": 2.2760292870117094e-07, ""search_params"": {""ivfflat_probes"": 32}, ""stale_answer_rate_at_5s"": 0.17000000000000004, ""task_cost_est"": 244.93078147760292}",0.5262748015873017,0.44431923041273763,0.48291790674603174,122.64304154086858,316.9930082920473,321.1228387162555,31.79027031347333,7.28329371843747e-05,120.0,0.5375,0,0.34247891744598746,0.49480055226013064,244.93078147760292,0.83,0.83,0.17000000000000004,5000.0,,2563.1198056669673,10,10.062392374966294,240,10,10.065972917014733,320,4.165071208029985,10.0,0.0,0.0,0.00019489973783493042,0.026048011059174314,/Volumes/Max/AI/Project/MaxionBench/artifacts/runs/portable/b0/s2_streaming_memory__bge-small-en-v1-5/pgvector,run-674c95ffbd-r0-c8-t25-portable_s2,674c95ffbd94c020f5102e80ce2809bfd19c11a75452a6f5f2e6efde5834118b,portable_text_qrels_plus_streaming_events,ndcg_at_10,processed_text_qrels,10.0,portable-agentic,b0,BAAI/bge-small-en-v1.5,384.0,0.15,"{'avg_retrieved_input_tokens': 1632.871875, 'budget_level': 'b0', 'c_llm_in': 0.15, 'embedding_cost_est': 0.0, 'embedding_dim': 384, 'embedding_model': 'BAAI/bge-small-en-v1.5', 'event_count': 500, 'freshness_floor_for_budget': 0.0, 'freshness_hit_at_1s': 0.83, 'freshness_hit_at_5s': 0.83, 'llm_context_cost_est': 244.93078125, 'overlap_skipped_event_count': 0, 'p95_visibility_latency_ms': 5000.0, 'primary_quality_metric': 'ndcg_at_10', 'primary_quality_value': 0.44431923041273763, 'profile': 'portable-agentic', 'retrieval_cost_est': 2.2760292870117094e-07, 'search_params': {'ivfflat_probes': 32}, 'stale_answer_rate_at_5s': 0.17000000000000004, 'task_cost_est': 244.93078147760292}",portable-agentic,ndcg_at_10,0.44431923041273763,,,,,,,,500.0,0.0,0,1.0
s2_streaming_memory,b0,8,lancedb-inproc,BAAI/bge-base-en-v1.5,run-5dbf029857-r0-c8-t25-portable_s2,2026-04-26T02:56:20+00:00,0,local,D4,portable-s2-unresolved,42,2,0.25,"{""avg_retrieved_input_tokens"": 1740.8508771929824, ""budget_level"": ""b0"", ""c_llm_in"": 0.15, ""embedding_cost_est"": 0.0, ""embedding_dim"": 768, ""embedding_model"": ""BAAI/bge-base-en-v1.5"", ""event_count"": 500, ""freshness_floor_for_budget"": 0.0, ""freshness_hit_at_1s"": 0.846, ""freshness_hit_at_5s"": 0.846, ""llm_context_cost_est"": 261.12763157894733, ""overlap_skipped_event_count"": 0, ""p95_visibility_latency_ms"": 5000.0, ""primary_quality_metric"": ""ndcg_at_10"", ""primary_quality_value"": 0.4126503107167926, ""profile"": ""portable-agentic"", ""retrieval_cost_est"": 1.6103173425624353e-07, ""search_params"": {""hnsw_ef"": 32}, ""stale_answer_rate_at_5s"": 0.15400000000000003, ""task_cost_est"": 261.12763173997905}",0.49504055277081593,0.4126503107167926,0.47468671679197993,148.29166646813974,277.1367818058934,578.9608034770936,45.05350047644607,7.343047082084705e-05,120.0,0.9649122807017544,0,0.000125030055642128,0.0002910476177930832,261.12763173997905,0.846,0.846,0.15400000000000003,5000.0,,3617.0565331251128,10,10.070983708021231,448,10,10.121300124912523,456,4.137572334031574,10.0,0.0,0.14448165893554688,0.00018252552308695158,0.026118155937731778,/Volumes/Max/AI/Project/MaxionBench/artifacts/runs/portable/b0/s2_streaming_memory__bge-base-en-v1-5/lancedb_inproc,run-5dbf029857-r0-c8-t25-portable_s2,5dbf0298579d0ee7c5c3b67fd7ffc50fe365cba1baa7118cdd289c8dc144cced,portable_text_qrels_plus_streaming_events,ndcg_at_10,processed_text_qrels,10.0,portable-agentic,b0,BAAI/bge-base-en-v1.5,768.0,0.15,"{'avg_retrieved_input_tokens': 1740.8508771929824, 'budget_level': 'b0', 'c_llm_in': 0.15, 'embedding_cost_est': 0.0, 'embedding_dim': 768, 'embedding_model': 'BAAI/bge-base-en-v1.5', 'event_count': 500, 'freshness_floor_for_budget': 0.0, 'freshness_hit_at_1s': 0.846, 'freshness_hit_at_5s': 0.846, 'llm_context_cost_est': 261.12763157894733, 'overlap_skipped_event_count': 0, 'p95_visibility_latency_ms': 5000.0, 'primary_quality_metric': 'ndcg_at_10', 'primary_quality_value': 0.4126503107167926, 'profile': 'portable-agentic', 'retrieval_cost_est': 1.6103173425624353e-07, 'search_params': {'hnsw_ef': 32}, 'stale_answer_rate_at_5s': 0.15400000000000003, 'task_cost_est': 261.12763173997905}",portable-agentic,ndcg_at_10,0.4126503107167926,,,,,,,,500.0,0.0,0,2.0
s2_streaming_memory,b0,8,faiss-cpu,BAAI/bge-small-en-v1.5,run-c4cbfe7649-r0-c8-t25-portable_s2,2026-04-26T07:34:22+00:00,0,cpu,D4,portable-s2-unresolved,42,2,0.25,"{""avg_retrieved_input_tokens"": 1751.7281879194632, ""budget_level"": ""b0"", ""c_llm_in"": 0.15, ""embedding_cost_est"": 0.0, ""embedding_dim"": 384, ""embedding_model"": ""BAAI/bge-small-en-v1.5"", ""event_count"": 500, ""freshness_floor_for_budget"": 0.0, ""freshness_hit_at_1s"": 0.83, ""freshness_hit_at_5s"": 0.83, ""llm_context_cost_est"": 262.75922818791946, ""overlap_skipped_event_count"": 0, ""p95_visibility_latency_ms"": 5000.0, ""primary_quality_metric"": ""ndcg_at_10"", ""primary_quality_value"": 0.5055062099023669, ""profile"": ""portable-agentic"", ""retrieval_cost_est"": 9.106645100170142e-09, ""search_params"": {""hnsw_ef"": 64}, ""stale_answer_rate_at_5s"": 0.17000000000000004, ""task_cost_est"": 262.7592281970261}",0.6007523702993501,0.5055062099023669,0.5295093391569902,5.994749953970313,9.785519115393981,10.46268538222648,795.5363646326896,8.141340719552107e-06,120.0,0.0,0,0.008875038474798203,0.009541889885440469,262.7592281970261,0.83,0.83,0.17000000000000004,5000.0,,2537.8209217500407,10,1.1225664999801666,894,10,1.1237701250938699,894,0.2734083749819547,10.0,0.0,0.07525086402893066,7.34871719032526e-05,0.02608080241316202,/Volumes/Max/AI/Project/MaxionBench/artifacts/runs/portable/b0/s2_streaming_memory__bge-small-en-v1-5/faiss_cpu,run-c4cbfe7649-r0-c8-t25-portable_s2,c4cbfe76493226631ff7a331961da57d5db4726ae19b199569560f992d44f58e,portable_text_qrels_plus_streaming_events,ndcg_at_10,processed_text_qrels,10.0,portable-agentic,b0,BAAI/bge-small-en-v1.5,384.0,0.15,"{'avg_retrieved_input_tokens': 1751.7281879194632, 'budget_level': 'b0', 'c_llm_in': 0.15, 'embedding_cost_est': 0.0, 'embedding_dim': 384, 'embedding_model': 'BAAI/bge-small-en-v1.5', 'event_count': 500, 'freshness_floor_for_budget': 0.0, 'freshness_hit_at_1s': 0.83, 'freshness_hit_at_5s': 0.83, 'llm_context_cost_est': 262.75922818791946, 'overlap_skipped_event_count': 0, 'p95_visibility_latency_ms': 5000.0, 'primary_quality_metric': 'ndcg_at_10', 'primary_quality_value': 0.5055062099023669, 'profile': 'portable-agentic', 'retrieval_cost_est': 9.106645100170142e-09, 'search_params': {'hnsw_ef': 64}, 'stale_answer_rate_at_5s': 0.17000000000000004, 'task_cost_est': 262.7592281970261}",portable-agentic,ndcg_at_10,0.5055062099023669,,,,,,,,500.0,0.0,0,3.0
s2_streaming_memory,b0,8,lancedb-inproc,BAAI/bge-small-en-v1.5,run-eac08a4be5-r0-c8-t25-portable_s2,2026-04-26T09:22:16+00:00,0,local,D4,portable-s2-unresolved,42,2,0.25,"{""avg_retrieved_input_tokens"": 1751.7281879194632, ""budget_level"": ""b0"", ""c_llm_in"": 0.15, ""embedding_cost_est"": 0.0, ""embedding_dim"": 384, ""embedding_model"": ""BAAI/bge-small-en-v1.5"", ""event_count"": 500, ""freshness_floor_for_budget"": 0.0, ""freshness_hit_at_1s"": 0.83, ""freshness_hit_at_5s"": 0.83, ""llm_context_cost_est"": 262.75922818791946, ""overlap_skipped_event_count"": 0, ""p95_visibility_latency_ms"": 5000.0, ""primary_quality_metric"": ""ndcg_at_10"", ""primary_quality_value"": 0.5055062099023669, ""profile"": ""portable-agentic"", ""retrieval_cost_est"": 7.588764884082556e-08, ""search_params"": {""hnsw_ef"": 64}, ""stale_answer_rate_at_5s"": 0.17000000000000004, ""task_cost_est"": 262.75922826380713}",0.6007523702993501,0.5055062099023669,0.5295093391569902,77.6531669544056,93.73744023032486,99.81571499956769,95.46490405629388,6.784355806369806e-05,120.0,0.006711409395973154,0,0.000125030055642128,0.00016705598682165146,262.75922826380713,0.83,0.83,0.17000000000000004,5000.0,,3138.315634833998,10,8.695923499995843,894,10,9.36469804099761,894,4.084902041009627,10.0,0.0,0.07224082946777344,0.0001119776916311821,0.02608058561632968,/Volumes/Max/AI/Project/MaxionBench/artifacts/runs/portable/b0/s2_streaming_memory__bge-small-en-v1-5/lancedb_inproc,run-eac08a4be5-r0-c8-t25-portable_s2,eac08a4be54b0fc74101da85489b898089b1ab320f59395c8716903e172a43b8,portable_text_qrels_plus_streaming_events,ndcg_at_10,processed_text_qrels,10.0,portable-agentic,b0,BAAI/bge-small-en-v1.5,384.0,0.15,"{'avg_retrieved_input_tokens': 1751.7281879194632, 'budget_level': 'b0', 'c_llm_in': 0.15, 'embedding_cost_est': 0.0, 'embedding_dim': 384, 'embedding_model': 'BAAI/bge-small-en-v1.5', 'event_count': 500, 'freshness_floor_for_budget': 0.0, 'freshness_hit_at_1s': 0.83, 'freshness_hit_at_5s': 0.83, 'llm_context_cost_est': 262.75922818791946, 'overlap_skipped_event_count': 0, 'p95_visibility_latency_ms': 5000.0, 'primary_quality_metric': 'ndcg_at_10', 'primary_quality_value': 0.5055062099023669, 'profile': 'portable-agentic', 'retrieval_cost_est': 7.588764884082556e-08, 'search_params': {'hnsw_ef': 64}, 'stale_answer_rate_at_5s': 0.17000000000000004, 'task_cost_est': 262.75922826380713}",portable-agentic,ndcg_at_10,0.5055062099023669,,,,,,,,500.0,0.0,0,4.0
s2_streaming_memory,b0,8,qdrant,BAAI/bge-small-en-v1.5,run-f39a7f82cc-r0-c8-t25-portable_s2,2026-04-26T12:28:08+00:00,0,server,D4,portable-s2-unresolved,42,2,0.25,"{""avg_retrieved_input_tokens"": 1752.7237136465324, ""budget_level"": ""b0"", ""c_llm_in"": 0.15, ""embedding_cost_est"": 0.0, ""embedding_dim"": 384, ""embedding_model"": ""BAAI/bge-small-en-v1.5"", ""event_count"": 500, ""freshness_floor_for_budget"": 0.0, ""freshness_hit_at_1s"": 0.83, ""freshness_hit_at_5s"": 0.83, ""llm_context_cost_est"": 262.90855704697987, ""overlap_skipped_event_count"": 0, ""p95_visibility_latency_ms"": 5000.0, ""primary_quality_metric"": ""ndcg_at_10"", ""primary_quality_value"": 0.5036012799037003, ""profile"": ""portable-agentic"", ""retrieval_cost_est"": 7.550775206215574e-09, ""search_params"": {""hnsw_ef"": 64}, ""stale_answer_rate_at_5s"": 0.17000000000000004, ""task_cost_est"": 262.90855705453066}",0.5978161286886119,0.5036012799037003,0.5281080217321827,6.246291450224817,7.7752539771609,8.214323689462615,958.0203487373918,6.750393034356724e-06,120.0,0.0,0,4.8649999662302434,7.758724134182557,262.90855705453066,0.83,0.83,0.17000000000000004,5000.0,,2537.719961875002,10,1.1193662909790874,894,10,0.9331743330694735,894,4.074188790982589,10.0,0.0,0.0,0.0,0.026041666666666668,/Volumes/Max/AI/Project/MaxionBench/artifacts/runs/portable/b0/s2_streaming_memory__bge-small-en-v1-5/qdrant,run-f39a7f82cc-r0-c8-t25-portable_s2,f39a7f82cc20555e9a42284b7b2623479a08b546c0b0eaf60eec9c7313bb86d3,portable_text_qrels_plus_streaming_events,ndcg_at_10,processed_text_qrels,10.0,portable-agentic,b0,BAAI/bge-small-en-v1.5,384.0,0.15,"{'avg_retrieved_input_tokens': 1752.7237136465324, 'budget_level': 'b0', 'c_llm_in': 0.15, 'embedding_cost_est': 0.0, 'embedding_dim': 384, 'embedding_model': 'BAAI/bge-small-en-v1.5', 'event_count': 500, 'freshness_floor_for_budget': 0.0, 'freshness_hit_at_1s': 0.83, 'freshness_hit_at_5s': 0.83, 'llm_context_cost_est': 262.90855704697987, 'overlap_skipped_event_count': 0, 'p95_visibility_latency_ms': 5000.0, 'primary_quality_metric': 'ndcg_at_10', 'primary_quality_value': 0.5036012799037003, 'profile': 'portable-agentic', 'retrieval_cost_est': 7.550775206215574e-09, 'search_params': {'hnsw_ef': 64}, 'stale_answer_rate_at_5s': 0.17000000000000004, 'task_cost_est': 262.90855705453066}",portable-agentic,ndcg_at_10,0.5036012799037003,,,,,,,,500.0,0.0,0,5.0
s2_streaming_memory,b0,8,faiss-cpu,BAAI/bge-base-en-v1.5,run-3bf630a9f6-r0-c8-t25-portable_s2,2026-04-26T00:40:01+00:00,0,cpu,D4,portable-s2-unresolved,42,2,0.25,"{""avg_retrieved_input_tokens"": 1883.7371364653243, ""budget_level"": ""b0"", ""c_llm_in"": 0.15, ""embedding_cost_est"": 0.0, ""embedding_dim"": 768, ""embedding_model"": ""BAAI/bge-base-en-v1.5"", ""event_count"": 500, ""freshness_floor_for_budget"": 0.0, ""freshness_hit_at_1s"": 0.846, ""freshness_hit_at_5s"": 0.846, ""llm_context_cost_est"": 282.5605704697986, ""overlap_skipped_event_count"": 0, ""p95_visibility_latency_ms"": 5000.0, ""primary_quality_metric"": ""ndcg_at_10"", ""primary_quality_value"": 0.5268284656504536, ""profile"": ""portable-agentic"", ""retrieval_cost_est"": 1.9164081416379577e-08, ""search_params"": {""hnsw_ef"": 64}, ""stale_answer_rate_at_5s"": 0.15400000000000003, ""task_cost_est"": 282.5605704889627}",0.6235764887610525,0.5268284656504536,0.5555546678029899,12.421021005138755,20.894498255802315,21.905016424134363,378.57820463306564,1.713268878624334e-05,120.0,0.0,0,0.01570803578943014,0.017208047211170197,282.5605704889627,0.846,0.846,0.15400000000000003,5000.0,,2595.8060094580287,10,2.343435624963604,894,10,2.36146716598887,894,4.145140624954365,10.0,0.0,0.1474916934967041,0.0001440348569303751,0.026118372729797557,/Volumes/Max/AI/Project/MaxionBench/artifacts/runs/portable/b0/s2_streaming_memory__bge-base-en-v1-5/faiss_cpu,run-3bf630a9f6-r0-c8-t25-portable_s2,3bf630a9f6031669ef79a8f86fce13ad947a5a009715dea22a6712e02cde4ccf,portable_text_qrels_plus_streaming_events,ndcg_at_10,processed_text_qrels,10.0,portable-agentic,b0,BAAI/bge-base-en-v1.5,768.0,0.15,"{'avg_retrieved_input_tokens': 1883.7371364653243, 'budget_level': 'b0', 'c_llm_in': 0.15, 'embedding_cost_est': 0.0, 'embedding_dim': 768, 'embedding_model': 'BAAI/bge-base-en-v1.5', 'event_count': 500, 'freshness_floor_for_budget': 0.0, 'freshness_hit_at_1s': 0.846, 'freshness_hit_at_5s': 0.846, 'llm_context_cost_est': 282.5605704697986, 'overlap_skipped_event_count': 0, 'p95_visibility_latency_ms': 5000.0, 'primary_quality_metric': 'ndcg_at_10', 'primary_quality_value': 0.5268284656504536, 'profile': 'portable-agentic', 'retrieval_cost_est': 1.9164081416379577e-08, 'search_params': {'hnsw_ef': 64}, 'stale_answer_rate_at_5s': 0.15400000000000003, 'task_cost_est': 282.5605704889627}",portable-agentic,ndcg_at_10,0.5268284656504536,,,,,,,,500.0,0.0,0,6.0
s2_streaming_memory,b0,8,qdrant,BAAI/bge-base-en-v1.5,run-9909bfa439-r0-c8-t25-portable_s2,2026-04-26T05:48:21+00:00,0,server,D4,portable-s2-unresolved,42,2,0.25,"{""avg_retrieved_input_tokens"": 1886.3489932885907, ""budget_level"": ""b0"", ""c_llm_in"": 0.15, ""embedding_cost_est"": 0.0, ""embedding_dim"": 768, ""embedding_model"": ""BAAI/bge-base-en-v1.5"", ""event_count"": 500, ""freshness_floor_for_budget"": 0.0, ""freshness_hit_at_1s"": 0.85, ""freshness_hit_at_5s"": 0.85, ""llm_context_cost_est"": 282.9523489932886, ""overlap_skipped_event_count"": 0, ""p95_visibility_latency_ms"": 5000.0, ""primary_quality_metric"": ""ndcg_at_10"", ""primary_quality_value"": 0.5200274991098041, ""profile"": ""portable-agentic"", ""retrieval_cost_est"": 8.663886404730761e-09, ""search_params"": {""hnsw_ef"": 32}, ""stale_answer_rate_at_5s"": 0.15000000000000002, ""task_cost_est"": 282.9523490019525}",0.614627942899755,0.5200274991098041,0.5500625865558751,7.071291503962129,8.969195996178314,9.50274660717696,834.9366506405729,7.7455144458293e-06,120.0,0.0,0,4.715041432064027,8.111117334337903,282.9523490019525,0.85,0.85,0.15000000000000002,5000.0,,2555.220268499921,10,1.1235334579832852,894,10,1.0707399169914424,894,4.1214402499608696,10.0,0.0,0.0,0.0,0.026041666666666668,/Volumes/Max/AI/Project/MaxionBench/artifacts/runs/portable/b0/s2_streaming_memory__bge-base-en-v1-5/qdrant,run-9909bfa439-r0-c8-t25-portable_s2,9909bfa439999a6f7e5a6aec461e040061450542ced022c8ef3e52a25233693b,portable_text_qrels_plus_streaming_events,ndcg_at_10,processed_text_qrels,10.0,portable-agentic,b0,BAAI/bge-base-en-v1.5,768.0,0.15,"{'avg_retrieved_input_tokens': 1886.3489932885907, 'budget_level': 'b0', 'c_llm_in': 0.15, 'embedding_cost_est': 0.0, 'embedding_dim': 768, 'embedding_model': 'BAAI/bge-base-en-v1.5', 'event_count': 500, 'freshness_floor_for_budget': 0.0, 'freshness_hit_at_1s': 0.85, 'freshness_hit_at_5s': 0.85, 'llm_context_cost_est': 282.9523489932886, 'overlap_skipped_event_count': 0, 'p95_visibility_latency_ms': 5000.0, 'primary_quality_metric': 'ndcg_at_10', 'primary_quality_value': 0.5200274991098041, 'profile': 'portable-agentic', 'retrieval_cost_est': 8.663886404730761e-09, 'search_params': {'hnsw_ef': 32}, 'stale_answer_rate_at_5s': 0.15000000000000002, 'task_cost_est': 282.9523490019525}",portable-agentic,ndcg_at_10,0.5200274991098041,,,,,,,,500.0,0.0,0,7.0
s2_streaming_memory,b0,8,pgvector,BAAI/bge-base-en-v1.5,run-2463e191e4-r0-c8-t25-portable_s2,2026-04-26T04:22:48+00:00,0,postgres16-pgvector,D4,portable-s2-unresolved,42,2,0.25,"{""avg_retrieved_input_tokens"": 2187.9821428571427, ""budget_level"": ""b0"", ""c_llm_in"": 0.15, ""embedding_cost_est"": 0.0, ""embedding_dim"": 768, ""embedding_model"": ""BAAI/bge-base-en-v1.5"", ""event_count"": 500, ""freshness_floor_for_budget"": 0.0, ""freshness_hit_at_1s"": 0.846, ""freshness_hit_at_5s"": 0.846, ""llm_context_cost_est"": 328.1973214285714, ""overlap_skipped_event_count"": 0, ""p95_visibility_latency_ms"": 5000.0, ""primary_quality_metric"": ""ndcg_at_10"", ""primary_quality_value"": 0.7319158192712868, ""profile"": ""portable-agentic"", ""retrieval_cost_est"": 6.562866181749775e-07, ""search_params"": {""ivfflat_probes"": 32}, ""stale_answer_rate_at_5s"": 0.15400000000000003, ""task_cost_est"": 328.197322084858}",0.8714285714285713,0.7319158192712868,0.6913052721088435,416.8612290523015,717.7443189255428,748.1766877393238,11.028135559200962,7.350410123559748e-05,120.0,0.875,0,0.40606246329844,1.1864567408338182,328.197322084858,0.846,0.846,0.15400000000000003,5000.0,,2586.7928491249913,10,10.541008749976754,112,10,10.15584179200232,112,4.175960332970135,10.0,0.0,0.0,0.0004226267337799072,0.026055424047323566,/Volumes/Max/AI/Project/MaxionBench/artifacts/runs/portable/b0/s2_streaming_memory__bge-base-en-v1-5/pgvector,run-2463e191e4-r0-c8-t25-portable_s2,2463e191e435d1da9d93902bf8197271cef860d9ac5948b462444deb1cfd2386,portable_text_qrels_plus_streaming_events,ndcg_at_10,processed_text_qrels,10.0,portable-agentic,b0,BAAI/bge-base-en-v1.5,768.0,0.15,"{'avg_retrieved_input_tokens': 2187.9821428571427, 'budget_level': 'b0', 'c_llm_in': 0.15, 'embedding_cost_est': 0.0, 'embedding_dim': 768, 'embedding_model': 'BAAI/bge-base-en-v1.5', 'event_count': 500, 'freshness_floor_for_budget': 0.0, 'freshness_hit_at_1s': 0.846, 'freshness_hit_at_5s': 0.846, 'llm_context_cost_est': 328.1973214285714, 'overlap_skipped_event_count': 0, 'p95_visibility_latency_ms': 5000.0, 'primary_quality_metric': 'ndcg_at_10', 'primary_quality_value': 0.7319158192712868, 'profile': 'portable-agentic', 'retrieval_cost_est': 6.562866181749775e-07, 'search_params': {'ivfflat_probes': 32}, 'stale_answer_rate_at_5s': 0.15400000000000003, 'task_cost_est': 328.197322084858}",portable-agentic,ndcg_at_10,0.7319158192712868,,,,,,,,500.0,0.0,0,8.0
s2_streaming_memory,b1,8,faiss-cpu,BAAI/bge-small-en-v1.5,run-71f15fb560-r0-c8-t25-portable_s2,2026-04-26T21:48:12+00:00,0,cpu,D4,portable-s2-unresolved,42,2,0.25,"{""avg_retrieved_input_tokens"": 1751.7281879194632, ""budget_level"": ""b1"", ""c_llm_in"": 0.15, ""embedding_cost_est"": 0.0, ""embedding_dim"": 384, ""embedding_model"": ""BAAI/bge-small-en-v1.5"", ""event_count"": 500, ""freshness_floor_for_budget"": 0.6, ""freshness_hit_at_1s"": 0.83, ""freshness_hit_at_5s"": 0.83, ""llm_context_cost_est"": 262.75922818791946, ""overlap_skipped_event_count"": 0, ""p95_visibility_latency_ms"": 5000.0, ""primary_quality_metric"": ""ndcg_at_10"", ""primary_quality_value"": 0.5055062099023669, ""profile"": ""portable-agentic"", ""retrieval_cost_est"": 9.220892450258161e-09, ""search_params"": {""hnsw_ef"": 32}, ""stale_answer_rate_at_5s"": 0.17000000000000004, ""task_cost_est"": 262.7592281971404}",0.6007523702993501,0.5055062099023669,0.5295093391569902,5.807750043459237,10.020479623926803,10.203539383364841,785.6796265730893,8.243477850530796e-06,120.0,0.0,0,0.00925001222640276,0.009457929991185665,262.7592281971404,0.83,0.83,0.17000000000000004,5000.0,,2540.362447166932,15,1.1404275000095367,894,30,1.1378683750517666,894,4.116251792060211,10.0,0.0,0.07525086402893066,7.34871719032526e-05,0.02608080241316202,/Volumes/Max/AI/Project/MaxionBench/artifacts/runs/portable/b1/s2_streaming_memory__bge-small-en-v1-5/faiss_cpu,run-71f15fb560-r0-c8-t25-portable_s2,71f15fb5602352c066c140079455fa9391a2ebb46f7ab96edfa54b4bef48e671,portable_text_qrels_plus_streaming_events,ndcg_at_10,processed_text_qrels,10.0,portable-agentic,b1,BAAI/bge-small-en-v1.5,384.0,0.15,"{'avg_retrieved_input_tokens': 1751.7281879194632, 'budget_level': 'b1', 'c_llm_in': 0.15, 'embedding_cost_est': 0.0, 'embedding_dim': 384, 'embedding_model': 'BAAI/bge-small-en-v1.5', 'event_count': 500, 'freshness_floor_for_budget': 0.6, 'freshness_hit_at_1s': 0.83, 'freshness_hit_at_5s': 0.83, 'llm_context_cost_est': 262.75922818791946, 'overlap_skipped_event_count': 0, 'p95_visibility_latency_ms': 5000.0, 'primary_quality_metric': 'ndcg_at_10', 'primary_quality_value': 0.5055062099023669, 'profile': 'portable-agentic', 'retrieval_cost_est': 9.220892450258161e-09, 'search_params': {'hnsw_ef': 32}, 'stale_answer_rate_at_5s': 0.17000000000000004, 'task_cost_est': 262.7592281971404}",portable-agentic,ndcg_at_10,0.5055062099023669,,,,,,,,500.0,0.0,1,1.0
s2_streaming_memory,b1,8,lancedb-inproc,BAAI/bge-small-en-v1.5,run-deb9dc81d3-r0-c8-t25-portable_s2,2026-04-26T23:32:42+00:00,0,local,D4,portable-s2-unresolved,42,2,0.25,"{""avg_retrieved_input_tokens"": 1751.7281879194632, ""budget_level"": ""b1"", ""c_llm_in"": 0.15, ""embedding_cost_est"": 0.0, ""embedding_dim"": 384, ""embedding_model"": ""BAAI/bge-small-en-v1.5"", ""event_count"": 500, ""freshness_floor_for_budget"": 0.6, ""freshness_hit_at_1s"": 0.83, ""freshness_hit_at_5s"": 0.83, ""llm_context_cost_est"": 262.75922818791946, ""overlap_skipped_event_count"": 0, ""p95_visibility_latency_ms"": 5000.0, ""primary_quality_metric"": ""ndcg_at_10"", ""primary_quality_value"": 0.5055062099023669, ""profile"": ""portable-agentic"", ""retrieval_cost_est"": 7.55559713838079e-08, ""search_params"": {""hnsw_ef"": 64}, ""stale_answer_rate_at_5s"": 0.17000000000000004, ""task_cost_est"": 262.75922826347545}",0.6007523702993501,0.5055062099023669,0.5295093391569902,77.91675004409626,89.32853081496432,112.83679959364224,95.88397823444166,6.754703841712427e-05,120.0,0.005592841163310962,0,0.00016600824892520905,0.00016705598682165146,262.75922826347545,0.83,0.83,0.17000000000000004,5000.0,,3133.2575375830056,15,9.029775582952425,894,30,9.323768333997577,894,4.038371874950826,10.0,0.0,0.07224082946777344,0.0001119776916311821,0.02608058561632968,/Volumes/Max/AI/Project/MaxionBench/artifacts/runs/portable/b1/s2_streaming_memory__bge-small-en-v1-5/lancedb_inproc,run-deb9dc81d3-r0-c8-t25-portable_s2,deb9dc81d3bace7ee4db55fd9ecf7fc6e62a1c8a57ceacd7d4abacc22eee6ec6,portable_text_qrels_plus_streaming_events,ndcg_at_10,processed_text_qrels,10.0,portable-agentic,b1,BAAI/bge-small-en-v1.5,384.0,0.15,"{'avg_retrieved_input_tokens': 1751.7281879194632, 'budget_level': 'b1', 'c_llm_in': 0.15, 'embedding_cost_est': 0.0, 'embedding_dim': 384, 'embedding_model': 'BAAI/bge-small-en-v1.5', 'event_count': 500, 'freshness_floor_for_budget': 0.6, 'freshness_hit_at_1s': 0.83, 'freshness_hit_at_5s': 0.83, 'llm_context_cost_est': 262.75922818791946, 'overlap_skipped_event_count': 0, 'p95_visibility_latency_ms': 5000.0, 'primary_quality_metric': 'ndcg_at_10', 'primary_quality_value': 0.5055062099023669, 'profile': 'portable-agentic', 'retrieval_cost_est': 7.55559713838079e-08, 'search_params': {'hnsw_ef': 64}, 'stale_answer_rate_at_5s': 0.17000000000000004, 'task_cost_est': 262.75922826347545}",portable-agentic,ndcg_at_10,0.5055062099023669,,,,,,,,500.0,0.0,1,2.0
s2_streaming_memory,b1,8,pgvector,BAAI/bge-small-en-v1.5,run-15730963d4-r0-c8-t25-portable_s2,2026-04-27T01:47:21+00:00,0,postgres16-pgvector,D4,portable-s2-unresolved,42,2,0.25,"{""avg_retrieved_input_tokens"": 1751.7281879194632, ""budget_level"": ""b1"", ""c_llm_in"": 0.15, ""embedding_cost_est"": 0.0, ""embedding_dim"": 384, ""embedding_model"": ""BAAI/bge-small-en-v1.5"", ""event_count"": 500, ""freshness_floor_for_budget"": 0.6, ""freshness_hit_at_1s"": 0.83, ""freshness_hit_at_5s"": 0.83, ""llm_context_cost_est"": 262.75922818791946, ""overlap_skipped_event_count"": 0, ""p95_visibility_latency_ms"": 5000.0, ""primary_quality_metric"": ""ndcg_at_10"", ""primary_quality_value"": 0.5055062099023669, ""profile"": ""portable-agentic"", ""retrieval_cost_est"": 1.544695367945788e-07, ""search_params"": {""ivfflat_probes"": 64}, ""stale_answer_rate_at_5s"": 0.17000000000000004, ""task_cost_est"": 262.759228342389}",0.6007523702993501,0.5055062099023669,0.5295093391569902,96.33970796130598,170.25105173815967,183.77559034735893,46.84133095149111,0.00013809576589435344,120.0,0.34116331096196867,0,1.9608125439845026,2.888612620299682,262.759228342389,0.83,0.83,0.17000000000000004,5000.0,,2618.405848665978,15,15.04949670797214,432,30,19.085708749946207,894,4.131356041063555,10.0,0.0,0.0,0.00019490718841552734,0.026048011301706236,/Volumes/Max/AI/Project/MaxionBench/artifacts/runs/portable/b1/s2_streaming_memory__bge-small-en-v1-5/pgvector,run-15730963d4-r0-c8-t25-portable_s2,15730963d4774e2c91e11c4b9be927301027f677b18b3723312a4607025c5e72,portable_text_qrels_plus_streaming_events,ndcg_at_10,processed_text_qrels,10.0,portable-agentic,b1,BAAI/bge-small-en-v1.5,384.0,0.15,"{'avg_retrieved_input_tokens': 1751.7281879194632, 'budget_level': 'b1', 'c_llm_in': 0.15, 'embedding_cost_est': 0.0, 'embedding_dim': 384, 'embedding_model': 'BAAI/bge-small-en-v1.5', 'event_count': 500, 'freshness_floor_for_budget': 0.6, 'freshness_hit_at_1s': 0.83, 'freshness_hit_at_5s': 0.83, 'llm_context_cost_est': 262.75922818791946, 'overlap_skipped_event_count': 0, 'p95_visibility_latency_ms': 5000.0, 'primary_quality_metric': 'ndcg_at_10', 'primary_quality_value': 0.5055062099023669, 'profile': 'portable-agentic', 'retrieval_cost_est': 1.544695367945788e-07, 'search_params': {'ivfflat_probes': 64}, 'stale_answer_rate_at_5s': 0.17000000000000004, 'task_cost_est': 262.759228342389}",portable-agentic,ndcg_at_10,0.5055062099023669,,,,,,,,500.0,0.0,1,3.0
s2_streaming_memory,b1,8,qdrant,BAAI/bge-small-en-v1.5,run-177d9d62e0-r0-c8-t25-portable_s2,2026-04-27T03:12:16+00:00,0,server,D4,portable-s2-unresolved,42,2,0.25,"{""avg_retrieved_input_tokens"": 1756.8031319910515, ""budget_level"": ""b1"", ""c_llm_in"": 0.15, ""embedding_cost_est"": 0.0, ""embedding_dim"": 384, ""embedding_model"": ""BAAI/bge-small-en-v1.5"", ""event_count"": 500, ""freshness_floor_for_budget"": 0.6, ""freshness_hit_at_1s"": 0.832, ""freshness_hit_at_5s"": 0.832, ""llm_context_cost_est"": 263.5204697986577, ""overlap_skipped_event_count"": 0, ""p95_visibility_latency_ms"": 5000.0, ""primary_quality_metric"": ""ndcg_at_10"", ""primary_quality_value"": 0.4978224444354181, ""profile"": ""portable-agentic"", ""retrieval_cost_est"": 6.941815388292688e-09, ""search_params"": {""hnsw_ef"": 32}, ""stale_answer_rate_at_5s"": 0.16800000000000004, ""task_cost_est"": 263.52046980559953}",0.5892311175029296,0.4978224444354181,0.5226736444018323,5.689707992132753,7.230325136333702,7.696758207166567,1042.0611744437963,6.205982957133663e-06,120.0,0.0,0,4.763770964927971,7.994237866951152,263.52046980559953,0.832,0.832,0.16800000000000004,5000.0,,2536.3901046670508,15,1.0506234590429813,894,30,0.8579150839941576,894,4.1289304160745814,10.0,0.0,0.0,0.0,0.026041666666666668,/Volumes/Max/AI/Project/MaxionBench/artifacts/runs/portable/b1/s2_streaming_memory__bge-small-en-v1-5/qdrant,run-177d9d62e0-r0-c8-t25-portable_s2,177d9d62e0fd9913de164d888ed52c1a4da83146f82abeaf1ec8de078bd1a83a,portable_text_qrels_plus_streaming_events,ndcg_at_10,processed_text_qrels,10.0,portable-agentic,b1,BAAI/bge-small-en-v1.5,384.0,0.15,"{'avg_retrieved_input_tokens': 1756.8031319910515, 'budget_level': 'b1', 'c_llm_in': 0.15, 'embedding_cost_est': 0.0, 'embedding_dim': 384, 'embedding_model': 'BAAI/bge-small-en-v1.5', 'event_count': 500, 'freshness_floor_for_budget': 0.6, 'freshness_hit_at_1s': 0.832, 'freshness_hit_at_5s': 0.832, 'llm_context_cost_est': 263.5204697986577, 'overlap_skipped_event_count': 0, 'p95_visibility_latency_ms': 5000.0, 'primary_quality_metric': 'ndcg_at_10', 'primary_quality_value': 0.4978224444354181, 'profile': 'portable-agentic', 'retrieval_cost_est': 6.941815388292688e-09, 'search_params': {'hnsw_ef': 32}, 'stale_answer_rate_at_5s': 0.16800000000000004, 'task_cost_est': 263.52046980559953}",portable-agentic,ndcg_at_10,0.4978224444354181,,,,,,,,500.0,0.0,1,4.0
s2_streaming_memory,b1,8,faiss-cpu,BAAI/bge-base-en-v1.5,run-d9db3a0f31-r0-c8-t25-portable_s2,2026-04-26T15:02:30+00:00,0,cpu,D4,portable-s2-unresolved,42,2,0.25,"{""avg_retrieved_input_tokens"": 1883.7371364653243, ""budget_level"": ""b1"", ""c_llm_in"": 0.15, ""embedding_cost_est"": 0.0, ""embedding_dim"": 768, ""embedding_model"": ""BAAI/bge-base-en-v1.5"", ""event_count"": 500, ""freshness_floor_for_budget"": 0.6, ""freshness_hit_at_1s"": 0.846, ""freshness_hit_at_5s"": 0.846, ""llm_context_cost_est"": 282.5605704697986, ""overlap_skipped_event_count"": 0, ""p95_visibility_latency_ms"": 5000.0, ""primary_quality_metric"": ""ndcg_at_10"", ""primary_quality_value"": 0.5268284656504536, ""profile"": ""portable-agentic"", ""retrieval_cost_est"": 1.934715444286558e-08, ""search_params"": {""hnsw_ef"": 64}, ""stale_answer_rate_at_5s"": 0.15400000000000003, ""task_cost_est"": 282.5605704891458}",0.6235764887610525,0.5268284656504536,0.5555546678029899,12.519395560957491,21.125918853795156,21.54384787310846,374.99589707003423,1.7296356071921827e-05,120.0,0.0,0,0.0177919864654541,0.018417430110275745,282.5605704891458,0.846,0.846,0.15400000000000003,5000.0,,2594.3835714999586,15,2.3893472079653293,894,30,2.3840260839788243,894,4.201735332957469,10.0,0.0,0.1474916934967041,0.0001440348569303751,0.026118372729797557,/Volumes/Max/AI/Project/MaxionBench/artifacts/runs/portable/b1/s2_streaming_memory__bge-base-en-v1-5/faiss_cpu,run-d9db3a0f31-r0-c8-t25-portable_s2,d9db3a0f31e8853820991cf9bec76e3219372e04fc2dca336891aee961ee8ffb,portable_text_qrels_plus_streaming_events,ndcg_at_10,processed_text_qrels,10.0,portable-agentic,b1,BAAI/bge-base-en-v1.5,768.0,0.15,"{'avg_retrieved_input_tokens': 1883.7371364653243, 'budget_level': 'b1', 'c_llm_in': 0.15, 'embedding_cost_est': 0.0, 'embedding_dim': 768, 'embedding_model': 'BAAI/bge-base-en-v1.5', 'event_count': 500, 'freshness_floor_for_budget': 0.6, 'freshness_hit_at_1s': 0.846, 'freshness_hit_at_5s': 0.846, 'llm_context_cost_est': 282.5605704697986, 'overlap_skipped_event_count': 0, 'p95_visibility_latency_ms': 5000.0, 'primary_quality_metric': 'ndcg_at_10', 'primary_quality_value': 0.5268284656504536, 'profile': 'portable-agentic', 'retrieval_cost_est': 1.934715444286558e-08, 'search_params': {'hnsw_ef': 64}, 'stale_answer_rate_at_5s': 0.15400000000000003, 'task_cost_est': 282.5605704891458}",portable-agentic,ndcg_at_10,0.5268284656504536,,,,,,,,500.0,0.0,1,5.0
s2_streaming_memory,b1,8,lancedb-inproc,BAAI/bge-base-en-v1.5,run-a4c40fab37-r0-c8-t25-portable_s2,2026-04-26T17:29:42+00:00,0,local,D4,portable-s2-unresolved,42,2,0.25,"{""avg_retrieved_input_tokens"": 1883.7371364653243, ""budget_level"": ""b1"", ""c_llm_in"": 0.15, ""embedding_cost_est"": 0.0, ""embedding_dim"": 768, ""embedding_model"": ""BAAI/bge-base-en-v1.5"", ""event_count"": 500, ""freshness_floor_for_budget"": 0.6, ""freshness_hit_at_1s"": 0.846, ""freshness_hit_at_5s"": 0.846, ""llm_context_cost_est"": 282.5605704697986, ""overlap_skipped_event_count"": 0, ""p95_visibility_latency_ms"": 5000.0, ""primary_quality_metric"": ""ndcg_at_10"", ""primary_quality_value"": 0.5268284656504536, ""profile"": ""portable-agentic"", ""retrieval_cost_est"": 1.5451115219241502e-07, ""search_params"": {""hnsw_ef"": 32}, ""stale_answer_rate_at_5s"": 0.15400000000000003, ""task_cost_est"": 282.5605706243098}",0.6235764887610525,0.5268284656504536,0.5555546678029899,159.4542085658759,181.99155671754852,201.50574135128394,46.95481985022036,0.00013813297006001903,120.0,0.9686800894854586,0,0.00016600824892520905,0.000250060111284256,282.5605706243098,0.846,0.846,0.15400000000000003,5000.0,,3744.622828916996,15,15.105767417000607,688,30,19.03957895806525,894,4.148039333987981,10.0,0.0,0.14448165893554688,0.00018252552399644628,0.026118155937761383,/Volumes/Max/AI/Project/MaxionBench/artifacts/runs/portable/b1/s2_streaming_memory__bge-base-en-v1-5/lancedb_inproc,run-a4c40fab37-r0-c8-t25-portable_s2,a4c40fab37589efeb56829c7fa5eb9ae318946d6f004daf16b4aa1c0957491aa,portable_text_qrels_plus_streaming_events,ndcg_at_10,processed_text_qrels,10.0,portable-agentic,b1,BAAI/bge-base-en-v1.5,768.0,0.15,"{'avg_retrieved_input_tokens': 1883.7371364653243, 'budget_level': 'b1', 'c_llm_in': 0.15, 'embedding_cost_est': 0.0, 'embedding_dim': 768, 'embedding_model': 'BAAI/bge-base-en-v1.5', 'event_count': 500, 'freshness_floor_for_budget': 0.6, 'freshness_hit_at_1s': 0.846, 'freshness_hit_at_5s': 0.846, 'llm_context_cost_est': 282.5605704697986, 'overlap_skipped_event_count': 0, 'p95_visibility_latency_ms': 5000.0, 'primary_quality_metric': 'ndcg_at_10', 'primary_quality_value': 0.5268284656504536, 'profile': 'portable-agentic', 'retrieval_cost_est': 1.5451115219241502e-07, 'search_params': {'hnsw_ef': 32}, 'stale_answer_rate_at_5s': 0.15400000000000003, 'task_cost_est': 282.5605706243098}",portable-agentic,ndcg_at_10,0.5268284656504536,,,,,,,,500.0,0.0,1,6.0
s2_streaming_memory,b1,8,qdrant,BAAI/bge-base-en-v1.5,run-d17d378efd-r0-c8-t25-portable_s2,2026-04-26T20:23:12+00:00,0,server,D4,portable-s2-unresolved,42,2,0.25,"{""avg_retrieved_input_tokens"": 1887.5715883668904, ""budget_level"": ""b1"", ""c_llm_in"": 0.15, ""embedding_cost_est"": 0.0, ""embedding_dim"": 768, ""embedding_model"": ""BAAI/bge-base-en-v1.5"", ""event_count"": 500, ""freshness_floor_for_budget"": 0.6, ""freshness_hit_at_1s"": 0.848, ""freshness_hit_at_5s"": 0.848, ""llm_context_cost_est"": 283.1357382550336, ""overlap_skipped_event_count"": 0, ""p95_visibility_latency_ms"": 5000.0, ""primary_quality_metric"": ""ndcg_at_10"", ""primary_quality_value"": 0.523866380151599, ""profile"": ""portable-agentic"", ""retrieval_cost_est"": 9.089757616281162e-09, ""search_params"": {""hnsw_ef"": 64}, ""stale_answer_rate_at_5s"": 0.15200000000000002, ""task_cost_est"": 283.13573826412335}",0.6181234686268243,0.523866380151599,0.553642448776677,7.507708505727351,9.457185579231009,10.062777979765086,795.8183927082334,8.126243308955358e-06,120.0,0.0,0,4.9012499512173235,7.663887359667569,283.13573826412335,0.848,0.848,0.15200000000000002,5000.0,,2555.3643460000167,15,1.191793999983929,894,30,1.1233718750299886,894,4.166844292078167,10.0,0.0,0.0,0.0,0.026041666666666668,/Volumes/Max/AI/Project/MaxionBench/artifacts/runs/portable/b1/s2_streaming_memory__bge-base-en-v1-5/qdrant,run-d17d378efd-r0-c8-t25-portable_s2,d17d378efdb499c5458f70ebd4982558b28387121ca722bc48a70291a5f6dc56,portable_text_qrels_plus_streaming_events,ndcg_at_10,processed_text_qrels,10.0,portable-agentic,b1,BAAI/bge-base-en-v1.5,768.0,0.15,"{'avg_retrieved_input_tokens': 1887.5715883668904, 'budget_level': 'b1', 'c_llm_in': 0.15, 'embedding_cost_est': 0.0, 'embedding_dim': 768, 'embedding_model': 'BAAI/bge-base-en-v1.5', 'event_count': 500, 'freshness_floor_for_budget': 0.6, 'freshness_hit_at_1s': 0.848, 'freshness_hit_at_5s': 0.848, 'llm_context_cost_est': 283.1357382550336, 'overlap_skipped_event_count': 0, 'p95_visibility_latency_ms': 5000.0, 'primary_quality_metric': 'ndcg_at_10', 'primary_quality_value': 0.523866380151599, 'profile': 'portable-agentic', 'retrieval_cost_est': 9.089757616281162e-09, 'search_params': {'hnsw_ef': 64}, 'stale_answer_rate_at_5s': 0.15200000000000002, 'task_cost_est': 283.13573826412335}",portable-agentic,ndcg_at_10,0.523866380151599,,,,,,,,500.0,0.0,1,7.0
s2_streaming_memory,b1,8,pgvector,BAAI/bge-base-en-v1.5,run-2924a12462-r0-c8-t25-portable_s2,2026-04-26T18:57:22+00:00,0,postgres16-pgvector,D4,portable-s2-unresolved,42,2,0.25,"{""avg_retrieved_input_tokens"": 1901.4666666666667, ""budget_level"": ""b1"", ""c_llm_in"": 0.15, ""embedding_cost_est"": 0.0, ""embedding_dim"": 768, ""embedding_model"": ""BAAI/bge-base-en-v1.5"", ""event_count"": 500, ""freshness_floor_for_budget"": 0.6, ""freshness_hit_at_1s"": 0.846, ""freshness_hit_at_5s"": 0.846, ""llm_context_cost_est"": 285.21999999999997, ""overlap_skipped_event_count"": 0, ""p95_visibility_latency_ms"": 5000.0, ""primary_quality_metric"": ""ndcg_at_10"", ""primary_quality_value"": 0.5359346864678227, ""profile"": ""portable-agentic"", ""retrieval_cost_est"": 6.077871262893476e-07, ""search_params"": {""ivfflat_probes"": 32}, ""stale_answer_rate_at_5s"": 0.15400000000000003, ""task_cost_est"": 285.2200006077871}",0.6255048500881835,0.5359346864678227,0.5613172398589066,388.33899941528216,667.0165586576331,770.2169696695645,11.908146478784595,0.00021880336546416514,120.0,0.875,0,0.3891249652951956,0.8428284362889824,285.2200006077871,0.846,0.846,0.15400000000000003,5000.0,,2616.8318826250033,15,15.404887584038079,168,30,30.23140508402139,360,3.989386250032112,10.0,0.0,0.0,0.00042266398668289185,0.026055425259983167,/Volumes/Max/AI/Project/MaxionBench/artifacts/runs/portable/b1/s2_streaming_memory__bge-base-en-v1-5/pgvector,run-2924a12462-r0-c8-t25-portable_s2,2924a124620a31a62197e8ff3431e4d3221de343bdeb5341390c8595f4d839fa,portable_text_qrels_plus_streaming_events,ndcg_at_10,processed_text_qrels,10.0,portable-agentic,b1,BAAI/bge-base-en-v1.5,768.0,0.15,"{'avg_retrieved_input_tokens': 1901.4666666666667, 'budget_level': 'b1', 'c_llm_in': 0.15, 'embedding_cost_est': 0.0, 'embedding_dim': 768, 'embedding_model': 'BAAI/bge-base-en-v1.5', 'event_count': 500, 'freshness_floor_for_budget': 0.6, 'freshness_hit_at_1s': 0.846, 'freshness_hit_at_5s': 0.846, 'llm_context_cost_est': 285.21999999999997, 'overlap_skipped_event_count': 0, 'p95_visibility_latency_ms': 5000.0, 'primary_quality_metric': 'ndcg_at_10', 'primary_quality_value': 0.5359346864678227, 'profile': 'portable-agentic', 'retrieval_cost_est': 6.077871262893476e-07, 'search_params': {'ivfflat_probes': 32}, 'stale_answer_rate_at_5s': 0.15400000000000003, 'task_cost_est': 285.2200006077871}",portable-agentic,ndcg_at_10,0.5359346864678227,,,,,,,,500.0,0.0,1,8.0
s2_streaming_memory,b2,8,faiss-cpu,BAAI/bge-small-en-v1.5,run-621486a537-r1-c8-t25-portable_s2,2026-04-29T02:23:00+00:00,1,cpu,D4,portable-s2-unresolved,42,2,0.25,"{""avg_retrieved_input_tokens"": 1751.7281879194632, ""budget_level"": ""b2"", ""c_llm_in"": 0.15, ""embedding_cost_est"": 0.0, ""embedding_dim"": 384, ""embedding_model"": ""BAAI/bge-small-en-v1.5"", ""event_count"": 500, ""freshness_floor_for_budget"": 0.8, ""freshness_hit_at_1s"": 0.83, ""freshness_hit_at_5s"": 0.83, ""llm_context_cost_est"": 262.75922818791946, ""observation_path"": ""/Volumes/Max/AI/Project/MaxionBench/artifacts/runs/portable/b2/s2_streaming_memory__bge-small-en-v1-5/faiss_cpu/logs/observations/s2_streaming_memory_r1_c8_s0.jsonl"", ""overlap_skipped_event_count"": 0, ""p95_visibility_latency_ms"": 5000.0, ""primary_quality_metric"": ""ndcg_at_10"", ""primary_quality_value"": 0.5055062099023669, ""profile"": ""portable-agentic"", ""retrieval_cost_est"": 8.951408118350429e-09, ""search_params"": {""hnsw_ef"": 32}, ""stale_answer_rate_at_5s"": 0.17000000000000004, ""task_cost_est"": 262.7592281968709}",0.6007523702993501,0.5055062099023669,0.5295093391569902,5.536417011171579,9.7165891318582,9.852235207799822,809.3327039952347,8.002558857805284e-06,120.0,0.0,0,0.00825000461190939,0.008457923540845513,262.7592281968709,0.83,0.83,0.17000000000000004,5000.0,,2542.009683124954,30,1.1066120410105214,894,60,1.104613709030673,894,0.1366209170082584,10.0,0.0,0.07525086402893066,7.34871719032526e-05,0.02608080241316202,/Volumes/Max/AI/Project/MaxionBench/artifacts/runs/portable/b2/s2_streaming_memory__bge-small-en-v1-5/faiss_cpu,run-621486a537-r0-c8-t25-portable_s2,621486a537c2b454a241db1b8844662972de93fbc9177fee3d24d931a285696c,portable_text_qrels_plus_streaming_events,ndcg_at_10,processed_text_qrels,10.0,portable-agentic,b2,BAAI/bge-small-en-v1.5,384.0,0.15,"{'avg_retrieved_input_tokens': 1751.7281879194632, 'budget_level': 'b2', 'c_llm_in': 0.15, 'embedding_cost_est': 0.0, 'embedding_dim': 384, 'embedding_model': 'BAAI/bge-small-en-v1.5', 'event_count': 500, 'freshness_floor_for_budget': 0.8, 'freshness_hit_at_1s': 0.83, 'freshness_hit_at_5s': 0.83, 'llm_context_cost_est': 262.75922818791946, 'observation_path': '/Volumes/Max/AI/Project/MaxionBench/artifacts/runs/portable/b2/s2_streaming_memory__bge-small-en-v1-5/faiss_cpu/logs/observations/s2_streaming_memory_r1_c8_s0.jsonl', 'overlap_skipped_event_count': 0, 'p95_visibility_latency_ms': 5000.0, 'primary_quality_metric': 'ndcg_at_10', 'primary_quality_value': 0.5055062099023669, 'profile': 'portable-agentic', 'retrieval_cost_est': 8.951408118350429e-09, 'search_params': {'hnsw_ef': 32}, 'stale_answer_rate_at_5s': 0.17000000000000004, 'task_cost_est': 262.7592281968709}",portable-agentic,ndcg_at_10,0.5055062099023669,/Volumes/Max/AI/Project/MaxionBench/artifacts/runs/portable/b2/s2_streaming_memory__bge-small-en-v1-5/faiss_cpu/logs/observations/s2_streaming_memory_r1_c8_s0.jsonl,,,,,,,500.0,0.0,2,1.0
s2_streaming_memory,b2,8,lancedb-inproc,BAAI/bge-small-en-v1.5,run-95904c1341-r0-c8-t25-portable_s2,2026-04-28T02:43:10+00:00,0,local,D4,portable-s2-unresolved,42,2,0.25,"{""avg_retrieved_input_tokens"": 1751.7281879194632, ""budget_level"": ""b2"", ""c_llm_in"": 0.15, ""embedding_cost_est"": 0.0, ""embedding_dim"": 384, ""embedding_model"": ""BAAI/bge-small-en-v1.5"", ""event_count"": 500, ""freshness_floor_for_budget"": 0.8, ""freshness_hit_at_1s"": 0.83, ""freshness_hit_at_5s"": 0.83, ""llm_context_cost_est"": 262.75922818791946, ""overlap_skipped_event_count"": 0, ""p95_visibility_latency_ms"": 5000.0, ""primary_quality_metric"": ""ndcg_at_10"", ""primary_quality_value"": 0.5055062099023669, ""profile"": ""portable-agentic"", ""retrieval_cost_est"": 7.490417688555738e-08, ""search_params"": {""hnsw_ef"": 64}, ""stale_answer_rate_at_5s"": 0.17000000000000004, ""task_cost_est"": 262.7592282628236}",0.6007523702993501,0.5055062099023669,0.5295093391569902,77.31020852224901,88.5406460496597,96.54146947315891,96.7183329003913,6.696433413568829e-05,120.0,0.0011185682326621924,0,0.000125030055642128,0.00016705598682165146,262.7592282628236,0.83,0.83,0.17000000000000004,5000.0,,3089.4150092080235,30,9.513864915934391,894,60,9.24333550001029,894,3.9887253750348464,10.0,0.0,0.07224082946777344,0.0001119776916311821,0.02608058561632968,/Volumes/Max/AI/Project/MaxionBench/artifacts/runs/portable/b2/s2_streaming_memory__bge-small-en-v1-5/lancedb_inproc,run-95904c1341-r0-c8-t25-portable_s2,95904c134196673af3ede579de486914ff896473642c9ed5b37171bc5121f341,portable_text_qrels_plus_streaming_events,ndcg_at_10,processed_text_qrels,10.0,portable-agentic,b2,BAAI/bge-small-en-v1.5,384.0,0.15,"{'avg_retrieved_input_tokens': 1751.7281879194632, 'budget_level': 'b2', 'c_llm_in': 0.15, 'embedding_cost_est': 0.0, 'embedding_dim': 384, 'embedding_model': 'BAAI/bge-small-en-v1.5', 'event_count': 500, 'freshness_floor_for_budget': 0.8, 'freshness_hit_at_1s': 0.83, 'freshness_hit_at_5s': 0.83, 'llm_context_cost_est': 262.75922818791946, 'overlap_skipped_event_count': 0, 'p95_visibility_latency_ms': 5000.0, 'primary_quality_metric': 'ndcg_at_10', 'primary_quality_value': 0.5055062099023669, 'profile': 'portable-agentic', 'retrieval_cost_est': 7.490417688555738e-08, 'search_params': {'hnsw_ef': 64}, 'stale_answer_rate_at_5s': 0.17000000000000004, 'task_cost_est': 262.7592282628236}",portable-agentic,ndcg_at_10,0.5055062099023669,,,,,,,,500.0,0.0,2,2.0
s2_streaming_memory,b2,8,pgvector,BAAI/bge-small-en-v1.5,run-69919bf610-r0-c8-t25-portable_s2,2026-04-28T05:55:14+00:00,0,postgres16-pgvector,D4,portable-s2-unresolved,42,2,0.25,"{""avg_retrieved_input_tokens"": 1751.7281879194632, ""budget_level"": ""b2"", ""c_llm_in"": 0.15, ""embedding_cost_est"": 0.0, ""embedding_dim"": 384, ""embedding_model"": ""BAAI/bge-small-en-v1.5"", ""event_count"": 500, ""freshness_floor_for_budget"": 0.8, ""freshness_hit_at_1s"": 0.83, ""freshness_hit_at_5s"": 0.83, ""llm_context_cost_est"": 262.75922818791946, ""overlap_skipped_event_count"": 0, ""p95_visibility_latency_ms"": 5000.0, ""primary_quality_metric"": ""ndcg_at_10"", ""primary_quality_value"": 0.5055062099023669, ""profile"": ""portable-agentic"", ""retrieval_cost_est"": 1.494606990670422e-07, ""search_params"": {""ivfflat_probes"": 32}, ""stale_answer_rate_at_5s"": 0.17000000000000004, ""task_cost_est"": 262.75922833738014}",0.6007523702993501,0.5055062099023669,0.5295093391569902,92.87250001216307,162.01083748601377,167.17719397391193,48.41110919789668,0.00013361786496593573,120.0,0.35906040268456374,0,0.3590620472095907,0.544210271909833,262.75922833738014,0.83,0.83,0.17000000000000004,5000.0,,2604.0756977499695,30,26.73894254199695,894,60,18.466835708008148,894,3.906610165955499,10.0,0.0,0.0,0.00019485503435134888,0.02604800960398279,/Volumes/Max/AI/Project/MaxionBench/artifacts/runs/portable/b2/s2_streaming_memory__bge-small-en-v1-5/pgvector,run-69919bf610-r0-c8-t25-portable_s2,69919bf610b5d74e08baf6997890bbdf8bee03b4372d56e4b3b0272b9fdc4409,portable_text_qrels_plus_streaming_events,ndcg_at_10,processed_text_qrels,10.0,portable-agentic,b2,BAAI/bge-small-en-v1.5,384.0,0.15,"{'avg_retrieved_input_tokens': 1751.7281879194632, 'budget_level': 'b2', 'c_llm_in': 0.15, 'embedding_cost_est': 0.0, 'embedding_dim': 384, 'embedding_model': 'BAAI/bge-small-en-v1.5', 'event_count': 500, 'freshness_floor_for_budget': 0.8, 'freshness_hit_at_1s': 0.83, 'freshness_hit_at_5s': 0.83, 'llm_context_cost_est': 262.75922818791946, 'overlap_skipped_event_count': 0, 'p95_visibility_latency_ms': 5000.0, 'primary_quality_metric': 'ndcg_at_10', 'primary_quality_value': 0.5055062099023669, 'profile': 'portable-agentic', 'retrieval_cost_est': 1.494606990670422e-07, 'search_params': {'ivfflat_probes': 32}, 'stale_answer_rate_at_5s': 0.17000000000000004, 'task_cost_est': 262.75922833738014}",portable-agentic,ndcg_at_10,0.5055062099023669,,,,,,,,500.0,0.0,2,3.0
s2_streaming_memory,b2,8,qdrant,BAAI/bge-small-en-v1.5,run-1ff9bba794-r1-c8-t25-portable_s2,2026-04-28T10:28:45+00:00,1,server,D4,portable-s2-unresolved,42,2,0.25,"{""avg_retrieved_input_tokens"": 1754.0950782997763, ""budget_level"": ""b2"", ""c_llm_in"": 0.15, ""embedding_cost_est"": 0.0, ""embedding_dim"": 384, ""embedding_model"": ""BAAI/bge-small-en-v1.5"", ""event_count"": 500, ""freshness_floor_for_budget"": 0.8, ""freshness_hit_at_1s"": 0.83, ""freshness_hit_at_5s"": 0.83, ""llm_context_cost_est"": 263.1142617449664, ""overlap_skipped_event_count"": 0, ""p95_visibility_latency_ms"": 5000.0, ""primary_quality_metric"": ""ndcg_at_10"", ""primary_quality_value"": 0.5011887108029193, ""profile"": ""portable-agentic"", ""retrieval_cost_est"": 7.210270274946569e-09, ""search_params"": {""hnsw_ef"": 64}, ""stale_answer_rate_at_5s"": 0.17000000000000004, ""task_cost_est"": 263.1142617521767}",0.5962780973687014,0.5011887108029193,0.5249387450729732,5.988896009512246,7.316922792233527,7.824405650608239,1003.2628487494391,6.445981625802233e-06,120.0,0.0,0,4.80279145995155,7.5263895583339,263.1142617521767,0.83,0.83,0.17000000000000004,5000.0,,2536.8899231249234,30,1.0825410829856992,894,60,0.8910924999509007,894,4.155900708050467,10.0,0.0,0.0,0.0,0.026041666666666668,/Volumes/Max/AI/Project/MaxionBench/artifacts/runs/portable/b2/s2_streaming_memory__bge-small-en-v1-5/qdrant,run-1ff9bba794-r0-c8-t25-portable_s2,1ff9bba79403b24d7b713eeb17a2fb8bcc8f84c29efc4904cc7599f55b0fb799,portable_text_qrels_plus_streaming_events,ndcg_at_10,processed_text_qrels,10.0,portable-agentic,b2,BAAI/bge-small-en-v1.5,384.0,0.15,"{'avg_retrieved_input_tokens': 1754.0950782997763, 'budget_level': 'b2', 'c_llm_in': 0.15, 'embedding_cost_est': 0.0, 'embedding_dim': 384, 'embedding_model': 'BAAI/bge-small-en-v1.5', 'event_count': 500, 'freshness_floor_for_budget': 0.8, 'freshness_hit_at_1s': 0.83, 'freshness_hit_at_5s': 0.83, 'llm_context_cost_est': 263.1142617449664, 'overlap_skipped_event_count': 0, 'p95_visibility_latency_ms': 5000.0, 'primary_quality_metric': 'ndcg_at_10', 'primary_quality_value': 0.5011887108029193, 'profile': 'portable-agentic', 'retrieval_cost_est': 7.210270274946569e-09, 'search_params': {'hnsw_ef': 64}, 'stale_answer_rate_at_5s': 0.17000000000000004, 'task_cost_est': 263.1142617521767}",portable-agentic,ndcg_at_10,0.5011887108029193,,,,,,,,500.0,0.0,2,4.0
s2_streaming_memory,b2,8,pgvector,BAAI/bge-base-en-v1.5,run-a47a429f2d-r1-c8-t25-portable_s2,2026-04-27T17:16:21+00:00,1,postgres16-pgvector,D4,portable-s2-unresolved,42,2,0.25,"{""avg_retrieved_input_tokens"": 1858.60625, ""budget_level"": ""b2"", ""c_llm_in"": 0.15, ""embedding_cost_est"": 0.0, ""embedding_dim"": 768, ""embedding_model"": ""BAAI/bge-base-en-v1.5"", ""event_count"": 500, ""freshness_floor_for_budget"": 0.8, ""freshness_hit_at_1s"": 0.846, ""freshness_hit_at_5s"": 0.846, ""llm_context_cost_est"": 278.7909375, ""overlap_skipped_event_count"": 0, ""p95_visibility_latency_ms"": 5000.0, ""primary_quality_metric"": ""ndcg_at_10"", ""primary_quality_value"": 0.5010361260075452, ""profile"": ""portable-agentic"", ""retrieval_cost_est"": 5.442007673307289e-07, ""search_params"": {""ivfflat_probes"": 32}, ""stale_answer_rate_at_5s"": 0.15400000000000003, ""task_cost_est"": 278.79093804420074}",0.5974717261904761,0.5010361260075452,0.536700892857143,349.9745210283436,587.5935993273742,719.9134499696082,13.299537287962831,0.0004353606138645831,120.0,0.87625,0,0.4987709689885378,0.5871869856491685,278.79093804420074,0.846,0.846,0.15400000000000003,5000.0,,2661.021191500011,30,30.260620833025314,288,60,60.152468667016365,800,4.115751540986821,10.0,0.0,0.0,0.00042269378900527954,0.02605542623011085,/Volumes/Max/AI/Project/MaxionBench/artifacts/runs/portable/b2/s2_streaming_memory__bge-base-en-v1-5/pgvector,run-a47a429f2d-r0-c8-t25-portable_s2,a47a429f2dec7e54b2885342e715bd78bc489a4e14e8ef2a3cbeebd2b21cfc2f,portable_text_qrels_plus_streaming_events,ndcg_at_10,processed_text_qrels,10.0,portable-agentic,b2,BAAI/bge-base-en-v1.5,768.0,0.15,"{'avg_retrieved_input_tokens': 1858.60625, 'budget_level': 'b2', 'c_llm_in': 0.15, 'embedding_cost_est': 0.0, 'embedding_dim': 768, 'embedding_model': 'BAAI/bge-base-en-v1.5', 'event_count': 500, 'freshness_floor_for_budget': 0.8, 'freshness_hit_at_1s': 0.846, 'freshness_hit_at_5s': 0.846, 'llm_context_cost_est': 278.7909375, 'overlap_skipped_event_count': 0, 'p95_visibility_latency_ms': 5000.0, 'primary_quality_metric': 'ndcg_at_10', 'primary_quality_value': 0.5010361260075452, 'profile': 'portable-agentic', 'retrieval_cost_est': 5.442007673307289e-07, 'search_params': {'ivfflat_probes': 32}, 'stale_answer_rate_at_5s': 0.15400000000000003, 'task_cost_est': 278.79093804420074}",portable-agentic,ndcg_at_10,0.5010361260075452,,,,,,,,500.0,0.0,2,5.0
s2_streaming_memory,b2,8,faiss-cpu,BAAI/bge-base-en-v1.5,run-2411419c45-r1-c8-t25-portable_s2,2026-04-27T08:25:28+00:00,1,cpu,D4,portable-s2-unresolved,42,2,0.25,"{""avg_retrieved_input_tokens"": 1883.7371364653243, ""budget_level"": ""b2"", ""c_llm_in"": 0.15, ""embedding_cost_est"": 0.0, ""embedding_dim"": 768, ""embedding_model"": ""BAAI/bge-base-en-v1.5"", ""event_count"": 500, ""freshness_floor_for_budget"": 0.8, ""freshness_hit_at_1s"": 0.846, ""freshness_hit_at_5s"": 0.846, ""llm_context_cost_est"": 282.5605704697986, ""overlap_skipped_event_count"": 0, ""p95_visibility_latency_ms"": 5000.0, ""primary_quality_metric"": ""ndcg_at_10"", ""primary_quality_value"": 0.5268284656504536, ""profile"": ""portable-agentic"", ""retrieval_cost_est"": 1.925335070974549e-08, ""search_params"": {""hnsw_ef"": 64}, ""stale_answer_rate_at_5s"": 0.15400000000000003, ""task_cost_est"": 282.560570489052}",0.6235764887610525,0.5268284656504536,0.5555546678029899,11.317103984765708,21.033073379658163,21.384094211971387,376.82290451305977,1.721249553451247e-05,120.0,0.0,0,0.01808290835469961,0.018208064138889313,282.560570489052,0.846,0.846,0.15400000000000003,5000.0,,2594.912453541998,30,2.3929853750159964,894,60,2.3724672499811277,894,4.114924208959565,10.0,0.0,0.1474916934967041,0.0001440348569303751,0.026118372729797557,/Volumes/Max/AI/Project/MaxionBench/artifacts/runs/portable/b2/s2_streaming_memory__bge-base-en-v1-5/faiss_cpu,run-2411419c45-r0-c8-t25-portable_s2,2411419c45ce309549362ee32a77d16369e3a168a0ffdbca206da0176b2740a0,portable_text_qrels_plus_streaming_events,ndcg_at_10,processed_text_qrels,10.0,portable-agentic,b2,BAAI/bge-base-en-v1.5,768.0,0.15,"{'avg_retrieved_input_tokens': 1883.7371364653243, 'budget_level': 'b2', 'c_llm_in': 0.15, 'embedding_cost_est': 0.0, 'embedding_dim': 768, 'embedding_model': 'BAAI/bge-base-en-v1.5', 'event_count': 500, 'freshness_floor_for_budget': 0.8, 'freshness_hit_at_1s': 0.846, 'freshness_hit_at_5s': 0.846, 'llm_context_cost_est': 282.5605704697986, 'overlap_skipped_event_count': 0, 'p95_visibility_latency_ms': 5000.0, 'primary_quality_metric': 'ndcg_at_10', 'primary_quality_value': 0.5268284656504536, 'profile': 'portable-agentic', 'retrieval_cost_est': 1.925335070974549e-08, 'search_params': {'hnsw_ef': 64}, 'stale_answer_rate_at_5s': 0.15400000000000003, 'task_cost_est': 282.560570489052}",portable-agentic,ndcg_at_10,0.5268284656504536,,,,,,,,500.0,0.0,2,6.0
s2_streaming_memory,b2,8,lancedb-inproc,BAAI/bge-base-en-v1.5,run-ac2cb9fa64-r0-c8-t25-portable_s2,2026-04-27T11:25:44+00:00,0,local,D4,portable-s2-unresolved,42,2,0.25,"{""avg_retrieved_input_tokens"": 1883.7371364653243, ""budget_level"": ""b2"", ""c_llm_in"": 0.15, ""embedding_cost_est"": 0.0, ""embedding_dim"": 768, ""embedding_model"": ""BAAI/bge-base-en-v1.5"", ""event_count"": 500, ""freshness_floor_for_budget"": 0.8, ""freshness_hit_at_1s"": 0.846, ""freshness_hit_at_5s"": 0.846, ""llm_context_cost_est"": 282.5605704697986, ""overlap_skipped_event_count"": 0, ""p95_visibility_latency_ms"": 5000.0, ""primary_quality_metric"": ""ndcg_at_10"", ""primary_quality_value"": 0.5268284656504536, ""profile"": ""portable-agentic"", ""retrieval_cost_est"": 1.4976412555056474e-07, ""search_params"": {""hnsw_ef"": 32}, ""stale_answer_rate_at_5s"": 0.15400000000000003, ""task_cost_est"": 282.5605706195627}",0.6235764887610525,0.5268284656504536,0.5555546678029899,152.9853125102818,177.33902660547753,219.40236003836586,48.44313208769956,0.00013388912824220488,120.0,0.959731543624161,0,0.00016600824892520905,0.0003344053402543064,282.5605706195627,0.846,0.846,0.15400000000000003,5000.0,,3774.6341947499895,30,19.728515625,894,60,18.454628375009634,894,4.091550791985355,10.0,0.0,0.14448165893554688,0.00018252552399644628,0.026118155937761383,/Volumes/Max/AI/Project/MaxionBench/artifacts/runs/portable/b2/s2_streaming_memory__bge-base-en-v1-5/lancedb_inproc,run-ac2cb9fa64-r0-c8-t25-portable_s2,ac2cb9fa64032fa9ab56eb397919f45fbe160e10642d15a0bcfde569fa4cb830,portable_text_qrels_plus_streaming_events,ndcg_at_10,processed_text_qrels,10.0,portable-agentic,b2,BAAI/bge-base-en-v1.5,768.0,0.15,"{'avg_retrieved_input_tokens': 1883.7371364653243, 'budget_level': 'b2', 'c_llm_in': 0.15, 'embedding_cost_est': 0.0, 'embedding_dim': 768, 'embedding_model': 'BAAI/bge-base-en-v1.5', 'event_count': 500, 'freshness_floor_for_budget': 0.8, 'freshness_hit_at_1s': 0.846, 'freshness_hit_at_5s': 0.846, 'llm_context_cost_est': 282.5605704697986, 'overlap_skipped_event_count': 0, 'p95_visibility_latency_ms': 5000.0, 'primary_quality_metric': 'ndcg_at_10', 'primary_quality_value': 0.5268284656504536, 'profile': 'portable-agentic', 'retrieval_cost_est': 1.4976412555056474e-07, 'search_params': {'hnsw_ef': 32}, 'stale_answer_rate_at_5s': 0.15400000000000003, 'task_cost_est': 282.5605706195627}",portable-agentic,ndcg_at_10,0.5268284656504536,,,,,,,,500.0,0.0,2,7.0
s2_streaming_memory,b2,8,qdrant,BAAI/bge-base-en-v1.5,run-c74661432d-r0-c8-t25-portable_s2,2026-04-27T19:30:09+00:00,0,server,D4,portable-s2-unresolved,42,2,0.25,"{""avg_retrieved_input_tokens"": 1885.7382550335572, ""budget_level"": ""b2"", ""c_llm_in"": 0.15, ""embedding_cost_est"": 0.0, ""embedding_dim"": 768, ""embedding_model"": ""BAAI/bge-base-en-v1.5"", ""event_count"": 500, ""freshness_floor_for_budget"": 0.8, ""freshness_hit_at_1s"": 0.846, ""freshness_hit_at_5s"": 0.846, ""llm_context_cost_est"": 282.86073825503354, ""overlap_skipped_event_count"": 0, ""p95_visibility_latency_ms"": 5000.0, ""primary_quality_metric"": ""ndcg_at_10"", ""primary_quality_value"": 0.5262230424913925, ""profile"": ""portable-agentic"", ""retrieval_cost_est"": 9.200446570053608e-09, ""search_params"": {""hnsw_ef"": 64}, ""stale_answer_rate_at_5s"": 0.15400000000000003, ""task_cost_est"": 282.860738264234}",0.6218986364120592,0.5262230424913925,0.5556665246262562,7.632917026057839,9.74010231439024,10.48850784311071,786.2440416578766,8.225199233627926e-06,120.0,0.0,0,4.6800829586572945,8.768974582199005,282.860738264234,0.846,0.846,0.15400000000000003,5000.0,,2556.263004791923,30,1.171043665963225,894,60,1.1370515420567244,894,4.082976957899518,10.0,0.0,0.0,0.0,0.026041666666666668,/Volumes/Max/AI/Project/MaxionBench/artifacts/runs/portable/b2/s2_streaming_memory__bge-base-en-v1-5/qdrant,run-c74661432d-r0-c8-t25-portable_s2,c74661432d9c6a48ff1bb8c269a029e1dd75851b62342442d668a2840b9fae3b,portable_text_qrels_plus_streaming_events,ndcg_at_10,processed_text_qrels,10.0,portable-agentic,b2,BAAI/bge-base-en-v1.5,768.0,0.15,"{'avg_retrieved_input_tokens': 1885.7382550335572, 'budget_level': 'b2', 'c_llm_in': 0.15, 'embedding_cost_est': 0.0, 'embedding_dim': 768, 'embedding_model': 'BAAI/bge-base-en-v1.5', 'event_count': 500, 'freshness_floor_for_budget': 0.8, 'freshness_hit_at_1s': 0.846, 'freshness_hit_at_5s': 0.846, 'llm_context_cost_est': 282.86073825503354, 'overlap_skipped_event_count': 0, 'p95_visibility_latency_ms': 5000.0, 'primary_quality_metric': 'ndcg_at_10', 'primary_quality_value': 0.5262230424913925, 'profile': 'portable-agentic', 'retrieval_cost_est': 9.200446570053608e-09, 'search_params': {'hnsw_ef': 64}, 'stale_answer_rate_at_5s': 0.15400000000000003, 'task_cost_est': 282.860738264234}",portable-agentic,ndcg_at_10,0.5262230424913925,,,,,,,,500.0,0.0,2,8.0
s3_multi_hop,b0,1,pgvector,BAAI/bge-base-en-v1.5,run-c44994d2d8-r0-c1-t30-portable_s3,2026-04-26T12:35:21+00:00,0,postgres16-pgvector,HOTPOT_PORTABLE,portable-s3-hotpotqa-dev-distractor,42,0,0.3,"{""avg_retrieved_input_tokens"": 854.6666666666666, ""budget_level"": ""b0"", ""c_llm_in"": 0.15, ""embedding_cost_est"": 0.0, ""embedding_dim"": 768, ""embedding_model"": ""BAAI/bge-base-en-v1.5"", ""evidence_coverage_at_10"": 0.9074074074074074, ""evidence_coverage_at_20"": 0.9320987654320988, ""evidence_coverage_at_5"": 0.8395061728395061, ""llm_context_cost_est"": 128.2, ""primary_quality_metric"": ""evidence_coverage@10"", ""primary_quality_value"": 0.9074074074074074, ""profile"": ""portable-agentic"", ""retrieval_cost_est"": 9.009300634201382e-08, ""search_params"": {""ivfflat_probes"": 64}, ""task_cost_est"": 128.200000090093}",0.9074074074074074,0.8592692933741202,0.9437585733882031,121.18229200132191,130.7396669872105,161.12532503902935,8.084238429566495,7.2975335137031194e-06,150.0,0.012345679012345678,0,0.3888955106958747,0.6520430592354386,128.200000090093,,,,,0.9074074074074074,46.988618916948326,10,10.041517832898535,75,10,10.019496666966006,81,3.9756459580967203,1.0,0.0,0.0,0.0005478411912918091,0.00262200003877903,/Volumes/Max/AI/Project/MaxionBench/artifacts/runs/portable/b0/s3_multi_hop__bge-base-en-v1-5/pgvector,run-c44994d2d8-r0-c1-t30-portable_s3,c44994d2d8aae4b6583f8c738b92c8cdaf69bc1eab9a8b3dc5303c63c9cb343d,hotpot_portable_supporting_facts,evidence_coverage@10,hotpot_portable_qrels,10.0,portable-agentic,b0,BAAI/bge-base-en-v1.5,768.0,0.15,"{'avg_retrieved_input_tokens': 854.6666666666666, 'budget_level': 'b0', 'c_llm_in': 0.15, 'embedding_cost_est': 0.0, 'embedding_dim': 768, 'embedding_model': 'BAAI/bge-base-en-v1.5', 'evidence_coverage_at_10': 0.9074074074074074, 'evidence_coverage_at_20': 0.9320987654320988, 'evidence_coverage_at_5': 0.8395061728395061, 'llm_context_cost_est': 128.2, 'primary_quality_metric': 'evidence_coverage@10', 'primary_quality_value': 0.9074074074074074, 'profile': 'portable-agentic', 'retrieval_cost_est': 9.009300634201382e-08, 'search_params': {'ivfflat_probes': 64}, 'task_cost_est': 128.200000090093}",portable-agentic,evidence_coverage@10,0.9074074074074074,,,,,,,,,,0,1.0
s3_multi_hop,b0,1,lancedb-inproc,BAAI/bge-small-en-v1.5,run-418a2577c7-r0-c1-t30-portable_s3,2026-04-26T12:49:57+00:00,0,local,HOTPOT_PORTABLE,portable-s3-hotpotqa-dev-distractor,42,0,0.3,"{""avg_retrieved_input_tokens"": 858.8230452674898, ""budget_level"": ""b0"", ""c_llm_in"": 0.15, ""embedding_cost_est"": 0.0, ""embedding_dim"": 384, ""embedding_model"": ""BAAI/bge-small-en-v1.5"", ""evidence_coverage_at_10"": 0.8662551440329218, ""evidence_coverage_at_20"": 0.8930041152263375, ""evidence_coverage_at_5"": 0.8065843621399177, ""llm_context_cost_est"": 128.82345679012346, ""primary_quality_metric"": ""evidence_coverage@10"", ""primary_quality_value"": 0.8662551440329218, ""profile"": ""portable-agentic"", ""retrieval_cost_est"": 1.518318736543498e-08, ""search_params"": {""hnsw_ef"": 32}, ""task_cost_est"": 128.82345680530665}",0.8662551440329218,0.8184358826107041,0.9172235286432818,19.20056197559461,28.672448243014514,39.728104474488624,48.57276605600044,7.3790290596014e-06,150.0,0.0,0,0.000125030055642128,0.0002080341801047325,128.82345680530665,,,,,0.8662551440329218,24.40372291696258,10,10.034903166000731,691,10,10.005606834078208,486,3.958226458984427,1.0,0.0,0.0953221321105957,0.0001305966152358451,0.0026549618683885017,/Volumes/Max/AI/Project/MaxionBench/artifacts/runs/portable/b0/s3_multi_hop__bge-small-en-v1-5/lancedb_inproc,run-418a2577c7-r0-c1-t30-portable_s3,418a2577c791289425f361e358fdd43d0e5571b240b83acd46c49812c923721d,hotpot_portable_supporting_facts,evidence_coverage@10,hotpot_portable_qrels,10.0,portable-agentic,b0,BAAI/bge-small-en-v1.5,384.0,0.15,"{'avg_retrieved_input_tokens': 858.8230452674898, 'budget_level': 'b0', 'c_llm_in': 0.15, 'embedding_cost_est': 0.0, 'embedding_dim': 384, 'embedding_model': 'BAAI/bge-small-en-v1.5', 'evidence_coverage_at_10': 0.8662551440329218, 'evidence_coverage_at_20': 0.8930041152263375, 'evidence_coverage_at_5': 0.8065843621399177, 'llm_context_cost_est': 128.82345679012346, 'primary_quality_metric': 'evidence_coverage@10', 'primary_quality_value': 0.8662551440329218, 'profile': 'portable-agentic', 'retrieval_cost_est': 1.518318736543498e-08, 'search_params': {'hnsw_ef': 32}, 'task_cost_est': 128.82345680530665}",portable-agentic,evidence_coverage@10,0.8662551440329218,,,,,,,,,,0,2.0
s3_multi_hop,b0,1,lancedb-inproc,BAAI/bge-base-en-v1.5,run-cdadc086f6-r0-c1-t30-portable_s3,2026-04-26T12:31:45+00:00,0,local,HOTPOT_PORTABLE,portable-s3-hotpotqa-dev-distractor,42,0,0.3,"{""avg_retrieved_input_tokens"": 861.8636363636364, ""budget_level"": ""b0"", ""c_llm_in"": 0.15, ""embedding_cost_est"": 0.0, ""embedding_dim"": 768, ""embedding_model"": ""BAAI/bge-base-en-v1.5"", ""evidence_coverage_at_10"": 0.8545454545454545, ""evidence_coverage_at_20"": 0.8852272727272728, ""evidence_coverage_at_5"": 0.8056818181818182, ""llm_context_cost_est"": 129.27954545454546, ""primary_quality_metric"": ""evidence_coverage@10"", ""primary_quality_value"": 0.8545454545454545, ""profile"": ""portable-agentic"", ""retrieval_cost_est"": 1.7095171391659763e-08, ""search_params"": {""hnsw_ef"": 32}, ""task_cost_est"": 129.27954547164063}",0.8545454545454545,0.8152707407160511,0.9109523809523808,21.81039605056867,27.071704517584287,34.07700378447772,43.94574403469119,7.521875412330296e-06,150.0,0.0,0,0.00016600824892520905,0.0002094905357807871,129.27954547164063,,,,,0.8545454545454545,28.800366041017696,10,10.014389459043741,478,10,10.012346125091426,440,3.991090166964568,1.0,0.0,0.1906442642211914,0.00022368485497281654,0.0027045360943454,/Volumes/Max/AI/Project/MaxionBench/artifacts/runs/portable/b0/s3_multi_hop__bge-base-en-v1-5/lancedb_inproc,run-cdadc086f6-r0-c1-t30-portable_s3,cdadc086f6c1107791508efa32f51c336d04bad5d22fc844f27bc98d3d844561,hotpot_portable_supporting_facts,evidence_coverage@10,hotpot_portable_qrels,10.0,portable-agentic,b0,BAAI/bge-base-en-v1.5,768.0,0.15,"{'avg_retrieved_input_tokens': 861.8636363636364, 'budget_level': 'b0', 'c_llm_in': 0.15, 'embedding_cost_est': 0.0, 'embedding_dim': 768, 'embedding_model': 'BAAI/bge-base-en-v1.5', 'evidence_coverage_at_10': 0.8545454545454545, 'evidence_coverage_at_20': 0.8852272727272728, 'evidence_coverage_at_5': 0.8056818181818182, 'llm_context_cost_est': 129.27954545454546, 'primary_quality_metric': 'evidence_coverage@10', 'primary_quality_value': 0.8545454545454545, 'profile': 'portable-agentic', 'retrieval_cost_est': 1.7095171391659763e-08, 'search_params': {'hnsw_ef': 32}, 'task_cost_est': 129.27954547164063}",portable-agentic,evidence_coverage@10,0.8545454545454545,,,,,,,,,,0,3.0
s3_multi_hop,b0,1,faiss-cpu,BAAI/bge-small-en-v1.5,run-dcaec7b236-r0-c1-t30-portable_s3,2026-04-26T12:47:29+00:00,0,cpu,HOTPOT_PORTABLE,portable-s3-hotpotqa-dev-distractor,42,0,0.3,"{""avg_retrieved_input_tokens"": 862.4090202177294, ""budget_level"": ""b0"", ""c_llm_in"": 0.15, ""embedding_cost_est"": 0.0, ""embedding_dim"": 384, ""embedding_model"": ""BAAI/bge-small-en-v1.5"", ""evidence_coverage_at_10"": 0.8532918610679109, ""evidence_coverage_at_20"": 0.8881544841886988, ""evidence_coverage_at_5"": 0.7991187143597719, ""llm_context_cost_est"": 129.36135303265942, ""primary_quality_metric"": ""evidence_coverage@10"", ""primary_quality_value"": 0.8532918610679109, ""profile"": ""portable-agentic"", ""retrieval_cost_est"": 1.9123073308048876e-09, ""search_params"": {""hnsw_ef"": 64}, ""task_cost_est"": 129.36135303457172}",0.8532918610679109,0.811092362347773,0.9146114649419471,2.407937543466687,3.3320580550935106,5.3240503231063485,385.77691449353557,7.377681682245257e-06,150.0,0.0,0,0.011791940778493881,0.012625008821487427,129.36135303457172,,,,,0.8532918610679109,22.45228624995798,10,10.00153291609604,3710,10,10.000598415965214,3858,4.08440004196018,1.0,0.0,0.09929388761520386,9.696668712422252e-05,0.0026558064779086026,/Volumes/Max/AI/Project/MaxionBench/artifacts/runs/portable/b0/s3_multi_hop__bge-small-en-v1-5/faiss_cpu,run-dcaec7b236-r0-c1-t30-portable_s3,dcaec7b23678f0a83cba4f4613cdf46e1acfa3a02db0d1e033971c5fe751b9b3,hotpot_portable_supporting_facts,evidence_coverage@10,hotpot_portable_qrels,10.0,portable-agentic,b0,BAAI/bge-small-en-v1.5,384.0,0.15,"{'avg_retrieved_input_tokens': 862.4090202177294, 'budget_level': 'b0', 'c_llm_in': 0.15, 'embedding_cost_est': 0.0, 'embedding_dim': 384, 'embedding_model': 'BAAI/bge-small-en-v1.5', 'evidence_coverage_at_10': 0.8532918610679109, 'evidence_coverage_at_20': 0.8881544841886988, 'evidence_coverage_at_5': 0.7991187143597719, 'llm_context_cost_est': 129.36135303265942, 'primary_quality_metric': 'evidence_coverage@10', 'primary_quality_value': 0.8532918610679109, 'profile': 'portable-agentic', 'retrieval_cost_est': 1.9123073308048876e-09, 'search_params': {'hnsw_ef': 64}, 'task_cost_est': 129.36135303457172}",portable-agentic,evidence_coverage@10,0.8532918610679109,,,,,,,,,,0,4.0
s3_multi_hop,b0,1,qdrant,BAAI/bge-small-en-v1.5,run-2936b040f4-r0-c1-t30-portable_s3,2026-04-26T12:57:30+00:00,0,server,HOTPOT_PORTABLE,portable-s3-hotpotqa-dev-distractor,42,0,0.3,"{""avg_retrieved_input_tokens"": 869.7208911307272, ""budget_level"": ""b0"", ""c_llm_in"": 0.15, ""embedding_cost_est"": 0.0, ""embedding_dim"": 384, ""embedding_model"": ""BAAI/bge-small-en-v1.5"", ""evidence_coverage_at_10"": 0.8108448928121059, ""evidence_coverage_at_20"": 0.8440521227406473, ""evidence_coverage_at_5"": 0.7679697351828499, ""llm_context_cost_est"": 130.45813366960908, ""primary_quality_metric"": ""evidence_coverage@10"", ""primary_quality_value"": 0.8108448928121059, ""profile"": ""portable-agentic"", ""retrieval_cost_est"": 3.040988393203826e-09, ""search_params"": {""hnsw_ef"": 32}, ""task_cost_est"": 130.45813367265006}",0.8108448928121059,0.7775824568468884,0.888131100836019,4.058666992932558,5.561712791677564,6.178227451164269,237.87648491072164,7.234511387431902e-06,150.0,0.0,0,4.646229499485344,7.579842351842672,130.45813367265006,,,,,0.8108448928121059,56.23196654196363,10,10.001477333018556,2407,10,10.000988541985862,2379,4.002884124987759,1.0,0.0,0.0,0.0,0.0026041666666666665,/Volumes/Max/AI/Project/MaxionBench/artifacts/runs/portable/b0/s3_multi_hop__bge-small-en-v1-5/qdrant,run-2936b040f4-r0-c1-t30-portable_s3,2936b040f4c392e8081335c951f6e186a6ae53c321c3377c48ccebd33d6ed822,hotpot_portable_supporting_facts,evidence_coverage@10,hotpot_portable_qrels,10.0,portable-agentic,b0,BAAI/bge-small-en-v1.5,384.0,0.15,"{'avg_retrieved_input_tokens': 869.7208911307272, 'budget_level': 'b0', 'c_llm_in': 0.15, 'embedding_cost_est': 0.0, 'embedding_dim': 384, 'embedding_model': 'BAAI/bge-small-en-v1.5', 'evidence_coverage_at_10': 0.8108448928121059, 'evidence_coverage_at_20': 0.8440521227406473, 'evidence_coverage_at_5': 0.7679697351828499, 'llm_context_cost_est': 130.45813366960908, 'primary_quality_metric': 'evidence_coverage@10', 'primary_quality_value': 0.8108448928121059, 'profile': 'portable-agentic', 'retrieval_cost_est': 3.040988393203826e-09, 'search_params': {'hnsw_ef': 32}, 'task_cost_est': 130.45813367265006}",portable-agentic,evidence_coverage@10,0.8108448928121059,,,,,,,,,,0,5.0
s3_multi_hop,b0,1,faiss-cpu,BAAI/bge-base-en-v1.5,run-b470dff69f-r0-c1-t30-portable_s3,2026-04-26T12:29:05+00:00,0,cpu,HOTPOT_PORTABLE,portable-s3-hotpotqa-dev-distractor,42,0,0.3,"{""avg_retrieved_input_tokens"": 870.7113924050633, ""budget_level"": ""b0"", ""c_llm_in"": 0.15, ""embedding_cost_est"": 0.0, ""embedding_dim"": 768, ""embedding_model"": ""BAAI/bge-base-en-v1.5"", ""evidence_coverage_at_10"": 0.8739602169981917, ""evidence_coverage_at_20"": 0.908499095840868, ""evidence_coverage_at_5"": 0.8200723327305606, ""llm_context_cost_est"": 130.60670886075948, ""primary_quality_metric"": ""evidence_coverage@10"", ""primary_quality_value"": 0.8739602169981917, ""profile"": ""portable-agentic"", ""retrieval_cost_est"": 2.7180147076920216e-09, ""search_params"": {""hnsw_ef"": 64}, ""task_cost_est"": 130.6067088634775}",0.8739602169981917,0.8272639834043197,0.917514567008238,3.5896250046789646,3.744974988512695,4.109716275706892,276.48659731153055,7.51531066676844e-06,150.0,0.0,0,0.01695798709988594,0.01725007314234972,130.6067088634775,,,,,0.8739602169981917,23.18858437507879,10,10.001346042030491,2717,10,10.000484750024043,2765,3.921892415964976,1.0,0.0,0.19461601972579956,0.00019005470676347613,0.0027053806967008613,/Volumes/Max/AI/Project/MaxionBench/artifacts/runs/portable/b0/s3_multi_hop__bge-base-en-v1-5/faiss_cpu,run-b470dff69f-r0-c1-t30-portable_s3,b470dff69fadeef3dcfffa88a3fe24e31dca0faffabb51ee23f583696fb67231,hotpot_portable_supporting_facts,evidence_coverage@10,hotpot_portable_qrels,10.0,portable-agentic,b0,BAAI/bge-base-en-v1.5,768.0,0.15,"{'avg_retrieved_input_tokens': 870.7113924050633, 'budget_level': 'b0', 'c_llm_in': 0.15, 'embedding_cost_est': 0.0, 'embedding_dim': 768, 'embedding_model': 'BAAI/bge-base-en-v1.5', 'evidence_coverage_at_10': 0.8739602169981917, 'evidence_coverage_at_20': 0.908499095840868, 'evidence_coverage_at_5': 0.8200723327305606, 'llm_context_cost_est': 130.60670886075948, 'primary_quality_metric': 'evidence_coverage@10', 'primary_quality_value': 0.8739602169981917, 'profile': 'portable-agentic', 'retrieval_cost_est': 2.7180147076920216e-09, 'search_params': {'hnsw_ef': 64}, 'task_cost_est': 130.6067088634775}",portable-agentic,evidence_coverage@10,0.8739602169981917,,,,,,,,,,0,6.0
s3_multi_hop,b0,1,qdrant,BAAI/bge-base-en-v1.5,run-00c237c3ac-r0-c1-t30-portable_s3,2026-04-26T12:41:14+00:00,0,server,HOTPOT_PORTABLE,portable-s3-hotpotqa-dev-distractor,42,0,0.3,"{""avg_retrieved_input_tokens"": 871.8305519897305, ""budget_level"": ""b0"", ""c_llm_in"": 0.15, ""embedding_cost_est"": 0.0, ""embedding_dim"": 768, ""embedding_model"": ""BAAI/bge-base-en-v1.5"", ""evidence_coverage_at_10"": 0.8438168592212237, ""evidence_coverage_at_20"": 0.8774069319640565, ""evidence_coverage_at_5"": 0.79204107830552, ""llm_context_cost_est"": 130.77458279845956, ""primary_quality_metric"": ""evidence_coverage@10"", ""primary_quality_value"": 0.8438168592212237, ""profile"": ""portable-agentic"", ""retrieval_cost_est"": 3.096379055596443e-09, ""search_params"": {""hnsw_ef"": 32}, ""task_cost_est"": 130.77458280155594}",0.8438168592212237,0.8019876272108227,0.8982423878123492,4.171708016656339,5.2887002006173125,5.805781898088752,233.62114800582384,7.236237852928888e-06,150.0,0.0,0,4.687145468778908,7.392609976232051,130.77458280155594,,,,,0.8438168592212237,78.39927404199261,10,10.00354983296711,2315,10,10.003375207888894,2337,3.999403915950097,1.0,0.0,0.0,0.0,0.0026041666666666665,/Volumes/Max/AI/Project/MaxionBench/artifacts/runs/portable/b0/s3_multi_hop__bge-base-en-v1-5/qdrant,run-00c237c3ac-r0-c1-t30-portable_s3,00c237c3ac0cf19fab70e3da2b29e5949d2995981924519c1f22bfcb85bc48b2,hotpot_portable_supporting_facts,evidence_coverage@10,hotpot_portable_qrels,10.0,portable-agentic,b0,BAAI/bge-base-en-v1.5,768.0,0.15,"{'avg_retrieved_input_tokens': 871.8305519897305, 'budget_level': 'b0', 'c_llm_in': 0.15, 'embedding_cost_est': 0.0, 'embedding_dim': 768, 'embedding_model': 'BAAI/bge-base-en-v1.5', 'evidence_coverage_at_10': 0.8438168592212237, 'evidence_coverage_at_20': 0.8774069319640565, 'evidence_coverage_at_5': 0.79204107830552, 'llm_context_cost_est': 130.77458279845956, 'primary_quality_metric': 'evidence_coverage@10', 'primary_quality_value': 0.8438168592212237, 'profile': 'portable-agentic', 'retrieval_cost_est': 3.096379055596443e-09, 'search_params': {'hnsw_ef': 32}, 'task_cost_est': 130.77458280155594}",portable-agentic,evidence_coverage@10,0.8438168592212237,,,,,,,,,,0,7.0
s3_multi_hop,b0,1,pgvector,BAAI/bge-small-en-v1.5,run-8e38d66de2-r0-c1-t30-portable_s3,2026-04-26T12:53:00+00:00,0,postgres16-pgvector,HOTPOT_PORTABLE,portable-s3-hotpotqa-dev-distractor,42,0,0.3,"{""avg_retrieved_input_tokens"": 878.1381578947369, ""budget_level"": ""b0"", ""c_llm_in"": 0.15, ""embedding_cost_est"": 0.0, ""embedding_dim"": 384, ""embedding_model"": ""BAAI/bge-small-en-v1.5"", ""evidence_coverage_at_10"": 0.8421052631578947, ""evidence_coverage_at_20"": 0.8717105263157895, ""evidence_coverage_at_5"": 0.8026315789473685, ""llm_context_cost_est"": 131.72072368421053, ""primary_quality_metric"": ""evidence_coverage@10"", ""primary_quality_value"": 0.8421052631578947, ""profile"": ""portable-agentic"", ""retrieval_cost_est"": 4.782642003345437e-08, ""search_params"": {""ivfflat_probes"": 64}, ""task_cost_est"": 131.72072373203696}",0.8421052631578947,0.7807356976933952,0.8605341478696742,65.11691701598465,70.99546474055386,72.5162973604165,15.171598514230029,7.269615845085064e-06,150.0,0.0,0,0.33079145941883326,0.5483620066661387,131.72072373203696,,,,,0.8421052631578947,38.43808875000104,10,10.019067125045694,135,10,10.018720166990533,152,3.9177886249963194,1.0,0.0,0.0,0.00024591386318206787,0.002612171675233791,/Volumes/Max/AI/Project/MaxionBench/artifacts/runs/portable/b0/s3_multi_hop__bge-small-en-v1-5/pgvector,run-8e38d66de2-r0-c1-t30-portable_s3,8e38d66de2f818d035a1959f7276b54eae27cf098acd2805e9046c6956be1770,hotpot_portable_supporting_facts,evidence_coverage@10,hotpot_portable_qrels,10.0,portable-agentic,b0,BAAI/bge-small-en-v1.5,384.0,0.15,"{'avg_retrieved_input_tokens': 878.1381578947369, 'budget_level': 'b0', 'c_llm_in': 0.15, 'embedding_cost_est': 0.0, 'embedding_dim': 384, 'embedding_model': 'BAAI/bge-small-en-v1.5', 'evidence_coverage_at_10': 0.8421052631578947, 'evidence_coverage_at_20': 0.8717105263157895, 'evidence_coverage_at_5': 0.8026315789473685, 'llm_context_cost_est': 131.72072368421053, 'primary_quality_metric': 'evidence_coverage@10', 'primary_quality_value': 0.8421052631578947, 'profile': 'portable-agentic', 'retrieval_cost_est': 4.782642003345437e-08, 'search_params': {'ivfflat_probes': 64}, 'task_cost_est': 131.72072373203696}",portable-agentic,evidence_coverage@10,0.8421052631578947,,,,,,,,,,0,8.0
s3_multi_hop,b0,4,lancedb-inproc,BAAI/bge-small-en-v1.5,run-418a2577c7-r0-c4-t30-portable_s3,2026-04-26T12:50:47+00:00,0,local,HOTPOT_PORTABLE,portable-s3-hotpotqa-dev-distractor,42,0,0.3,"{""avg_retrieved_input_tokens"": 861.2894736842105, ""budget_level"": ""b0"", ""c_llm_in"": 0.15, ""embedding_cost_est"": 0.0, ""embedding_dim"": 384, ""embedding_model"": ""BAAI/bge-small-en-v1.5"", ""evidence_coverage_at_10"": 0.8552631578947368, ""evidence_coverage_at_20"": 0.8806390977443609, ""evidence_coverage_at_5"": 0.7951127819548872, ""llm_context_cost_est"": 129.19342105263158, ""primary_quality_metric"": ""evidence_coverage@10"", ""primary_quality_value"": 0.8552631578947368, ""profile"": ""portable-agentic"", ""retrieval_cost_est"": 5.48414532032318e-08, ""search_params"": {""hnsw_ef"": 64}, ""task_cost_est"": 129.19342110747303}",0.8552631578947368,0.8103929785064949,0.912013665115169,70.19743748242036,82.50863591092639,86.75716097350228,53.018804698691625,2.917565310411932e-05,150.0,0.0,0,0.00024994369596242905,0.00029208604246377945,129.19342110747303,,,,,0.8552631578947368,24.384148625074886,10,10.031359917018563,448,10,10.034175666980445,532,3.958226458984427,4.0,0.0,0.0953221321105957,0.0001305966152358451,0.0104674618683885,/Volumes/Max/AI/Project/MaxionBench/artifacts/runs/portable/b0/s3_multi_hop__bge-small-en-v1-5/lancedb_inproc,run-418a2577c7-r0-c1-t30-portable_s3,418a2577c791289425f361e358fdd43d0e5571b240b83acd46c49812c923721d,hotpot_portable_supporting_facts,evidence_coverage@10,hotpot_portable_qrels,10.0,portable-agentic,b0,BAAI/bge-small-en-v1.5,384.0,0.15,"{'avg_retrieved_input_tokens': 861.2894736842105, 'budget_level': 'b0', 'c_llm_in': 0.15, 'embedding_cost_est': 0.0, 'embedding_dim': 384, 'embedding_model': 'BAAI/bge-small-en-v1.5', 'evidence_coverage_at_10': 0.8552631578947368, 'evidence_coverage_at_20': 0.8806390977443609, 'evidence_coverage_at_5': 0.7951127819548872, 'llm_context_cost_est': 129.19342105263158, 'primary_quality_metric': 'evidence_coverage@10', 'primary_quality_value': 0.8552631578947368, 'profile': 'portable-agentic', 'retrieval_cost_est': 5.48414532032318e-08, 'search_params': {'hnsw_ef': 64}, 'task_cost_est': 129.19342110747303}",portable-agentic,evidence_coverage@10,0.8552631578947368,,,,,,,,,,0,1.0
s3_multi_hop,b0,4,faiss-cpu,BAAI/bge-small-en-v1.5,run-dcaec7b236-r0-c4-t30-portable_s3,2026-04-26T12:48:14+00:00,0,cpu,HOTPOT_PORTABLE,portable-s3-hotpotqa-dev-distractor,42,0,0.3,"{""avg_retrieved_input_tokens"": 862.7647628267183, ""budget_level"": ""b0"", ""c_llm_in"": 0.15, ""embedding_cost_est"": 0.0, ""embedding_dim"": 384, ""embedding_model"": ""BAAI/bge-small-en-v1.5"", ""evidence_coverage_at_10"": 0.8522507260406583, ""evidence_coverage_at_20"": 0.8867376573088093, ""evidence_coverage_at_5"": 0.7993707647628268, ""llm_context_cost_est"": 129.41471442400774, ""primary_quality_metric"": ""evidence_coverage@10"", ""primary_quality_value"": 0.8522507260406583, ""profile"": ""portable-agentic"", ""retrieval_cost_est"": 7.037687474032294e-09, ""search_params"": {""hnsw_ef"": 32}, ""task_cost_est"": 129.41471443104544}",0.8522507260406583,0.8092362857726445,0.912670177783924,6.891478493344039,9.709603933151811,10.518136454047635,413.1844332757911,2.907972464270144e-05,150.0,0.0,0,0.010541989468038082,0.010709667112678288,129.41471443104544,,,,,0.8522507260406583,22.60006741702091,10,10.00392229098361,3824,10,10.000376750016585,4132,4.08440004196018,4.0,0.0,0.09929388761520386,9.696668712422252e-05,0.010468306477908602,/Volumes/Max/AI/Project/MaxionBench/artifacts/runs/portable/b0/s3_multi_hop__bge-small-en-v1-5/faiss_cpu,run-dcaec7b236-r0-c1-t30-portable_s3,dcaec7b23678f0a83cba4f4613cdf46e1acfa3a02db0d1e033971c5fe751b9b3,hotpot_portable_supporting_facts,evidence_coverage@10,hotpot_portable_qrels,10.0,portable-agentic,b0,BAAI/bge-small-en-v1.5,384.0,0.15,"{'avg_retrieved_input_tokens': 862.7647628267183, 'budget_level': 'b0', 'c_llm_in': 0.15, 'embedding_cost_est': 0.0, 'embedding_dim': 384, 'embedding_model': 'BAAI/bge-small-en-v1.5', 'evidence_coverage_at_10': 0.8522507260406583, 'evidence_coverage_at_20': 0.8867376573088093, 'evidence_coverage_at_5': 0.7993707647628268, 'llm_context_cost_est': 129.41471442400774, 'primary_quality_metric': 'evidence_coverage@10', 'primary_quality_value': 0.8522507260406583, 'profile': 'portable-agentic', 'retrieval_cost_est': 7.037687474032294e-09, 'search_params': {'hnsw_ef': 32}, 'task_cost_est': 129.41471443104544}",portable-agentic,evidence_coverage@10,0.8522507260406583,,,,,,,,,,0,2.0
s3_multi_hop,b0,4,qdrant,BAAI/bge-small-en-v1.5,run-2936b040f4-r0-c4-t30-portable_s3,2026-04-26T12:59:06+00:00,0,server,HOTPOT_PORTABLE,portable-s3-hotpotqa-dev-distractor,42,0,0.3,"{""avg_retrieved_input_tokens"": 865.7172, ""budget_level"": ""b0"", ""c_llm_in"": 0.15, ""embedding_cost_est"": 0.0, ""embedding_dim"": 384, ""embedding_model"": ""BAAI/bge-small-en-v1.5"", ""evidence_coverage_at_10"": 0.8121, ""evidence_coverage_at_20"": 0.8451, ""evidence_coverage_at_5"": 0.7642, ""llm_context_cost_est"": 129.85758, ""primary_quality_metric"": ""evidence_coverage@10"", ""primary_quality_value"": 0.8121, ""profile"": ""portable-agentic"", ""retrieval_cost_est"": 3.670966170089e-09, ""search_params"": {""hnsw_ef"": 32}, ""task_cost_est"": 129.857580003671}",0.8121,0.7757458029178269,0.8844565873015872,4.2788334540091455,5.064126831712201,5.8042195776943135,788.2171571328773,1.8354830850445e-05,150.0,0.0,0,4.7235835227184,7.513987619895488,129.857580003671,,,,,0.8121,45.173022374976426,10,6.51446337508969,5000,10,6.3434295419137925,5000,4.002884124987759,4.0,0.0,0.0,0.0,0.010416666666666666,/Volumes/Max/AI/Project/MaxionBench/artifacts/runs/portable/b0/s3_multi_hop__bge-small-en-v1-5/qdrant,run-2936b040f4-r0-c1-t30-portable_s3,2936b040f4c392e8081335c951f6e186a6ae53c321c3377c48ccebd33d6ed822,hotpot_portable_supporting_facts,evidence_coverage@10,hotpot_portable_qrels,10.0,portable-agentic,b0,BAAI/bge-small-en-v1.5,384.0,0.15,"{'avg_retrieved_input_tokens': 865.7172, 'budget_level': 'b0', 'c_llm_in': 0.15, 'embedding_cost_est': 0.0, 'embedding_dim': 384, 'embedding_model': 'BAAI/bge-small-en-v1.5', 'evidence_coverage_at_10': 0.8121, 'evidence_coverage_at_20': 0.8451, 'evidence_coverage_at_5': 0.7642, 'llm_context_cost_est': 129.85758, 'primary_quality_metric': 'evidence_coverage@10', 'primary_quality_value': 0.8121, 'profile': 'portable-agentic', 'retrieval_cost_est': 3.670966170089e-09, 'search_params': {'hnsw_ef': 32}, 'task_cost_est': 129.857580003671}",portable-agentic,evidence_coverage@10,0.8121,,,,,,,,,,0,3.0
s3_multi_hop,b0,4,faiss-cpu,BAAI/bge-base-en-v1.5,run-b470dff69f-r0-c4-t30-portable_s3,2026-04-26T12:29:53+00:00,0,cpu,HOTPOT_PORTABLE,portable-s3-hotpotqa-dev-distractor,42,0,0.3,"{""avg_retrieved_input_tokens"": 870.1380655226209, ""budget_level"": ""b0"", ""c_llm_in"": 0.15, ""embedding_cost_est"": 0.0, ""embedding_dim"": 768, ""embedding_model"": ""BAAI/bge-base-en-v1.5"", ""evidence_coverage_at_10"": 0.8722698907956318, ""evidence_coverage_at_20"": 0.906786271450858, ""evidence_coverage_at_5"": 0.8176677067082684, ""llm_context_cost_est"": 130.52070982839314, ""primary_quality_metric"": ""evidence_coverage@10"", ""primary_quality_value"": 0.8722698907956318, ""profile"": ""portable-agentic"", ""retrieval_cost_est"": 1.1397785595094162e-08, ""search_params"": {""hnsw_ef"": 32}, ""task_cost_est"": 130.52070983979092}",0.8722698907956318,0.8263131147271607,0.9182158953024788,9.886479005217552,17.744287464302026,18.413079330930486,256.3334344628206,2.9223922265821433e-05,150.0,0.0,0,0.017167069017887115,0.017709392122924328,130.52070983979092,,,,,0.8722698907956318,23.604434792068787,10,10.008543916977942,2584,10,10.002596833975986,2564,3.921892415964976,4.0,0.0,0.19461601972579956,0.00019005470676347613,0.01051788069670086,/Volumes/Max/AI/Project/MaxionBench/artifacts/runs/portable/b0/s3_multi_hop__bge-base-en-v1-5/faiss_cpu,run-b470dff69f-r0-c1-t30-portable_s3,b470dff69fadeef3dcfffa88a3fe24e31dca0faffabb51ee23f583696fb67231,hotpot_portable_supporting_facts,evidence_coverage@10,hotpot_portable_qrels,10.0,portable-agentic,b0,BAAI/bge-base-en-v1.5,768.0,0.15,"{'avg_retrieved_input_tokens': 870.1380655226209, 'budget_level': 'b0', 'c_llm_in': 0.15, 'embedding_cost_est': 0.0, 'embedding_dim': 768, 'embedding_model': 'BAAI/bge-base-en-v1.5', 'evidence_coverage_at_10': 0.8722698907956318, 'evidence_coverage_at_20': 0.906786271450858, 'evidence_coverage_at_5': 0.8176677067082684, 'llm_context_cost_est': 130.52070982839314, 'primary_quality_metric': 'evidence_coverage@10', 'primary_quality_value': 0.8722698907956318, 'profile': 'portable-agentic', 'retrieval_cost_est': 1.1397785595094162e-08, 'search_params': {'hnsw_ef': 32}, 'task_cost_est': 130.52070983979092}",portable-agentic,evidence_coverage@10,0.8722698907956318,,,,,,,,,,0,4.0
s3_multi_hop,b0,4,qdrant,BAAI/bge-base-en-v1.5,run-00c237c3ac-r0-c4-t30-portable_s3,2026-04-26T12:43:49+00:00,0,server,HOTPOT_PORTABLE,portable-s3-hotpotqa-dev-distractor,42,0,0.3,"{""avg_retrieved_input_tokens"": 870.532, ""budget_level"": ""b0"", ""c_llm_in"": 0.15, ""embedding_cost_est"": 0.0, ""embedding_dim"": 768, ""embedding_model"": ""BAAI/bge-base-en-v1.5"", ""evidence_coverage_at_10"": 0.8423, ""evidence_coverage_at_20"": 0.8752, ""evidence_coverage_at_5"": 0.7919, ""llm_context_cost_est"": 130.5798, ""primary_quality_metric"": ""evidence_coverage@10"", ""primary_quality_value"": 0.8423, ""profile"": ""portable-agentic"", ""retrieval_cost_est"": 4.439401379015719e-09, ""search_params"": {""hnsw_ef"": 32}, ""task_cost_est"": 130.57980000443942}",0.8423,0.8015331146933192,0.9005759523809523,5.220478982664645,6.136085378238931,6.3560541393235335,651.7812361359527,2.2197006895078595e-05,150.0,0.0,0,4.862457979470491,7.618313286220655,130.57980000443942,,,,,0.8423,73.13633670797572,10,8.379554874962196,5000,10,7.671285582939163,5000,3.999403915950097,4.0,0.0,0.0,0.0,0.010416666666666666,/Volumes/Max/AI/Project/MaxionBench/artifacts/runs/portable/b0/s3_multi_hop__bge-base-en-v1-5/qdrant,run-00c237c3ac-r0-c1-t30-portable_s3,00c237c3ac0cf19fab70e3da2b29e5949d2995981924519c1f22bfcb85bc48b2,hotpot_portable_supporting_facts,evidence_coverage@10,hotpot_portable_qrels,10.0,portable-agentic,b0,BAAI/bge-base-en-v1.5,768.0,0.15,"{'avg_retrieved_input_tokens': 870.532, 'budget_level': 'b0', 'c_llm_in': 0.15, 'embedding_cost_est': 0.0, 'embedding_dim': 768, 'embedding_model': 'BAAI/bge-base-en-v1.5', 'evidence_coverage_at_10': 0.8423, 'evidence_coverage_at_20': 0.8752, 'evidence_coverage_at_5': 0.7919, 'llm_context_cost_est': 130.5798, 'primary_quality_metric': 'evidence_coverage@10', 'primary_quality_value': 0.8423, 'profile': 'portable-agentic', 'retrieval_cost_est': 4.439401379015719e-09, 'search_params': {'hnsw_ef': 32}, 'task_cost_est': 130.57980000443942}",portable-agentic,evidence_coverage@10,0.8423,,,,,,,,,,0,5.0
s3_multi_hop,b0,4,pgvector,BAAI/bge-small-en-v1.5,run-8e38d66de2-r0-c4-t30-portable_s3,2026-04-26T12:54:15+00:00,0,postgres16-pgvector,HOTPOT_PORTABLE,portable-s3-hotpotqa-dev-distractor,42,0,0.3,"{""avg_retrieved_input_tokens"": 878.8012820512821, ""budget_level"": ""b0"", ""c_llm_in"": 0.15, ""embedding_cost_est"": 0.0, ""embedding_dim"": 384, ""embedding_model"": ""BAAI/bge-small-en-v1.5"", ""evidence_coverage_at_10"": 0.8333333333333334, ""evidence_coverage_at_20"": 0.8653846153846154, ""evidence_coverage_at_5"": 0.7852564102564102, ""llm_context_cost_est"": 131.8201923076923, ""primary_quality_metric"": ""evidence_coverage@10"", ""primary_quality_value"": 0.8333333333333334, ""profile"": ""portable-agentic"", ""retrieval_cost_est"": 1.8752570820439988e-07, ""search_params"": {""ivfflat_probes"": 64}, ""task_cost_est"": 131.820192495218}",0.8333333333333334,0.7710202078401958,0.8611187423687423,162.75591653538868,262.9009273077827,271.6849294025451,15.44183972228033,2.9254010479886383e-05,150.0,0.5,0,0.45039551332592964,0.6853579264134166,131.820192495218,,,,,0.8333333333333334,37.50088133395184,10,10.042280166991986,148,10,10.102423208998516,156,3.9177886249963194,4.0,0.0,0.0,0.0002458915114402771,0.01042467094763803,/Volumes/Max/AI/Project/MaxionBench/artifacts/runs/portable/b0/s3_multi_hop__bge-small-en-v1-5/pgvector,run-8e38d66de2-r0-c1-t30-portable_s3,8e38d66de2f818d035a1959f7276b54eae27cf098acd2805e9046c6956be1770,hotpot_portable_supporting_facts,evidence_coverage@10,hotpot_portable_qrels,10.0,portable-agentic,b0,BAAI/bge-small-en-v1.5,384.0,0.15,"{'avg_retrieved_input_tokens': 878.8012820512821, 'budget_level': 'b0', 'c_llm_in': 0.15, 'embedding_cost_est': 0.0, 'embedding_dim': 384, 'embedding_model': 'BAAI/bge-small-en-v1.5', 'evidence_coverage_at_10': 0.8333333333333334, 'evidence_coverage_at_20': 0.8653846153846154, 'evidence_coverage_at_5': 0.7852564102564102, 'llm_context_cost_est': 131.8201923076923, 'primary_quality_metric': 'evidence_coverage@10', 'primary_quality_value': 0.8333333333333334, 'profile': 'portable-agentic', 'retrieval_cost_est': 1.8752570820439988e-07, 'search_params': {'ivfflat_probes': 64}, 'task_cost_est': 131.820192495218}",portable-agentic,evidence_coverage@10,0.8333333333333334,,,,,,,,,,0,6.0
s3_multi_hop,b0,4,lancedb-inproc,BAAI/bge-base-en-v1.5,run-cdadc086f6-r0-c4-t30-portable_s3,2026-04-26T12:32:41+00:00,0,local,HOTPOT_PORTABLE,portable-s3-hotpotqa-dev-distractor,42,0,0.3,"{""avg_retrieved_input_tokens"": 882.4565217391304, ""budget_level"": ""b0"", ""c_llm_in"": 0.15, ""embedding_cost_est"": 0.0, ""embedding_dim"": 768, ""embedding_model"": ""BAAI/bge-base-en-v1.5"", ""evidence_coverage_at_10"": 0.8713768115942029, ""evidence_coverage_at_20"": 0.9057971014492754, ""evidence_coverage_at_5"": 0.8206521739130435, ""llm_context_cost_est"": 132.36847826086955, ""primary_quality_metric"": ""evidence_coverage@10"", ""primary_quality_value"": 0.8713768115942029, ""profile"": ""portable-agentic"", ""retrieval_cost_est"": 1.0590663020985076e-07, ""search_params"": {""hnsw_ef"": 64}, ""task_cost_est"": 132.36847836677617}",0.8713768115942029,0.8303415828622528,0.9293823326432021,136.49429142242298,152.41728100227192,155.6948649813421,27.584664995074263,2.923022993791881e-05,150.0,0.08333333333333333,0,0.00016693957149982452,0.0002080341801047325,132.36847836677617,,,,,0.8713768115942029,27.16783370799385,10,10.016025457996875,276,10,10.005559250013903,276,3.991090166964568,4.0,0.0,0.1906442642211914,0.00022368485497281654,0.0105170360943454,/Volumes/Max/AI/Project/MaxionBench/artifacts/runs/portable/b0/s3_multi_hop__bge-base-en-v1-5/lancedb_inproc,run-cdadc086f6-r0-c1-t30-portable_s3,cdadc086f6c1107791508efa32f51c336d04bad5d22fc844f27bc98d3d844561,hotpot_portable_supporting_facts,evidence_coverage@10,hotpot_portable_qrels,10.0,portable-agentic,b0,BAAI/bge-base-en-v1.5,768.0,0.15,"{'avg_retrieved_input_tokens': 882.4565217391304, 'budget_level': 'b0', 'c_llm_in': 0.15, 'embedding_cost_est': 0.0, 'embedding_dim': 768, 'embedding_model': 'BAAI/bge-base-en-v1.5', 'evidence_coverage_at_10': 0.8713768115942029, 'evidence_coverage_at_20': 0.9057971014492754, 'evidence_coverage_at_5': 0.8206521739130435, 'llm_context_cost_est': 132.36847826086955, 'primary_quality_metric': 'evidence_coverage@10', 'primary_quality_value': 0.8713768115942029, 'profile': 'portable-agentic', 'retrieval_cost_est': 1.0590663020985076e-07, 'search_params': {'hnsw_ef': 64}, 'task_cost_est': 132.36847836677617}",portable-agentic,evidence_coverage@10,0.8713768115942029,,,,,,,,,,0,7.0
s3_multi_hop,b0,4,pgvector,BAAI/bge-base-en-v1.5,run-c44994d2d8-r0-c4-t30-portable_s3,2026-04-26T12:36:55+00:00,0,postgres16-pgvector,HOTPOT_PORTABLE,portable-s3-hotpotqa-dev-distractor,42,0,0.3,"{""avg_retrieved_input_tokens"": 888.9411764705883, ""budget_level"": ""b0"", ""c_llm_in"": 0.15, ""embedding_cost_est"": 0.0, ""embedding_dim"": 768, ""embedding_model"": ""BAAI/bge-base-en-v1.5"", ""evidence_coverage_at_10"": 0.8492647058823529, ""evidence_coverage_at_20"": 0.8786764705882353, ""evidence_coverage_at_5"": 0.8161764705882353, ""llm_context_cost_est"": 133.34117647058824, ""primary_quality_metric"": ""evidence_coverage@10"", ""primary_quality_value"": 0.8492647058823529, ""profile"": ""portable-agentic"", ""retrieval_cost_est"": 2.1856533834884068e-07, ""search_params"": {""ivfflat_probes"": 64}, ""task_cost_est"": 133.34117668915357}",0.8492647058823529,0.7919217915392328,0.864154411764706,213.80920853698626,302.2402912029065,321.79629362653947,13.261353275504726,2.972488601544233e-05,150.0,0.5661764705882353,0,0.39974995888769627,0.6942845694720745,133.34117668915357,,,,,0.8492647058823529,46.60520300001372,10,10.247208624961786,128,10,10.255363625008613,136,3.9756459580967203,4.0,0.0,0.0,0.0005478337407112122,0.01043449979624711,/Volumes/Max/AI/Project/MaxionBench/artifacts/runs/portable/b0/s3_multi_hop__bge-base-en-v1-5/pgvector,run-c44994d2d8-r0-c1-t30-portable_s3,c44994d2d8aae4b6583f8c738b92c8cdaf69bc1eab9a8b3dc5303c63c9cb343d,hotpot_portable_supporting_facts,evidence_coverage@10,hotpot_portable_qrels,10.0,portable-agentic,b0,BAAI/bge-base-en-v1.5,768.0,0.15,"{'avg_retrieved_input_tokens': 888.9411764705883, 'budget_level': 'b0', 'c_llm_in': 0.15, 'embedding_cost_est': 0.0, 'embedding_dim': 768, 'embedding_model': 'BAAI/bge-base-en-v1.5', 'evidence_coverage_at_10': 0.8492647058823529, 'evidence_coverage_at_20': 0.8786764705882353, 'evidence_coverage_at_5': 0.8161764705882353, 'llm_context_cost_est': 133.34117647058824, 'primary_quality_metric': 'evidence_coverage@10', 'primary_quality_value': 0.8492647058823529, 'profile': 'portable-agentic', 'retrieval_cost_est': 2.1856533834884068e-07, 'search_params': {'ivfflat_probes': 64}, 'task_cost_est': 133.34117668915357}",portable-agentic,evidence_coverage@10,0.8492647058823529,,,,,,,,,,0,8.0
s3_multi_hop,b0,8,faiss-cpu,BAAI/bge-small-en-v1.5,run-dcaec7b236-r0-c8-t30-portable_s3,2026-04-26T12:48:59+00:00,0,cpu,HOTPOT_PORTABLE,portable-s3-hotpotqa-dev-distractor,42,0,0.3,"{""avg_retrieved_input_tokens"": 863.0855654761905, ""budget_level"": ""b0"", ""c_llm_in"": 0.15, ""embedding_cost_est"": 0.0, ""embedding_dim"": 384, ""embedding_model"": ""BAAI/bge-small-en-v1.5"", ""evidence_coverage_at_10"": 0.8524305555555556, ""evidence_coverage_at_20"": 0.8869047619047619, ""evidence_coverage_at_5"": 0.7992311507936508, ""llm_context_cost_est"": 129.46283482142857, ""primary_quality_metric"": ""evidence_coverage@10"", ""primary_quality_value"": 0.8524305555555556, ""profile"": ""portable-agentic"", ""retrieval_cost_est"": 1.4403974401855796e-08, ""search_params"": {""hnsw_ef"": 32}, ""task_cost_est"": 129.46283483583255}",0.8524305555555556,0.8093385326337633,0.9123106418493323,11.627791449427605,19.51124346232973,21.170438729459423,402.7625478354947,5.807682478828257e-05,150.0,0.0,0,0.011791940778493881,0.012125414796173573,129.46283483583255,,,,,0.8524305555555556,22.52111595903989,10,10.0205366659211,3880,10,10.010861292015761,4032,4.08440004196018,8.0,0.0,0.09929388761520386,9.696668712422252e-05,0.02088497314457527,/Volumes/Max/AI/Project/MaxionBench/artifacts/runs/portable/b0/s3_multi_hop__bge-small-en-v1-5/faiss_cpu,run-dcaec7b236-r0-c1-t30-portable_s3,dcaec7b23678f0a83cba4f4613cdf46e1acfa3a02db0d1e033971c5fe751b9b3,hotpot_portable_supporting_facts,evidence_coverage@10,hotpot_portable_qrels,10.0,portable-agentic,b0,BAAI/bge-small-en-v1.5,384.0,0.15,"{'avg_retrieved_input_tokens': 863.0855654761905, 'budget_level': 'b0', 'c_llm_in': 0.15, 'embedding_cost_est': 0.0, 'embedding_dim': 384, 'embedding_model': 'BAAI/bge-small-en-v1.5', 'evidence_coverage_at_10': 0.8524305555555556, 'evidence_coverage_at_20': 0.8869047619047619, 'evidence_coverage_at_5': 0.7992311507936508, 'llm_context_cost_est': 129.46283482142857, 'primary_quality_metric': 'evidence_coverage@10', 'primary_quality_value': 0.8524305555555556, 'profile': 'portable-agentic', 'retrieval_cost_est': 1.4403974401855796e-08, 'search_params': {'hnsw_ef': 32}, 'task_cost_est': 129.46283483583255}",portable-agentic,evidence_coverage@10,0.8524305555555556,,,,,,,,,,0,1.0
s3_multi_hop,b0,8,lancedb-inproc,BAAI/bge-small-en-v1.5,run-418a2577c7-r0-c8-t30-portable_s3,2026-04-26T12:51:37+00:00,0,local,HOTPOT_PORTABLE,portable-s3-hotpotqa-dev-distractor,42,0,0.3,"{""avg_retrieved_input_tokens"": 865.3137254901961, ""budget_level"": ""b0"", ""c_llm_in"": 0.15, ""embedding_cost_est"": 0.0, ""embedding_dim"": 384, ""embedding_model"": ""BAAI/bge-small-en-v1.5"", ""evidence_coverage_at_10"": 0.8529411764705882, ""evidence_coverage_at_20"": 0.8897058823529411, ""evidence_coverage_at_5"": 0.7953431372549019, ""llm_context_cost_est"": 129.79705882352943, ""primary_quality_metric"": ""evidence_coverage@10"", ""primary_quality_value"": 0.8529411764705882, ""profile"": ""portable-agentic"", ""retrieval_cost_est"": 1.4249444188493216e-07, ""search_params"": {""hnsw_ef"": 64}, ""task_cost_est"": 129.79705896602385}",0.8529411764705882,0.8090283060331015,0.9091522720199191,183.46731254132465,209.02299143490382,223.4126106533222,40.71139013251951,5.813773228905232e-05,150.0,0.9754901960784313,0,0.000208965502679348,0.000250060111284256,129.79705896602385,,,,,0.8529411764705882,24.941439457936212,10,10.040598041960038,392,10,10.021765375044197,408,3.958226458984427,8.0,0.0,0.0953221321105957,0.0001305966152358451,0.02088412853505517,/Volumes/Max/AI/Project/MaxionBench/artifacts/runs/portable/b0/s3_multi_hop__bge-small-en-v1-5/lancedb_inproc,run-418a2577c7-r0-c1-t30-portable_s3,418a2577c791289425f361e358fdd43d0e5571b240b83acd46c49812c923721d,hotpot_portable_supporting_facts,evidence_coverage@10,hotpot_portable_qrels,10.0,portable-agentic,b0,BAAI/bge-small-en-v1.5,384.0,0.15,"{'avg_retrieved_input_tokens': 865.3137254901961, 'budget_level': 'b0', 'c_llm_in': 0.15, 'embedding_cost_est': 0.0, 'embedding_dim': 384, 'embedding_model': 'BAAI/bge-small-en-v1.5', 'evidence_coverage_at_10': 0.8529411764705882, 'evidence_coverage_at_20': 0.8897058823529411, 'evidence_coverage_at_5': 0.7953431372549019, 'llm_context_cost_est': 129.79705882352943, 'primary_quality_metric': 'evidence_coverage@10', 'primary_quality_value': 0.8529411764705882, 'profile': 'portable-agentic', 'retrieval_cost_est': 1.4249444188493216e-07, 'search_params': {'hnsw_ef': 64}, 'task_cost_est': 129.79705896602385}",portable-agentic,evidence_coverage@10,0.8529411764705882,,,,,,,,,,0,2.0
s3_multi_hop,b0,8,qdrant,BAAI/bge-small-en-v1.5,run-2936b040f4-r0-c8-t30-portable_s3,2026-04-26T13:00:54+00:00,0,server,HOTPOT_PORTABLE,portable-s3-hotpotqa-dev-distractor,42,0,0.3,"{""avg_retrieved_input_tokens"": 866.8426, ""budget_level"": ""b0"", ""c_llm_in"": 0.15, ""embedding_cost_est"": 0.0, ""embedding_dim"": 384, ""embedding_model"": ""BAAI/bge-small-en-v1.5"", ""evidence_coverage_at_10"": 0.8132, ""evidence_coverage_at_20"": 0.8467, ""evidence_coverage_at_5"": 0.7652, ""llm_context_cost_est"": 130.02639, ""primary_quality_metric"": ""evidence_coverage@10"", ""primary_quality_value"": 0.8132, ""profile"": ""portable-agentic"", ""retrieval_cost_est"": 8.19724556249976e-09, ""search_params"": {""hnsw_ef"": 32}, ""task_cost_est"": 130.02639000819724}",0.8132,0.7769548544722926,0.8856088095238096,8.207687991671264,10.868011077400299,11.534049868350849,705.9733654327995,4.0986227812498795e-05,150.0,0.0,0,4.663166939280927,7.369181545218453,130.02639000819724,,,,,0.8132,51.78367829101626,10,7.481465624994598,5000,10,7.0824201659997925,5000,4.002884124987759,8.0,0.0,0.0,0.0,0.020833333333333332,/Volumes/Max/AI/Project/MaxionBench/artifacts/runs/portable/b0/s3_multi_hop__bge-small-en-v1-5/qdrant,run-2936b040f4-r0-c1-t30-portable_s3,2936b040f4c392e8081335c951f6e186a6ae53c321c3377c48ccebd33d6ed822,hotpot_portable_supporting_facts,evidence_coverage@10,hotpot_portable_qrels,10.0,portable-agentic,b0,BAAI/bge-small-en-v1.5,384.0,0.15,"{'avg_retrieved_input_tokens': 866.8426, 'budget_level': 'b0', 'c_llm_in': 0.15, 'embedding_cost_est': 0.0, 'embedding_dim': 384, 'embedding_model': 'BAAI/bge-small-en-v1.5', 'evidence_coverage_at_10': 0.8132, 'evidence_coverage_at_20': 0.8467, 'evidence_coverage_at_5': 0.7652, 'llm_context_cost_est': 130.02639, 'primary_quality_metric': 'evidence_coverage@10', 'primary_quality_value': 0.8132, 'profile': 'portable-agentic', 'retrieval_cost_est': 8.19724556249976e-09, 'search_params': {'hnsw_ef': 32}, 'task_cost_est': 130.02639000819724}",portable-agentic,evidence_coverage@10,0.8132,,,,,,,,,,0,3.0
s3_multi_hop,b0,8,pgvector,BAAI/bge-base-en-v1.5,run-c44994d2d8-r0-c8-t30-portable_s3,2026-04-26T12:38:28+00:00,0,postgres16-pgvector,HOTPOT_PORTABLE,portable-s3-hotpotqa-dev-distractor,42,0,0.3,"{""avg_retrieved_input_tokens"": 870.0865384615385, ""budget_level"": ""b0"", ""c_llm_in"": 0.15, ""embedding_cost_est"": 0.0, ""embedding_dim"": 768, ""embedding_model"": ""BAAI/bge-base-en-v1.5"", ""evidence_coverage_at_10"": 0.8846153846153846, ""evidence_coverage_at_20"": 0.9182692307692307, ""evidence_coverage_at_5"": 0.8221153846153846, ""llm_context_cost_est"": 130.51298076923075, ""primary_quality_metric"": ""evidence_coverage@10"", ""primary_quality_value"": 0.8846153846153846, ""profile"": ""portable-agentic"", ""retrieval_cost_est"": 5.626518498839464e-07, ""search_params"": {""ivfflat_probes"": 64}, ""task_cost_est"": 130.5129813318826}",0.8846153846153846,0.8341623916475049,0.9273504273504274,402.86170807667077,868.8435482385102,971.1967650789302,10.294092064689071,5.851579238793042e-05,150.0,0.8653846153846154,0,0.44695852557197213,0.6652779213618487,130.5129813318826,,,,,0.8846153846153846,46.82320341595914,10,10.114514208980836,80,10,10.102882249979302,104,3.9756459580967203,8.0,0.0,0.0,0.000547751784324646,0.02085116379506265,/Volumes/Max/AI/Project/MaxionBench/artifacts/runs/portable/b0/s3_multi_hop__bge-base-en-v1-5/pgvector,run-c44994d2d8-r0-c1-t30-portable_s3,c44994d2d8aae4b6583f8c738b92c8cdaf69bc1eab9a8b3dc5303c63c9cb343d,hotpot_portable_supporting_facts,evidence_coverage@10,hotpot_portable_qrels,10.0,portable-agentic,b0,BAAI/bge-base-en-v1.5,768.0,0.15,"{'avg_retrieved_input_tokens': 870.0865384615385, 'budget_level': 'b0', 'c_llm_in': 0.15, 'embedding_cost_est': 0.0, 'embedding_dim': 768, 'embedding_model': 'BAAI/bge-base-en-v1.5', 'evidence_coverage_at_10': 0.8846153846153846, 'evidence_coverage_at_20': 0.9182692307692307, 'evidence_coverage_at_5': 0.8221153846153846, 'llm_context_cost_est': 130.51298076923075, 'primary_quality_metric': 'evidence_coverage@10', 'primary_quality_value': 0.8846153846153846, 'profile': 'portable-agentic', 'retrieval_cost_est': 5.626518498839464e-07, 'search_params': {'ivfflat_probes': 64}, 'task_cost_est': 130.5129813318826}",portable-agentic,evidence_coverage@10,0.8846153846153846,,,,,,,,,,0,4.0
s3_multi_hop,b0,8,qdrant,BAAI/bge-base-en-v1.5,run-00c237c3ac-r0-c8-t30-portable_s3,2026-04-26T12:46:35+00:00,0,server,HOTPOT_PORTABLE,portable-s3-hotpotqa-dev-distractor,42,0,0.3,"{""avg_retrieved_input_tokens"": 870.1516, ""budget_level"": ""b0"", ""c_llm_in"": 0.15, ""embedding_cost_est"": 0.0, ""embedding_dim"": 768, ""embedding_model"": ""BAAI/bge-base-en-v1.5"", ""evidence_coverage_at_10"": 0.8391, ""evidence_coverage_at_20"": 0.8724, ""evidence_coverage_at_5"": 0.7888, ""llm_context_cost_est"": 130.52274, ""primary_quality_metric"": ""evidence_coverage@10"", ""primary_quality_value"": 0.8391, ""profile"": ""portable-agentic"", ""retrieval_cost_est"": 9.872542630748487e-09, ""search_params"": {""hnsw_ef"": 32}, ""task_cost_est"": 130.52274000987254}",0.8391,0.7984942470812922,0.8978861111111109,9.078000031877309,12.520532758207992,15.537190762115676,586.1749352201372,4.936271315374243e-05,150.0,0.0016,0,4.599437990691513,8.842307061422613,130.52274000987254,,,,,0.8391,81.58223637507763,10,8.756399207981303,5000,10,8.529876832966693,5000,3.999403915950097,8.0,0.0,0.0,0.0,0.020833333333333332,/Volumes/Max/AI/Project/MaxionBench/artifacts/runs/portable/b0/s3_multi_hop__bge-base-en-v1-5/qdrant,run-00c237c3ac-r0-c1-t30-portable_s3,00c237c3ac0cf19fab70e3da2b29e5949d2995981924519c1f22bfcb85bc48b2,hotpot_portable_supporting_facts,evidence_coverage@10,hotpot_portable_qrels,10.0,portable-agentic,b0,BAAI/bge-base-en-v1.5,768.0,0.15,"{'avg_retrieved_input_tokens': 870.1516, 'budget_level': 'b0', 'c_llm_in': 0.15, 'embedding_cost_est': 0.0, 'embedding_dim': 768, 'embedding_model': 'BAAI/bge-base-en-v1.5', 'evidence_coverage_at_10': 0.8391, 'evidence_coverage_at_20': 0.8724, 'evidence_coverage_at_5': 0.7888, 'llm_context_cost_est': 130.52274, 'primary_quality_metric': 'evidence_coverage@10', 'primary_quality_value': 0.8391, 'profile': 'portable-agentic', 'retrieval_cost_est': 9.872542630748487e-09, 'search_params': {'hnsw_ef': 32}, 'task_cost_est': 130.52274000987254}",portable-agentic,evidence_coverage@10,0.8391,,,,,,,,,,0,5.0
s3_multi_hop,b0,8,faiss-cpu,BAAI/bge-base-en-v1.5,run-b470dff69f-r0-c8-t30-portable_s3,2026-04-26T12:30:39+00:00,0,cpu,HOTPOT_PORTABLE,portable-s3-hotpotqa-dev-distractor,42,0,0.3,"{""avg_retrieved_input_tokens"": 871.2324561403509, ""budget_level"": ""b0"", ""c_llm_in"": 0.15, ""embedding_cost_est"": 0.0, ""embedding_dim"": 768, ""embedding_model"": ""BAAI/bge-base-en-v1.5"", ""evidence_coverage_at_10"": 0.8744517543859649, ""evidence_coverage_at_20"": 0.908625730994152, ""evidence_coverage_at_5"": 0.8203581871345029, ""llm_context_cost_est"": 130.68486842105264, ""primary_quality_metric"": ""evidence_coverage@10"", ""primary_quality_value"": 0.8744517543859649, ""profile"": ""portable-agentic"", ""retrieval_cost_est"": 2.1262314833491156e-08, ""search_params"": {""hnsw_ef"": 32}, ""task_cost_est"": 130.68486844231495}",0.8744517543859649,0.8277871812039671,0.9185286712150749,17.700000025797635,28.77665651612915,30.307864805217836,273.4957172311352,5.817369338443181e-05,150.0,0.0,0,0.017167069017887115,0.01733441837131977,130.68486844231495,,,,,0.8744517543859649,23.33206699998118,10,10.020706332987174,2768,10,10.003812958020717,2736,3.921892415964976,8.0,0.0,0.19461601972579956,0.00019005470676347613,0.02093454736336753,/Volumes/Max/AI/Project/MaxionBench/artifacts/runs/portable/b0/s3_multi_hop__bge-base-en-v1-5/faiss_cpu,run-b470dff69f-r0-c1-t30-portable_s3,b470dff69fadeef3dcfffa88a3fe24e31dca0faffabb51ee23f583696fb67231,hotpot_portable_supporting_facts,evidence_coverage@10,hotpot_portable_qrels,10.0,portable-agentic,b0,BAAI/bge-base-en-v1.5,768.0,0.15,"{'avg_retrieved_input_tokens': 871.2324561403509, 'budget_level': 'b0', 'c_llm_in': 0.15, 'embedding_cost_est': 0.0, 'embedding_dim': 768, 'embedding_model': 'BAAI/bge-base-en-v1.5', 'evidence_coverage_at_10': 0.8744517543859649, 'evidence_coverage_at_20': 0.908625730994152, 'evidence_coverage_at_5': 0.8203581871345029, 'llm_context_cost_est': 130.68486842105264, 'primary_quality_metric': 'evidence_coverage@10', 'primary_quality_value': 0.8744517543859649, 'profile': 'portable-agentic', 'retrieval_cost_est': 2.1262314833491156e-08, 'search_params': {'hnsw_ef': 32}, 'task_cost_est': 130.68486844231495}",portable-agentic,evidence_coverage@10,0.8744517543859649,,,,,,,,,,0,6.0
s3_multi_hop,b0,8,pgvector,BAAI/bge-small-en-v1.5,run-8e38d66de2-r0-c8-t30-portable_s3,2026-04-26T12:55:31+00:00,0,postgres16-pgvector,HOTPOT_PORTABLE,portable-s3-hotpotqa-dev-distractor,42,0,0.3,"{""avg_retrieved_input_tokens"": 874.2901785714286, ""budget_level"": ""b0"", ""c_llm_in"": 0.15, ""embedding_cost_est"": 0.0, ""embedding_dim"": 384, ""embedding_model"": ""BAAI/bge-small-en-v1.5"", ""evidence_coverage_at_10"": 0.8616071428571429, ""evidence_coverage_at_20"": 0.9040178571428571, ""evidence_coverage_at_5"": 0.8147321428571429, ""llm_context_cost_est"": 131.14352678571427, ""primary_quality_metric"": ""evidence_coverage@10"", ""primary_quality_value"": 0.8616071428571429, ""profile"": ""portable-agentic"", ""retrieval_cost_est"": 2.589385977194232e-07, ""search_params"": {""ivfflat_probes"": 32}, ""task_cost_est"": 131.14352704465287}",0.8616071428571429,0.8220333340924515,0.9215454931972789,204.80929099721834,364.2710411630105,401.1678968125489,22.3576558117888,5.8002245889150795e-05,150.0,0.6383928571428571,0,0.3533544950187206,0.47531992197036727,131.14352704465287,,,,,0.8616071428571429,37.854575833072886,10,10.151555833988823,232,10,10.018939457950182,224,3.9177886249963194,8.0,0.0,0.0,0.00024584680795669556,0.020841336159113173,/Volumes/Max/AI/Project/MaxionBench/artifacts/runs/portable/b0/s3_multi_hop__bge-small-en-v1-5/pgvector,run-8e38d66de2-r0-c1-t30-portable_s3,8e38d66de2f818d035a1959f7276b54eae27cf098acd2805e9046c6956be1770,hotpot_portable_supporting_facts,evidence_coverage@10,hotpot_portable_qrels,10.0,portable-agentic,b0,BAAI/bge-small-en-v1.5,384.0,0.15,"{'avg_retrieved_input_tokens': 874.2901785714286, 'budget_level': 'b0', 'c_llm_in': 0.15, 'embedding_cost_est': 0.0, 'embedding_dim': 384, 'embedding_model': 'BAAI/bge-small-en-v1.5', 'evidence_coverage_at_10': 0.8616071428571429, 'evidence_coverage_at_20': 0.9040178571428571, 'evidence_coverage_at_5': 0.8147321428571429, 'llm_context_cost_est': 131.14352678571427, 'primary_quality_metric': 'evidence_coverage@10', 'primary_quality_value': 0.8616071428571429, 'profile': 'portable-agentic', 'retrieval_cost_est': 2.589385977194232e-07, 'search_params': {'ivfflat_probes': 32}, 'task_cost_est': 131.14352704465287}",portable-agentic,evidence_coverage@10,0.8616071428571429,,,,,,,,,,0,7.0
s3_multi_hop,b0,8,lancedb-inproc,BAAI/bge-base-en-v1.5,run-cdadc086f6-r0-c8-t30-portable_s3,2026-04-26T12:33:36+00:00,0,local,HOTPOT_PORTABLE,portable-s3-hotpotqa-dev-distractor,42,0,0.3,"{""avg_retrieved_input_tokens"": 881.7333333333333, ""budget_level"": ""b0"", ""c_llm_in"": 0.15, ""embedding_cost_est"": 0.0, ""embedding_dim"": 768, ""embedding_model"": ""BAAI/bge-base-en-v1.5"", ""evidence_coverage_at_10"": 0.8833333333333333, ""evidence_coverage_at_20"": 0.9208333333333333, ""evidence_coverage_at_5"": 0.8270833333333333, ""llm_context_cost_est"": 132.26, ""primary_quality_metric"": ""evidence_coverage@10"", ""primary_quality_value"": 0.8833333333333333, ""profile"": ""portable-agentic"", ""retrieval_cost_est"": 2.427085470220571e-07, ""search_params"": {""hnsw_ef"": 32}, ""task_cost_est"": 132.26000024270854}",0.8833333333333333,0.8412216497193797,0.9345535714285714,284.76502100238577,605.4318583337589,667.160313311033,23.958437001750944,5.8250051285293706e-05,150.0,1.0,0,0.00016693957149982452,0.00020908191800117493,132.26000024270854,,,,,0.8833333333333333,27.134060624986887,10,10.151226499932818,224,10,10.017347958986647,240,3.991090166964568,8.0,0.0,0.1906442642211914,0.00022368485497281654,0.020933702761012064,/Volumes/Max/AI/Project/MaxionBench/artifacts/runs/portable/b0/s3_multi_hop__bge-base-en-v1-5/lancedb_inproc,run-cdadc086f6-r0-c1-t30-portable_s3,cdadc086f6c1107791508efa32f51c336d04bad5d22fc844f27bc98d3d844561,hotpot_portable_supporting_facts,evidence_coverage@10,hotpot_portable_qrels,10.0,portable-agentic,b0,BAAI/bge-base-en-v1.5,768.0,0.15,"{'avg_retrieved_input_tokens': 881.7333333333333, 'budget_level': 'b0', 'c_llm_in': 0.15, 'embedding_cost_est': 0.0, 'embedding_dim': 768, 'embedding_model': 'BAAI/bge-base-en-v1.5', 'evidence_coverage_at_10': 0.8833333333333333, 'evidence_coverage_at_20': 0.9208333333333333, 'evidence_coverage_at_5': 0.8270833333333333, 'llm_context_cost_est': 132.26, 'primary_quality_metric': 'evidence_coverage@10', 'primary_quality_value': 0.8833333333333333, 'profile': 'portable-agentic', 'retrieval_cost_est': 2.427085470220571e-07, 'search_params': {'hnsw_ef': 32}, 'task_cost_est': 132.26000024270854}",portable-agentic,evidence_coverage@10,0.8833333333333333,,,,,,,,,,0,8.0
s3_multi_hop,b1,1,lancedb-inproc,BAAI/bge-small-en-v1.5,run-77c9c96d15-r0-c1-t30-portable_s3,2026-04-27T03:40:24+00:00,0,local,HOTPOT_PORTABLE,portable-s3-hotpotqa-dev-distractor,42,0,0.3,"{""avg_retrieved_input_tokens"": 857.3169203222918, ""budget_level"": ""b1"", ""c_llm_in"": 0.15, ""embedding_cost_est"": 0.0, ""embedding_dim"": 384, ""embedding_model"": ""BAAI/bge-small-en-v1.5"", ""evidence_coverage_at_10"": 0.8540734109221128, ""evidence_coverage_at_20"": 0.890107430617726, ""evidence_coverage_at_5"": 0.8050581915846016, ""llm_context_cost_est"": 128.59753804834378, ""primary_quality_metric"": ""evidence_coverage@10"", ""primary_quality_value"": 0.8540734109221128, ""profile"": ""portable-agentic"", ""retrieval_cost_est"": 9.903851460916644e-09, ""search_params"": {""hnsw_ef"": 32}, ""task_cost_est"": 128.59753805824764}",0.8540734109221128,0.8118075752476236,0.9107908442398147,13.28618754632771,14.434860832989216,16.86606841511094,74.46491001970631,2.2125204163687783e-05,150.0,0.0,0,0.00016600824892520905,0.00020896666683256626,128.59753805824764,,,,,0.8540734109221128,49.94034204201307,15,15.002522291033529,1105,30,30.000707707949914,2234,3.9614258750807494,1.0,0.0,0.0953221321105957,0.0001305966152358451,0.0026549618683885017,/Volumes/Max/AI/Project/MaxionBench/artifacts/runs/portable/b1/s3_multi_hop__bge-small-en-v1-5/lancedb_inproc,run-77c9c96d15-r0-c1-t30-portable_s3,77c9c96d151376fca04e1555825f91a6cd5ab9ed60301ed0369293d130101916,hotpot_portable_supporting_facts,evidence_coverage@10,hotpot_portable_qrels,10.0,portable-agentic,b1,BAAI/bge-small-en-v1.5,384.0,0.15,"{'avg_retrieved_input_tokens': 857.3169203222918, 'budget_level': 'b1', 'c_llm_in': 0.15, 'embedding_cost_est': 0.0, 'embedding_dim': 384, 'embedding_model': 'BAAI/bge-small-en-v1.5', 'evidence_coverage_at_10': 0.8540734109221128, 'evidence_coverage_at_20': 0.890107430617726, 'evidence_coverage_at_5': 0.8050581915846016, 'llm_context_cost_est': 128.59753804834378, 'primary_quality_metric': 'evidence_coverage@10', 'primary_quality_value': 0.8540734109221128, 'profile': 'portable-agentic', 'retrieval_cost_est': 9.903851460916644e-09, 'search_params': {'hnsw_ef': 32}, 'task_cost_est': 128.59753805824764}",portable-agentic,evidence_coverage@10,0.8540734109221128,,,,,,,,,,1,1.0
s3_multi_hop,b1,1,faiss-cpu,BAAI/bge-small-en-v1.5,run-e7282e9c72-r0-c1-t30-portable_s3,2026-04-27T03:37:14+00:00,0,cpu,HOTPOT_PORTABLE,portable-s3-hotpotqa-dev-distractor,42,0,0.3,"{""avg_retrieved_input_tokens"": 862.166, ""budget_level"": ""b1"", ""c_llm_in"": 0.15, ""embedding_cost_est"": 0.0, ""embedding_dim"": 384, ""embedding_model"": ""BAAI/bge-small-en-v1.5"", ""evidence_coverage_at_10"": 0.8515, ""evidence_coverage_at_20"": 0.8861, ""evidence_coverage_at_5"": 0.8001, ""llm_context_cost_est"": 129.3249, ""primary_quality_metric"": ""evidence_coverage@10"", ""primary_quality_value"": 0.8515, ""profile"": ""portable-agentic"", ""retrieval_cost_est"": 1.2947247650269418e-09, ""search_params"": {""hnsw_ef"": 32}, ""task_cost_est"": 129.32490000129474}",0.8515,0.8095859739782915,0.9117655555555555,1.7157705151475966,1.9245628092903644,2.014133328339085,569.7921609045048,6.473623825134708e-06,150.0,0.0,0,0.00925001222640276,0.009375042282044888,129.32490000129474,,,,,0.8515,20.255915790912695,15,8.999240500037558,5000,30,8.775129499961622,5000,3.9936023328918964,1.0,0.0,0.09929388761520386,9.696668712422252e-05,0.0026558064779086026,/Volumes/Max/AI/Project/MaxionBench/artifacts/runs/portable/b1/s3_multi_hop__bge-small-en-v1-5/faiss_cpu,run-e7282e9c72-r0-c1-t30-portable_s3,e7282e9c72691f3e8adca8676b1096b693ec5268901cdcb38bc09a6adfbde186,hotpot_portable_supporting_facts,evidence_coverage@10,hotpot_portable_qrels,10.0,portable-agentic,b1,BAAI/bge-small-en-v1.5,384.0,0.15,"{'avg_retrieved_input_tokens': 862.166, 'budget_level': 'b1', 'c_llm_in': 0.15, 'embedding_cost_est': 0.0, 'embedding_dim': 384, 'embedding_model': 'BAAI/bge-small-en-v1.5', 'evidence_coverage_at_10': 0.8515, 'evidence_coverage_at_20': 0.8861, 'evidence_coverage_at_5': 0.8001, 'llm_context_cost_est': 129.3249, 'primary_quality_metric': 'evidence_coverage@10', 'primary_quality_value': 0.8515, 'profile': 'portable-agentic', 'retrieval_cost_est': 1.2947247650269418e-09, 'search_params': {'hnsw_ef': 32}, 'task_cost_est': 129.32490000129474}",portable-agentic,evidence_coverage@10,0.8515,,,,,,,,,,1,2.0
s3_multi_hop,b1,1,lancedb-inproc,BAAI/bge-base-en-v1.5,run-76416db5bb-r0-c1-t30-portable_s3,2026-04-27T03:18:02+00:00,0,local,HOTPOT_PORTABLE,portable-s3-hotpotqa-dev-distractor,42,0,0.3,"{""avg_retrieved_input_tokens"": 862.943820224719, ""budget_level"": ""b1"", ""c_llm_in"": 0.15, ""embedding_cost_est"": 0.0, ""embedding_dim"": 768, ""embedding_model"": ""BAAI/bge-base-en-v1.5"", ""evidence_coverage_at_10"": 0.8665730337078652, ""evidence_coverage_at_20"": 0.9034410112359551, ""evidence_coverage_at_5"": 0.8114466292134831, ""llm_context_cost_est"": 129.44157303370784, ""primary_quality_metric"": ""evidence_coverage@10"", ""primary_quality_value"": 0.8665730337078652, ""profile"": ""portable-agentic"", ""retrieval_cost_est"": 1.5828486120686552e-08, ""search_params"": {""hnsw_ef"": 64}, ""task_cost_est"": 129.44157304953632}",0.8665730337078652,0.8227089056678552,0.9209779628143392,20.92572848778218,22.088872257154435,25.22975141066126,47.4625318226245,2.2539764235857648e-05,150.0,0.0,0,0.000125030055642128,0.00016705598682165146,129.44157304953632,,,,,0.8665730337078652,52.755202332977206,15,15.000209875055589,714,30,30.00261354201939,1424,3.8430524999275804,1.0,0.0,0.1906442642211914,0.00022368485497281654,0.0027045360943454,/Volumes/Max/AI/Project/MaxionBench/artifacts/runs/portable/b1/s3_multi_hop__bge-base-en-v1-5/lancedb_inproc,run-76416db5bb-r0-c1-t30-portable_s3,76416db5bbf720b2af363d83aaee0bf2ffd54bb9b60db3a59aa87833ffbfaa8d,hotpot_portable_supporting_facts,evidence_coverage@10,hotpot_portable_qrels,10.0,portable-agentic,b1,BAAI/bge-base-en-v1.5,768.0,0.15,"{'avg_retrieved_input_tokens': 862.943820224719, 'budget_level': 'b1', 'c_llm_in': 0.15, 'embedding_cost_est': 0.0, 'embedding_dim': 768, 'embedding_model': 'BAAI/bge-base-en-v1.5', 'evidence_coverage_at_10': 0.8665730337078652, 'evidence_coverage_at_20': 0.9034410112359551, 'evidence_coverage_at_5': 0.8114466292134831, 'llm_context_cost_est': 129.44157303370784, 'primary_quality_metric': 'evidence_coverage@10', 'primary_quality_value': 0.8665730337078652, 'profile': 'portable-agentic', 'retrieval_cost_est': 1.5828486120686552e-08, 'search_params': {'hnsw_ef': 64}, 'task_cost_est': 129.44157304953632}",portable-agentic,evidence_coverage@10,0.8665730337078652,,,,,,,,,,1,3.0
s3_multi_hop,b1,1,pgvector,BAAI/bge-small-en-v1.5,run-42d9ac5eea-r0-c1-t30-portable_s3,2026-04-27T04:02:20+00:00,0,postgres16-pgvector,HOTPOT_PORTABLE,portable-s3-hotpotqa-dev-distractor,42,0,0.3,"{""avg_retrieved_input_tokens"": 864.9493029150824, ""budget_level"": ""b1"", ""c_llm_in"": 0.15, ""embedding_cost_est"": 0.0, ""embedding_dim"": 384, ""embedding_model"": ""BAAI/bge-small-en-v1.5"", ""evidence_coverage_at_10"": 0.8599493029150824, ""evidence_coverage_at_20"": 0.8903675538656527, ""evidence_coverage_at_5"": 0.8022813688212928, ""llm_context_cost_est"": 129.74239543726236, ""primary_quality_metric"": ""evidence_coverage@10"", ""primary_quality_value"": 0.8599493029150824, ""profile"": ""portable-agentic"", ""retrieval_cost_est"": 2.759487051945887e-08, ""search_params"": {""ivfflat_probes"": 64}, ""task_cost_est"": 129.74239546485722}",0.8599493029150824,0.8159995975757082,0.9182308326795019,37.01070905663073,42.07056665327399,53.21193111594767,26.29485705464178,2.177235283985305e-05,150.0,0.0,0,0.42381195817142725,0.533876275876537,129.74239546485722,,,,,0.8599493029150824,60.5009521250613,15,15.014881875016727,298,30,30.005867625004612,789,3.915064417058602,1.0,0.0,0.0,0.00024590641260147095,0.002612171432701871,/Volumes/Max/AI/Project/MaxionBench/artifacts/runs/portable/b1/s3_multi_hop__bge-small-en-v1-5/pgvector,run-42d9ac5eea-r0-c1-t30-portable_s3,42d9ac5eea67e33de06910c6e12315a1b1b0ebef9e1cf53026263be3a565929e,hotpot_portable_supporting_facts,evidence_coverage@10,hotpot_portable_qrels,10.0,portable-agentic,b1,BAAI/bge-small-en-v1.5,384.0,0.15,"{'avg_retrieved_input_tokens': 864.9493029150824, 'budget_level': 'b1', 'c_llm_in': 0.15, 'embedding_cost_est': 0.0, 'embedding_dim': 384, 'embedding_model': 'BAAI/bge-small-en-v1.5', 'evidence_coverage_at_10': 0.8599493029150824, 'evidence_coverage_at_20': 0.8903675538656527, 'evidence_coverage_at_5': 0.8022813688212928, 'llm_context_cost_est': 129.74239543726236, 'primary_quality_metric': 'evidence_coverage@10', 'primary_quality_value': 0.8599493029150824, 'profile': 'portable-agentic', 'retrieval_cost_est': 2.759487051945887e-08, 'search_params': {'ivfflat_probes': 64}, 'task_cost_est': 129.74239546485722}",portable-agentic,evidence_coverage@10,0.8599493029150824,,,,,,,,,,1,4.0
s3_multi_hop,b1,1,qdrant,BAAI/bge-small-en-v1.5,run-bd298fc8b6-r0-c1-t30-portable_s3,2026-04-27T04:08:45+00:00,0,server,HOTPOT_PORTABLE,portable-s3-hotpotqa-dev-distractor,42,0,0.3,"{""avg_retrieved_input_tokens"": 865.9632, ""budget_level"": ""b1"", ""c_llm_in"": 0.15, ""embedding_cost_est"": 0.0, ""embedding_dim"": 384, ""embedding_model"": ""BAAI/bge-small-en-v1.5"", ""evidence_coverage_at_10"": 0.815, ""evidence_coverage_at_20"": 0.8469, ""evidence_coverage_at_5"": 0.7658, ""llm_context_cost_est"": 129.89448, ""primary_quality_metric"": ""evidence_coverage@10"", ""primary_quality_value"": 0.815, ""profile"": ""portable-agentic"", ""retrieval_cost_est"": 3.0442417353831974e-09, ""search_params"": {""hnsw_ef"": 32}, ""task_cost_est"": 129.89448000304424}",0.815,0.7780452721632323,0.8880803174603173,4.084979533217847,5.566275003366173,6.143990994896741,237.62226935587734,1.5221208676915988e-05,150.0,0.0,0,4.62618755409494,7.322575562866405,129.89448000304424,,,,,0.815,69.22024537506513,15,15.002714250003919,3610,30,21.041798874968663,5000,4.034524790942669,1.0,0.0,0.0,0.0,0.0026041666666666665,/Volumes/Max/AI/Project/MaxionBench/artifacts/runs/portable/b1/s3_multi_hop__bge-small-en-v1-5/qdrant,run-bd298fc8b6-r0-c1-t30-portable_s3,bd298fc8b63bbab2e094559df164e4fdd7f49fe5e85573f40b4b164ae5de4c49,hotpot_portable_supporting_facts,evidence_coverage@10,hotpot_portable_qrels,10.0,portable-agentic,b1,BAAI/bge-small-en-v1.5,384.0,0.15,"{'avg_retrieved_input_tokens': 865.9632, 'budget_level': 'b1', 'c_llm_in': 0.15, 'embedding_cost_est': 0.0, 'embedding_dim': 384, 'embedding_model': 'BAAI/bge-small-en-v1.5', 'evidence_coverage_at_10': 0.815, 'evidence_coverage_at_20': 0.8469, 'evidence_coverage_at_5': 0.7658, 'llm_context_cost_est': 129.89448, 'primary_quality_metric': 'evidence_coverage@10', 'primary_quality_value': 0.815, 'profile': 'portable-agentic', 'retrieval_cost_est': 3.0442417353831974e-09, 'search_params': {'hnsw_ef': 32}, 'task_cost_est': 129.89448000304424}",portable-agentic,evidence_coverage@10,0.815,,,,,,,,,,1,5.0
s3_multi_hop,b1,1,faiss-cpu,BAAI/bge-base-en-v1.5,run-37f72a7b82-r0-c1-t30-portable_s3,2026-04-27T03:13:39+00:00,0,cpu,HOTPOT_PORTABLE,portable-s3-hotpotqa-dev-distractor,42,0,0.3,"{""avg_retrieved_input_tokens"": 866.859, ""budget_level"": ""b1"", ""c_llm_in"": 0.15, ""embedding_cost_est"": 0.0, ""embedding_dim"": 768, ""embedding_model"": ""BAAI/bge-base-en-v1.5"", ""evidence_coverage_at_10"": 0.8712, ""evidence_coverage_at_20"": 0.9061, ""evidence_coverage_at_5"": 0.8182, ""llm_context_cost_est"": 130.02885, ""primary_quality_metric"": ""evidence_coverage@10"", ""primary_quality_value"": 0.8712, ""profile"": ""portable-agentic"", ""retrieval_cost_est"": 2.699232193025856e-09, ""search_params"": {""hnsw_ef"": 32}, ""task_cost_est"": 130.02885000269924}",0.8712,0.8262578932516466,0.9197114285714284,3.543937986250967,3.845947311492637,4.030179918045178,278.41051981898283,1.349616096512928e-05,150.0,0.0,0,0.016208039596676826,0.020790972048416734,130.02885000269924,,,,,0.8712,36.614090416929685,15,15.002679000026546,4182,30,17.9590915000299,5000,3.896863916073926,1.0,0.0,0.19461601972579956,0.00019005470676347613,0.0027053806967008613,/Volumes/Max/AI/Project/MaxionBench/artifacts/runs/portable/b1/s3_multi_hop__bge-base-en-v1-5/faiss_cpu,run-37f72a7b82-r0-c1-t30-portable_s3,37f72a7b824116b1d6e17e470b902e0f9da7f0e158dceaf37f2ff0cd9eb8ccfa,hotpot_portable_supporting_facts,evidence_coverage@10,hotpot_portable_qrels,10.0,portable-agentic,b1,BAAI/bge-base-en-v1.5,768.0,0.15,"{'avg_retrieved_input_tokens': 866.859, 'budget_level': 'b1', 'c_llm_in': 0.15, 'embedding_cost_est': 0.0, 'embedding_dim': 768, 'embedding_model': 'BAAI/bge-base-en-v1.5', 'evidence_coverage_at_10': 0.8712, 'evidence_coverage_at_20': 0.9061, 'evidence_coverage_at_5': 0.8182, 'llm_context_cost_est': 130.02885, 'primary_quality_metric': 'evidence_coverage@10', 'primary_quality_value': 0.8712, 'profile': 'portable-agentic', 'retrieval_cost_est': 2.699232193025856e-09, 'search_params': {'hnsw_ef': 32}, 'task_cost_est': 130.02885000269924}",portable-agentic,evidence_coverage@10,0.8712,,,,,,,,,,1,6.0
s3_multi_hop,b1,1,qdrant,BAAI/bge-base-en-v1.5,run-b8e12671f8-r0-c1-t30-portable_s3,2026-04-27T03:31:55+00:00,0,server,HOTPOT_PORTABLE,portable-s3-hotpotqa-dev-distractor,42,0,0.3,"{""avg_retrieved_input_tokens"": 870.077, ""budget_level"": ""b1"", ""c_llm_in"": 0.15, ""embedding_cost_est"": 0.0, ""embedding_dim"": 768, ""embedding_model"": ""BAAI/bge-base-en-v1.5"", ""evidence_coverage_at_10"": 0.8406, ""evidence_coverage_at_20"": 0.8735, ""evidence_coverage_at_5"": 0.7894, ""llm_context_cost_est"": 130.51155, ""primary_quality_metric"": ""evidence_coverage@10"", ""primary_quality_value"": 0.8406, ""profile"": ""portable-agentic"", ""retrieval_cost_est"": 2.9933775017357052e-09, ""search_params"": {""hnsw_ef"": 32}, ""task_cost_est"": 130.51155000299337}",0.8406,0.7999820970853628,0.8993336507936507,4.140625009313226,5.067591404076666,5.570704535348343,241.66000753669695,1.4966887508678527e-05,150.0,0.0,0,5.199812003411353,9.486559493234381,130.51155000299337,,,,,0.8406,89.78571645799093,15,15.001575125032105,3714,30,20.690225291997194,5000,4.154270707978867,1.0,0.0,0.0,0.0,0.0026041666666666665,/Volumes/Max/AI/Project/MaxionBench/artifacts/runs/portable/b1/s3_multi_hop__bge-base-en-v1-5/qdrant,run-b8e12671f8-r0-c1-t30-portable_s3,b8e12671f8d59a44698c3c52b329eb6d1ae325b30e7c1f497e4340caef8c1df4,hotpot_portable_supporting_facts,evidence_coverage@10,hotpot_portable_qrels,10.0,portable-agentic,b1,BAAI/bge-base-en-v1.5,768.0,0.15,"{'avg_retrieved_input_tokens': 870.077, 'budget_level': 'b1', 'c_llm_in': 0.15, 'embedding_cost_est': 0.0, 'embedding_dim': 768, 'embedding_model': 'BAAI/bge-base-en-v1.5', 'evidence_coverage_at_10': 0.8406, 'evidence_coverage_at_20': 0.8735, 'evidence_coverage_at_5': 0.7894, 'llm_context_cost_est': 130.51155, 'primary_quality_metric': 'evidence_coverage@10', 'primary_quality_value': 0.8406, 'profile': 'portable-agentic', 'retrieval_cost_est': 2.9933775017357052e-09, 'search_params': {'hnsw_ef': 32}, 'task_cost_est': 130.51155000299337}",portable-agentic,evidence_coverage@10,0.8406,,,,,,,,,,1,7.0
s3_multi_hop,b1,1,pgvector,BAAI/bge-base-en-v1.5,run-9f40355de7-r0-c1-t30-portable_s3,2026-04-27T03:24:04+00:00,0,postgres16-pgvector,HOTPOT_PORTABLE,portable-s3-hotpotqa-dev-distractor,42,0,0.3,"{""avg_retrieved_input_tokens"": 873.859375, ""budget_level"": ""b1"", ""c_llm_in"": 0.15, ""embedding_cost_est"": 0.0, ""embedding_dim"": 768, ""embedding_model"": ""BAAI/bge-base-en-v1.5"", ""evidence_coverage_at_10"": 0.8740234375, ""evidence_coverage_at_20"": 0.90625, ""evidence_coverage_at_5"": 0.8251953125, ""llm_context_cost_est"": 131.07890625, ""primary_quality_metric"": ""evidence_coverage@10"", ""primary_quality_value"": 0.8740234375, ""profile"": ""portable-agentic"", ""retrieval_cost_est"": 4.271476670223893e-08, ""search_params"": {""ivfflat_probes"": 32}, ""task_cost_est"": 131.07890629271475}",0.8740234375,0.8343921474114337,0.9278831845238096,57.874333462677896,60.28507877490483,74.1371056821663,17.05108872096759,2.1869960551546333e-05,150.0,0.0,0,0.3854790120385587,0.8432593336328862,131.07890629271475,,,,,0.8740234375,71.93169695802499,15,15.025066999951378,236,30,30.027408124995418,512,3.8892513329628855,1.0,0.0,0.0,0.0005478337407112122,0.0026219997962471098,/Volumes/Max/AI/Project/MaxionBench/artifacts/runs/portable/b1/s3_multi_hop__bge-base-en-v1-5/pgvector,run-9f40355de7-r0-c1-t30-portable_s3,9f40355de7e4376654950020000c3372e9dfcccdeba855e23d84f8af208eb69c,hotpot_portable_supporting_facts,evidence_coverage@10,hotpot_portable_qrels,10.0,portable-agentic,b1,BAAI/bge-base-en-v1.5,768.0,0.15,"{'avg_retrieved_input_tokens': 873.859375, 'budget_level': 'b1', 'c_llm_in': 0.15, 'embedding_cost_est': 0.0, 'embedding_dim': 768, 'embedding_model': 'BAAI/bge-base-en-v1.5', 'evidence_coverage_at_10': 0.8740234375, 'evidence_coverage_at_20': 0.90625, 'evidence_coverage_at_5': 0.8251953125, 'llm_context_cost_est': 131.07890625, 'primary_quality_metric': 'evidence_coverage@10', 'primary_quality_value': 0.8740234375, 'profile': 'portable-agentic', 'retrieval_cost_est': 4.271476670223893e-08, 'search_params': {'ivfflat_probes': 32}, 'task_cost_est': 131.07890629271475}",portable-agentic,evidence_coverage@10,0.8740234375,,,,,,,,,,1,8.0
s3_multi_hop,b1,4,lancedb-inproc,BAAI/bge-small-en-v1.5,run-77c9c96d15-r0-c4-t30-portable_s3,2026-04-27T03:58:35+00:00,0,local,HOTPOT_PORTABLE,portable-s3-hotpotqa-dev-distractor,42,0,0.3,"{""avg_retrieved_input_tokens"": 857.7805793991416, ""budget_level"": ""b1"", ""c_llm_in"": 0.15, ""embedding_cost_est"": 0.0, ""embedding_dim"": 384, ""embedding_model"": ""BAAI/bge-small-en-v1.5"", ""evidence_coverage_at_10"": 0.8530042918454935, ""evidence_coverage_at_20"": 0.8905579399141631, ""evidence_coverage_at_5"": 0.8023068669527897, ""llm_context_cost_est"": 128.66708690987124, ""primary_quality_metric"": ""evidence_coverage@10"", ""primary_quality_value"": 0.8530042918454935, ""profile"": ""portable-agentic"", ""retrieval_cost_est"": 4.687575868460851e-08, ""search_params"": {""hnsw_ef"": 64}, ""task_cost_est"": 128.667086956747}",0.8530042918454935,0.8117209457123198,0.913540815110021,59.517083514947444,69.68717070994899,74.08052747254256,62.02839971802511,8.737641418811025e-05,150.0,0.0,0,0.000125030055642128,0.00016705598682165146,128.667086956747,,,,,0.8530042918454935,49.22824133303948,15,15.015409083920531,900,30,30.05075108294841,1864,3.9614258750807494,4.0,0.0,0.0953221321105957,0.0001305966152358451,0.0104674618683885,/Volumes/Max/AI/Project/MaxionBench/artifacts/runs/portable/b1/s3_multi_hop__bge-small-en-v1-5/lancedb_inproc,run-77c9c96d15-r0-c1-t30-portable_s3,77c9c96d151376fca04e1555825f91a6cd5ab9ed60301ed0369293d130101916,hotpot_portable_supporting_facts,evidence_coverage@10,hotpot_portable_qrels,10.0,portable-agentic,b1,BAAI/bge-small-en-v1.5,384.0,0.15,"{'avg_retrieved_input_tokens': 857.7805793991416, 'budget_level': 'b1', 'c_llm_in': 0.15, 'embedding_cost_est': 0.0, 'embedding_dim': 384, 'embedding_model': 'BAAI/bge-small-en-v1.5', 'evidence_coverage_at_10': 0.8530042918454935, 'evidence_coverage_at_20': 0.8905579399141631, 'evidence_coverage_at_5': 0.8023068669527897, 'llm_context_cost_est': 128.66708690987124, 'primary_quality_metric': 'evidence_coverage@10', 'primary_quality_value': 0.8530042918454935, 'profile': 'portable-agentic', 'retrieval_cost_est': 4.687575868460851e-08, 'search_params': {'hnsw_ef': 64}, 'task_cost_est': 128.667086956747}",portable-agentic,evidence_coverage@10,0.8530042918454935,,,,,,,,,,1,1.0
s3_multi_hop,b1,4,faiss-cpu,BAAI/bge-small-en-v1.5,run-e7282e9c72-r0-c4-t30-portable_s3,2026-04-27T03:37:55+00:00,0,cpu,HOTPOT_PORTABLE,portable-s3-hotpotqa-dev-distractor,42,0,0.3,"{""avg_retrieved_input_tokens"": 862.166, ""budget_level"": ""b1"", ""c_llm_in"": 0.15, ""embedding_cost_est"": 0.0, ""embedding_dim"": 384, ""embedding_model"": ""BAAI/bge-small-en-v1.5"", ""evidence_coverage_at_10"": 0.8515, ""evidence_coverage_at_20"": 0.8861, ""evidence_coverage_at_5"": 0.8001, ""llm_context_cost_est"": 129.3249, ""primary_quality_metric"": ""evidence_coverage@10"", ""primary_quality_value"": 0.8515, ""profile"": ""portable-agentic"", ""retrieval_cost_est"": 5.215646896266938e-09, ""search_params"": {""hnsw_ef"": 64}, ""task_cost_est"": 129.32490000521565}",0.8515,0.8095859739782915,0.9117655555555555,5.07208303315565,7.300643721828237,7.657436362933368,557.5267974163374,2.6078234481334692e-05,150.0,0.0,0,0.00937492586672306,0.009458977729082108,129.32490000521565,,,,,0.8515,20.278853959054686,15,8.980441583902575,5000,30,8.968178790993989,5000,3.9936023328918964,4.0,0.0,0.09929388761520386,9.696668712422252e-05,0.010468306477908602,/Volumes/Max/AI/Project/MaxionBench/artifacts/runs/portable/b1/s3_multi_hop__bge-small-en-v1-5/faiss_cpu,run-e7282e9c72-r0-c1-t30-portable_s3,e7282e9c72691f3e8adca8676b1096b693ec5268901cdcb38bc09a6adfbde186,hotpot_portable_supporting_facts,evidence_coverage@10,hotpot_portable_qrels,10.0,portable-agentic,b1,BAAI/bge-small-en-v1.5,384.0,0.15,"{'avg_retrieved_input_tokens': 862.166, 'budget_level': 'b1', 'c_llm_in': 0.15, 'embedding_cost_est': 0.0, 'embedding_dim': 384, 'embedding_model': 'BAAI/bge-small-en-v1.5', 'evidence_coverage_at_10': 0.8515, 'evidence_coverage_at_20': 0.8861, 'evidence_coverage_at_5': 0.8001, 'llm_context_cost_est': 129.3249, 'primary_quality_metric': 'evidence_coverage@10', 'primary_quality_value': 0.8515, 'profile': 'portable-agentic', 'retrieval_cost_est': 5.215646896266938e-09, 'search_params': {'hnsw_ef': 64}, 'task_cost_est': 129.32490000521565}",portable-agentic,evidence_coverage@10,0.8515,,,,,,,,,,1,2.0
s3_multi_hop,b1,4,lancedb-inproc,BAAI/bge-base-en-v1.5,run-76416db5bb-r0-c4-t30-portable_s3,2026-04-27T03:19:47+00:00,0,local,HOTPOT_PORTABLE,portable-s3-hotpotqa-dev-distractor,42,0,0.3,"{""avg_retrieved_input_tokens"": 864.0, ""budget_level"": ""b1"", ""c_llm_in"": 0.15, ""embedding_cost_est"": 0.0, ""embedding_dim"": 768, ""embedding_model"": ""BAAI/bge-base-en-v1.5"", ""evidence_coverage_at_10"": 0.8650398406374502, ""evidence_coverage_at_20"": 0.899402390438247, ""evidence_coverage_at_5"": 0.8147410358565738, ""llm_context_cost_est"": 129.6, ""primary_quality_metric"": ""evidence_coverage@10"", ""primary_quality_value"": 0.8650398406374502, ""profile"": ""portable-agentic"", ""retrieval_cost_est"": 8.749072007496144e-08, ""search_params"": {""hnsw_ef"": 64}, ""task_cost_est"": 129.6000000874907}",0.8650398406374502,0.8230398950172152,0.9185152248150256,110.83322949707508,130.28098749928176,147.2523469582666,33.390957493373996,8.784068295526129e-05,150.0,0.008964143426294821,0,0.000125030055642128,0.00016705598682165146,129.6000000874907,,,,,0.8650398406374502,52.581682833028026,15,15.088533833972178,528,30,30.06802066694945,1004,3.8430524999275804,4.0,0.0,0.1906442642211914,0.00022368485406332184,0.010517036094315793,/Volumes/Max/AI/Project/MaxionBench/artifacts/runs/portable/b1/s3_multi_hop__bge-base-en-v1-5/lancedb_inproc,run-76416db5bb-r0-c1-t30-portable_s3,76416db5bbf720b2af363d83aaee0bf2ffd54bb9b60db3a59aa87833ffbfaa8d,hotpot_portable_supporting_facts,evidence_coverage@10,hotpot_portable_qrels,10.0,portable-agentic,b1,BAAI/bge-base-en-v1.5,768.0,0.15,"{'avg_retrieved_input_tokens': 864.0, 'budget_level': 'b1', 'c_llm_in': 0.15, 'embedding_cost_est': 0.0, 'embedding_dim': 768, 'embedding_model': 'BAAI/bge-base-en-v1.5', 'evidence_coverage_at_10': 0.8650398406374502, 'evidence_coverage_at_20': 0.899402390438247, 'evidence_coverage_at_5': 0.8147410358565738, 'llm_context_cost_est': 129.6, 'primary_quality_metric': 'evidence_coverage@10', 'primary_quality_value': 0.8650398406374502, 'profile': 'portable-agentic', 'retrieval_cost_est': 8.749072007496144e-08, 'search_params': {'hnsw_ef': 64}, 'task_cost_est': 129.6000000874907}",portable-agentic,evidence_coverage@10,0.8650398406374502,,,,,,,,,,1,3.0
s3_multi_hop,b1,4,qdrant,BAAI/bge-small-en-v1.5,run-bd298fc8b6-r0-c4-t30-portable_s3,2026-04-27T04:10:09+00:00,0,server,HOTPOT_PORTABLE,portable-s3-hotpotqa-dev-distractor,42,0,0.3,"{""avg_retrieved_input_tokens"": 865.5572, ""budget_level"": ""b1"", ""c_llm_in"": 0.15, ""embedding_cost_est"": 0.0, ""embedding_dim"": 384, ""embedding_model"": ""BAAI/bge-small-en-v1.5"", ""evidence_coverage_at_10"": 0.8124, ""evidence_coverage_at_20"": 0.8458, ""evidence_coverage_at_5"": 0.7642, ""llm_context_cost_est"": 129.83357999999998, ""primary_quality_metric"": ""evidence_coverage@10"", ""primary_quality_value"": 0.8124, ""profile"": ""portable-agentic"", ""retrieval_cost_est"": 3.316265311325508e-09, ""search_params"": {""hnsw_ef"": 32}, ""task_cost_est"": 129.83358000331626}",0.8124,0.7761805508533686,0.8855882539682539,3.764645953197032,4.567020741524176,6.186262514675036,872.5232292593569,1.658132655662754e-05,150.0,0.0008,0,4.722479032352567,7.453370831208304,129.83358000331626,,,,,0.8124,40.45464999997057,15,5.672851916984655,5000,30,5.730506457970478,5000,4.034524790942669,4.0,0.0,0.0,0.0,0.010416666666666666,/Volumes/Max/AI/Project/MaxionBench/artifacts/runs/portable/b1/s3_multi_hop__bge-small-en-v1-5/qdrant,run-bd298fc8b6-r0-c1-t30-portable_s3,bd298fc8b63bbab2e094559df164e4fdd7f49fe5e85573f40b4b164ae5de4c49,hotpot_portable_supporting_facts,evidence_coverage@10,hotpot_portable_qrels,10.0,portable-agentic,b1,BAAI/bge-small-en-v1.5,384.0,0.15,"{'avg_retrieved_input_tokens': 865.5572, 'budget_level': 'b1', 'c_llm_in': 0.15, 'embedding_cost_est': 0.0, 'embedding_dim': 384, 'embedding_model': 'BAAI/bge-small-en-v1.5', 'evidence_coverage_at_10': 0.8124, 'evidence_coverage_at_20': 0.8458, 'evidence_coverage_at_5': 0.7642, 'llm_context_cost_est': 129.83357999999998, 'primary_quality_metric': 'evidence_coverage@10', 'primary_quality_value': 0.8124, 'profile': 'portable-agentic', 'retrieval_cost_est': 3.316265311325508e-09, 'search_params': {'hnsw_ef': 32}, 'task_cost_est': 129.83358000331626}",portable-agentic,evidence_coverage@10,0.8124,,,,,,,,,,1,4.0
s3_multi_hop,b1,4,pgvector,BAAI/bge-small-en-v1.5,run-42d9ac5eea-r0-c4-t30-portable_s3,2026-04-27T04:04:21+00:00,0,postgres16-pgvector,HOTPOT_PORTABLE,portable-s3-hotpotqa-dev-distractor,42,0,0.3,"{""avg_retrieved_input_tokens"": 866.204081632653, ""budget_level"": ""b1"", ""c_llm_in"": 0.15, ""embedding_cost_est"": 0.0, ""embedding_dim"": 384, ""embedding_model"": ""BAAI/bge-small-en-v1.5"", ""evidence_coverage_at_10"": 0.8590561224489796, ""evidence_coverage_at_20"": 0.8896683673469388, ""evidence_coverage_at_5"": 0.8003826530612245, ""llm_context_cost_est"": 129.93061224489796, ""primary_quality_metric"": ""evidence_coverage@10"", ""primary_quality_value"": 0.8590561224489796, ""profile"": ""portable-agentic"", ""retrieval_cost_est"": 1.1087954018377326e-07, ""search_params"": {""ivfflat_probes"": 64}, ""task_cost_est"": 129.9306123557775}",0.8590561224489796,0.8155068459126877,0.91834710074506,104.49477046495304,152.09481252823025,170.7531551888678,26.116108164229093,8.692955950407823e-05,150.0,0.07142857142857142,0,0.38214551750570536,0.4992791882250458,129.9306123557775,,,,,0.8590561224489796,60.07225908397231,15,15.135876458953135,292,30,30.019786833086982,784,3.915064417058602,4.0,0.0,0.0,0.00024590641260147095,0.01042467143270187,/Volumes/Max/AI/Project/MaxionBench/artifacts/runs/portable/b1/s3_multi_hop__bge-small-en-v1-5/pgvector,run-42d9ac5eea-r0-c1-t30-portable_s3,42d9ac5eea67e33de06910c6e12315a1b1b0ebef9e1cf53026263be3a565929e,hotpot_portable_supporting_facts,evidence_coverage@10,hotpot_portable_qrels,10.0,portable-agentic,b1,BAAI/bge-small-en-v1.5,384.0,0.15,"{'avg_retrieved_input_tokens': 866.204081632653, 'budget_level': 'b1', 'c_llm_in': 0.15, 'embedding_cost_est': 0.0, 'embedding_dim': 384, 'embedding_model': 'BAAI/bge-small-en-v1.5', 'evidence_coverage_at_10': 0.8590561224489796, 'evidence_coverage_at_20': 0.8896683673469388, 'evidence_coverage_at_5': 0.8003826530612245, 'llm_context_cost_est': 129.93061224489796, 'primary_quality_metric': 'evidence_coverage@10', 'primary_quality_value': 0.8590561224489796, 'profile': 'portable-agentic', 'retrieval_cost_est': 1.1087954018377326e-07, 'search_params': {'ivfflat_probes': 64}, 'task_cost_est': 129.9306123557775}",portable-agentic,evidence_coverage@10,0.8590561224489796,,,,,,,,,,1,5.0
s3_multi_hop,b1,4,faiss-cpu,BAAI/bge-base-en-v1.5,run-37f72a7b82-r0-c4-t30-portable_s3,2026-04-27T03:14:53+00:00,0,cpu,HOTPOT_PORTABLE,portable-s3-hotpotqa-dev-distractor,42,0,0.3,"{""avg_retrieved_input_tokens"": 866.859, ""budget_level"": ""b1"", ""c_llm_in"": 0.15, ""embedding_cost_est"": 0.0, ""embedding_dim"": 768, ""embedding_model"": ""BAAI/bge-base-en-v1.5"", ""evidence_coverage_at_10"": 0.8712, ""evidence_coverage_at_20"": 0.9061, ""evidence_coverage_at_5"": 0.8182, ""llm_context_cost_est"": 130.02885, ""primary_quality_metric"": ""evidence_coverage@10"", ""primary_quality_value"": 0.8712, ""profile"": ""portable-agentic"", ""retrieval_cost_est"": 1.0659579776666766e-08, ""search_params"": {""hnsw_ef"": 32}, ""task_cost_est"": 130.0288500106596}",0.8712,0.8262578932516466,0.9197114285714286,10.361437511164695,14.648083690553904,15.350231734337287,274.0852442660681,5.329789888333383e-05,150.0,0.0,0,0.017707934603095055,0.02262967405840754,130.0288500106596,,,,,0.8712,36.79335433302913,15,15.009927041013725,4168,30,18.24249974999111,5000,3.896863916073926,4.0,0.0,0.19461601972579956,0.00019005470676347613,0.01051788069670086,/Volumes/Max/AI/Project/MaxionBench/artifacts/runs/portable/b1/s3_multi_hop__bge-base-en-v1-5/faiss_cpu,run-37f72a7b82-r0-c1-t30-portable_s3,37f72a7b824116b1d6e17e470b902e0f9da7f0e158dceaf37f2ff0cd9eb8ccfa,hotpot_portable_supporting_facts,evidence_coverage@10,hotpot_portable_qrels,10.0,portable-agentic,b1,BAAI/bge-base-en-v1.5,768.0,0.15,"{'avg_retrieved_input_tokens': 866.859, 'budget_level': 'b1', 'c_llm_in': 0.15, 'embedding_cost_est': 0.0, 'embedding_dim': 768, 'embedding_model': 'BAAI/bge-base-en-v1.5', 'evidence_coverage_at_10': 0.8712, 'evidence_coverage_at_20': 0.9061, 'evidence_coverage_at_5': 0.8182, 'llm_context_cost_est': 130.02885, 'primary_quality_metric': 'evidence_coverage@10', 'primary_quality_value': 0.8712, 'profile': 'portable-agentic', 'retrieval_cost_est': 1.0659579776666766e-08, 'search_params': {'hnsw_ef': 32}, 'task_cost_est': 130.0288500106596}",portable-agentic,evidence_coverage@10,0.8712,,,,,,,,,,1,6.0
s3_multi_hop,b1,4,qdrant,BAAI/bge-base-en-v1.5,run-b8e12671f8-r0-c4-t30-portable_s3,2026-04-27T03:34:11+00:00,0,server,HOTPOT_PORTABLE,portable-s3-hotpotqa-dev-distractor,42,0,0.3,"{""avg_retrieved_input_tokens"": 870.4956, ""budget_level"": ""b1"", ""c_llm_in"": 0.15, ""embedding_cost_est"": 0.0, ""embedding_dim"": 768, ""embedding_model"": ""BAAI/bge-base-en-v1.5"", ""evidence_coverage_at_10"": 0.8448, ""evidence_coverage_at_20"": 0.8778, ""evidence_coverage_at_5"": 0.7942, ""llm_context_cost_est"": 130.57433999999998, ""primary_quality_metric"": ""evidence_coverage@10"", ""primary_quality_value"": 0.8448, ""profile"": ""portable-agentic"", ""retrieval_cost_est"": 3.914291401627081e-09, ""search_params"": {""hnsw_ef"": 32}, ""task_cost_est"": 130.57434000391427}",0.8448,0.8038442072918162,0.9019504761904762,4.665437445510179,5.464881157968193,6.06292227166705,739.2189854122126,1.9571457008135405e-05,150.0,0.0,0,4.977520497050136,10.471348762512207,130.57434000391427,,,,,0.8448,67.49971224996261,15,6.712951541994698,5000,30,6.763895542011596,5000,4.154270707978867,4.0,0.0,0.0,0.0,0.010416666666666666,/Volumes/Max/AI/Project/MaxionBench/artifacts/runs/portable/b1/s3_multi_hop__bge-base-en-v1-5/qdrant,run-b8e12671f8-r0-c1-t30-portable_s3,b8e12671f8d59a44698c3c52b329eb6d1ae325b30e7c1f497e4340caef8c1df4,hotpot_portable_supporting_facts,evidence_coverage@10,hotpot_portable_qrels,10.0,portable-agentic,b1,BAAI/bge-base-en-v1.5,768.0,0.15,"{'avg_retrieved_input_tokens': 870.4956, 'budget_level': 'b1', 'c_llm_in': 0.15, 'embedding_cost_est': 0.0, 'embedding_dim': 768, 'embedding_model': 'BAAI/bge-base-en-v1.5', 'evidence_coverage_at_10': 0.8448, 'evidence_coverage_at_20': 0.8778, 'evidence_coverage_at_5': 0.7942, 'llm_context_cost_est': 130.57433999999998, 'primary_quality_metric': 'evidence_coverage@10', 'primary_quality_value': 0.8448, 'profile': 'portable-agentic', 'retrieval_cost_est': 3.914291401627081e-09, 'search_params': {'hnsw_ef': 32}, 'task_cost_est': 130.57434000391427}",portable-agentic,evidence_coverage@10,0.8448,,,,,,,,,,1,7.0
s3_multi_hop,b1,4,pgvector,BAAI/bge-base-en-v1.5,run-9f40355de7-r0-c4-t30-portable_s3,2026-04-27T03:26:26+00:00,0,postgres16-pgvector,HOTPOT_PORTABLE,portable-s3-hotpotqa-dev-distractor,42,0,0.3,"{""avg_retrieved_input_tokens"": 872.9961832061068, ""budget_level"": ""b1"", ""c_llm_in"": 0.15, ""embedding_cost_est"": 0.0, ""embedding_dim"": 768, ""embedding_model"": ""BAAI/bge-base-en-v1.5"", ""evidence_coverage_at_10"": 0.8730916030534351, ""evidence_coverage_at_20"": 0.9036259541984732, ""evidence_coverage_at_5"": 0.8215648854961832, ""llm_context_cost_est"": 130.94942748091603, ""primary_quality_metric"": ""evidence_coverage@10"", ""primary_quality_value"": 0.8730916030534351, ""profile"": ""portable-agentic"", ""retrieval_cost_est"": 1.6638980245706352e-07, ""search_params"": {""ivfflat_probes"": 32}, ""task_cost_est"": 130.94942764730584}",0.8730916030534351,0.832637293846718,0.9278989458378771,148.89404200948775,227.84813116886653,231.93903392297216,17.419768030269,8.718825648750129e-05,150.0,0.5,0,0.3931670216843486,0.5806689336895943,130.94942764730584,,,,,0.8730916030534351,71.51908999995794,15,15.2181843330618,256,30,30.080767957959324,524,3.8892513329628855,4.0,0.0,0.0,0.0005477890372276306,0.010434498341055587,/Volumes/Max/AI/Project/MaxionBench/artifacts/runs/portable/b1/s3_multi_hop__bge-base-en-v1-5/pgvector,run-9f40355de7-r0-c1-t30-portable_s3,9f40355de7e4376654950020000c3372e9dfcccdeba855e23d84f8af208eb69c,hotpot_portable_supporting_facts,evidence_coverage@10,hotpot_portable_qrels,10.0,portable-agentic,b1,BAAI/bge-base-en-v1.5,768.0,0.15,"{'avg_retrieved_input_tokens': 872.9961832061068, 'budget_level': 'b1', 'c_llm_in': 0.15, 'embedding_cost_est': 0.0, 'embedding_dim': 768, 'embedding_model': 'BAAI/bge-base-en-v1.5', 'evidence_coverage_at_10': 0.8730916030534351, 'evidence_coverage_at_20': 0.9036259541984732, 'evidence_coverage_at_5': 0.8215648854961832, 'llm_context_cost_est': 130.94942748091603, 'primary_quality_metric': 'evidence_coverage@10', 'primary_quality_value': 0.8730916030534351, 'profile': 'portable-agentic', 'retrieval_cost_est': 1.6638980245706352e-07, 'search_params': {'ivfflat_probes': 32}, 'task_cost_est': 130.94942764730584}",portable-agentic,evidence_coverage@10,0.8730916030534351,,,,,,,,,,1,8.0
s3_multi_hop,b1,8,lancedb-inproc,BAAI/bge-small-en-v1.5,run-77c9c96d15-r0-c8-t30-portable_s3,2026-04-27T04:00:13+00:00,0,local,HOTPOT_PORTABLE,portable-s3-hotpotqa-dev-distractor,42,0,0.3,"{""avg_retrieved_input_tokens"": 857.4465144230769, ""budget_level"": ""b1"", ""c_llm_in"": 0.15, ""embedding_cost_est"": 0.0, ""embedding_dim"": 384, ""embedding_model"": ""BAAI/bge-small-en-v1.5"", ""evidence_coverage_at_10"": 0.8542668269230769, ""evidence_coverage_at_20"": 0.8927283653846154, ""evidence_coverage_at_5"": 0.8031850961538461, ""llm_context_cost_est"": 128.61697716346154, ""primary_quality_metric"": ""evidence_coverage@10"", ""primary_quality_value"": 0.8542668269230769, ""profile"": ""portable-agentic"", ""retrieval_cost_est"": 1.046328633136412e-07, ""search_params"": {""hnsw_ef"": 32}, ""task_cost_est"": 128.61697726809442}",0.8542668269230769,0.8125112125372311,0.9151532928876679,135.3516040253453,156.56552677392028,202.99129175720734,55.4428755132499,0.00017410908455389897,150.0,0.12259615384615384,0,0.000125030055642128,0.00016705598682165146,128.61697726809442,,,,,0.8542668269230769,49.795514249941334,15,15.09401241701562,960,30,30.012873333063908,1664,3.9614258750807494,8.0,0.0,0.0953221321105957,0.0001305966152358451,0.02088412853505517,/Volumes/Max/AI/Project/MaxionBench/artifacts/runs/portable/b1/s3_multi_hop__bge-small-en-v1-5/lancedb_inproc,run-77c9c96d15-r0-c1-t30-portable_s3,77c9c96d151376fca04e1555825f91a6cd5ab9ed60301ed0369293d130101916,hotpot_portable_supporting_facts,evidence_coverage@10,hotpot_portable_qrels,10.0,portable-agentic,b1,BAAI/bge-small-en-v1.5,384.0,0.15,"{'avg_retrieved_input_tokens': 857.4465144230769, 'budget_level': 'b1', 'c_llm_in': 0.15, 'embedding_cost_est': 0.0, 'embedding_dim': 384, 'embedding_model': 'BAAI/bge-small-en-v1.5', 'evidence_coverage_at_10': 0.8542668269230769, 'evidence_coverage_at_20': 0.8927283653846154, 'evidence_coverage_at_5': 0.8031850961538461, 'llm_context_cost_est': 128.61697716346154, 'primary_quality_metric': 'evidence_coverage@10', 'primary_quality_value': 0.8542668269230769, 'profile': 'portable-agentic', 'retrieval_cost_est': 1.046328633136412e-07, 'search_params': {'hnsw_ef': 32}, 'task_cost_est': 128.61697726809442}",portable-agentic,evidence_coverage@10,0.8542668269230769,,,,,,,,,,1,1.0
s3_multi_hop,b1,8,faiss-cpu,BAAI/bge-small-en-v1.5,run-e7282e9c72-r0-c8-t30-portable_s3,2026-04-27T03:38:36+00:00,0,cpu,HOTPOT_PORTABLE,portable-s3-hotpotqa-dev-distractor,42,0,0.3,"{""avg_retrieved_input_tokens"": 862.166, ""budget_level"": ""b1"", ""c_llm_in"": 0.15, ""embedding_cost_est"": 0.0, ""embedding_dim"": 384, ""embedding_model"": ""BAAI/bge-small-en-v1.5"", ""evidence_coverage_at_10"": 0.8515, ""evidence_coverage_at_20"": 0.8861, ""evidence_coverage_at_5"": 0.8001, ""llm_context_cost_est"": 129.3249, ""primary_quality_metric"": ""evidence_coverage@10"", ""primary_quality_value"": 0.8515, ""profile"": ""portable-agentic"", ""retrieval_cost_est"": 1.0591057582501011e-08, ""search_params"": {""hnsw_ef"": 64}, ""task_cost_est"": 129.32490001059108}",0.8515,0.8095859739782915,0.9117655555555555,8.515541965607554,14.462246414041147,15.29920348082669,547.7622403483077,5.295528791250505e-05,150.0,0.0,0,0.009375042282044888,0.00958379008807242,129.32490001059108,,,,,0.8515,20.818139915936626,15,9.169103167019784,5000,30,9.128047958947718,5000,3.9936023328918964,8.0,0.0,0.09929388761520386,9.696668712422252e-05,0.02088497314457527,/Volumes/Max/AI/Project/MaxionBench/artifacts/runs/portable/b1/s3_multi_hop__bge-small-en-v1-5/faiss_cpu,run-e7282e9c72-r0-c1-t30-portable_s3,e7282e9c72691f3e8adca8676b1096b693ec5268901cdcb38bc09a6adfbde186,hotpot_portable_supporting_facts,evidence_coverage@10,hotpot_portable_qrels,10.0,portable-agentic,b1,BAAI/bge-small-en-v1.5,384.0,0.15,"{'avg_retrieved_input_tokens': 862.166, 'budget_level': 'b1', 'c_llm_in': 0.15, 'embedding_cost_est': 0.0, 'embedding_dim': 384, 'embedding_model': 'BAAI/bge-small-en-v1.5', 'evidence_coverage_at_10': 0.8515, 'evidence_coverage_at_20': 0.8861, 'evidence_coverage_at_5': 0.8001, 'llm_context_cost_est': 129.3249, 'primary_quality_metric': 'evidence_coverage@10', 'primary_quality_value': 0.8515, 'profile': 'portable-agentic', 'retrieval_cost_est': 1.0591057582501011e-08, 'search_params': {'hnsw_ef': 64}, 'task_cost_est': 129.32490001059108}",portable-agentic,evidence_coverage@10,0.8515,,,,,,,,,,1,2.0
s3_multi_hop,b1,8,pgvector,BAAI/bge-small-en-v1.5,run-42d9ac5eea-r0-c8-t30-portable_s3,2026-04-27T04:06:22+00:00,0,postgres16-pgvector,HOTPOT_PORTABLE,portable-s3-hotpotqa-dev-distractor,42,0,0.3,"{""avg_retrieved_input_tokens"": 865.1726804123712, ""budget_level"": ""b1"", ""c_llm_in"": 0.15, ""embedding_cost_est"": 0.0, ""embedding_dim"": 384, ""embedding_model"": ""BAAI/bge-small-en-v1.5"", ""evidence_coverage_at_10"": 0.8601804123711341, ""evidence_coverage_at_20"": 0.8911082474226805, ""evidence_coverage_at_5"": 0.8028350515463918, ""llm_context_cost_est"": 129.77590206185567, ""primary_quality_metric"": ""evidence_coverage@10"", ""primary_quality_value"": 0.8601804123711341, ""profile"": ""portable-agentic"", ""retrieval_cost_est"": 2.2432281660831287e-07, ""search_params"": {""ivfflat_probes"": 32}, ""task_cost_est"": 129.77590228617848}",0.8601804123711341,0.8166012297871931,0.9175053182785141,182.1281670127064,302.2584268182982,332.9829896974843,25.807720935657013,0.0001740745056880508,150.0,0.5489690721649485,0,0.44397945748642087,0.628351914929226,129.77590228617848,,,,,0.8601804123711341,60.649009166052565,15,15.19147304201033,304,30,30.06852104200516,776,3.915064417058602,8.0,0.0,0.0,0.00024591386318206787,0.020841338341900457,/Volumes/Max/AI/Project/MaxionBench/artifacts/runs/portable/b1/s3_multi_hop__bge-small-en-v1-5/pgvector,run-42d9ac5eea-r0-c1-t30-portable_s3,42d9ac5eea67e33de06910c6e12315a1b1b0ebef9e1cf53026263be3a565929e,hotpot_portable_supporting_facts,evidence_coverage@10,hotpot_portable_qrels,10.0,portable-agentic,b1,BAAI/bge-small-en-v1.5,384.0,0.15,"{'avg_retrieved_input_tokens': 865.1726804123712, 'budget_level': 'b1', 'c_llm_in': 0.15, 'embedding_cost_est': 0.0, 'embedding_dim': 384, 'embedding_model': 'BAAI/bge-small-en-v1.5', 'evidence_coverage_at_10': 0.8601804123711341, 'evidence_coverage_at_20': 0.8911082474226805, 'evidence_coverage_at_5': 0.8028350515463918, 'llm_context_cost_est': 129.77590206185567, 'primary_quality_metric': 'evidence_coverage@10', 'primary_quality_value': 0.8601804123711341, 'profile': 'portable-agentic', 'retrieval_cost_est': 2.2432281660831287e-07, 'search_params': {'ivfflat_probes': 32}, 'task_cost_est': 129.77590228617848}",portable-agentic,evidence_coverage@10,0.8601804123711341,,,,,,,,,,1,3.0
s3_multi_hop,b1,8,lancedb-inproc,BAAI/bge-base-en-v1.5,run-76416db5bb-r0-c8-t30-portable_s3,2026-04-27T03:21:32+00:00,0,local,HOTPOT_PORTABLE,portable-s3-hotpotqa-dev-distractor,42,0,0.3,"{""avg_retrieved_input_tokens"": 865.6144067796611, ""budget_level"": ""b1"", ""c_llm_in"": 0.15, ""embedding_cost_est"": 0.0, ""embedding_dim"": 768, ""embedding_model"": ""BAAI/bge-base-en-v1.5"", ""evidence_coverage_at_10"": 0.864406779661017, ""evidence_coverage_at_20"": 0.8972457627118644, ""evidence_coverage_at_5"": 0.8177966101694916, ""llm_context_cost_est"": 129.84216101694915, ""primary_quality_metric"": ""evidence_coverage@10"", ""primary_quality_value"": 0.864406779661017, ""profile"": ""portable-agentic"", ""retrieval_cost_est"": 1.8557300849646376e-07, ""search_params"": {""hnsw_ef"": 32}, ""task_cost_est"": 129.84216120252216}",0.864406779661017,0.8231878600927226,0.9196479015334946,235.84820848191157,275.0265732698608,456.9281069899442,31.334931091152026,0.0001751809200206618,150.0,0.9947033898305084,0,0.000125030055642128,0.000208965502679348,129.84216120252216,,,,,0.864406779661017,52.53397929202765,15,15.135010708938353,456,30,30.12612337502651,944,3.8430524999275804,8.0,0.0,0.1906442642211914,0.00022368485497281654,0.020933702761012064,/Volumes/Max/AI/Project/MaxionBench/artifacts/runs/portable/b1/s3_multi_hop__bge-base-en-v1-5/lancedb_inproc,run-76416db5bb-r0-c1-t30-portable_s3,76416db5bbf720b2af363d83aaee0bf2ffd54bb9b60db3a59aa87833ffbfaa8d,hotpot_portable_supporting_facts,evidence_coverage@10,hotpot_portable_qrels,10.0,portable-agentic,b1,BAAI/bge-base-en-v1.5,768.0,0.15,"{'avg_retrieved_input_tokens': 865.6144067796611, 'budget_level': 'b1', 'c_llm_in': 0.15, 'embedding_cost_est': 0.0, 'embedding_dim': 768, 'embedding_model': 'BAAI/bge-base-en-v1.5', 'evidence_coverage_at_10': 0.864406779661017, 'evidence_coverage_at_20': 0.8972457627118644, 'evidence_coverage_at_5': 0.8177966101694916, 'llm_context_cost_est': 129.84216101694915, 'primary_quality_metric': 'evidence_coverage@10', 'primary_quality_value': 0.864406779661017, 'profile': 'portable-agentic', 'retrieval_cost_est': 1.8557300849646376e-07, 'search_params': {'hnsw_ef': 32}, 'task_cost_est': 129.84216120252216}",portable-agentic,evidence_coverage@10,0.864406779661017,,,,,,,,,,1,4.0
s3_multi_hop,b1,8,qdrant,BAAI/bge-small-en-v1.5,run-bd298fc8b6-r0-c8-t30-portable_s3,2026-04-27T04:11:46+00:00,0,server,HOTPOT_PORTABLE,portable-s3-hotpotqa-dev-distractor,42,0,0.3,"{""avg_retrieved_input_tokens"": 866.3834, ""budget_level"": ""b1"", ""c_llm_in"": 0.15, ""embedding_cost_est"": 0.0, ""embedding_dim"": 384, ""embedding_model"": ""BAAI/bge-small-en-v1.5"", ""evidence_coverage_at_10"": 0.813, ""evidence_coverage_at_20"": 0.8463, ""evidence_coverage_at_5"": 0.7643, ""llm_context_cost_est"": 129.95751, ""primary_quality_metric"": ""evidence_coverage@10"", ""primary_quality_value"": 0.813, ""profile"": ""portable-agentic"", ""retrieval_cost_est"": 7.419487799779744e-09, ""search_params"": {""hnsw_ef"": 32}, ""task_cost_est"": 129.9575100074195}",0.813,0.7769971145253731,0.886837619047619,7.3911454528570175,9.815310832345858,10.431791703449564,779.9779706098892,3.709743899889872e-05,150.0,0.0,0,4.3374375673010945,6.895624523749575,129.9575100074195,,,,,0.813,45.634032499976456,15,6.8602652080589905,5000,30,6.4104374590096995,5000,4.034524790942669,8.0,0.0,0.0,0.0,0.020833333333333332,/Volumes/Max/AI/Project/MaxionBench/artifacts/runs/portable/b1/s3_multi_hop__bge-small-en-v1-5/qdrant,run-bd298fc8b6-r0-c1-t30-portable_s3,bd298fc8b63bbab2e094559df164e4fdd7f49fe5e85573f40b4b164ae5de4c49,hotpot_portable_supporting_facts,evidence_coverage@10,hotpot_portable_qrels,10.0,portable-agentic,b1,BAAI/bge-small-en-v1.5,384.0,0.15,"{'avg_retrieved_input_tokens': 866.3834, 'budget_level': 'b1', 'c_llm_in': 0.15, 'embedding_cost_est': 0.0, 'embedding_dim': 384, 'embedding_model': 'BAAI/bge-small-en-v1.5', 'evidence_coverage_at_10': 0.813, 'evidence_coverage_at_20': 0.8463, 'evidence_coverage_at_5': 0.7643, 'llm_context_cost_est': 129.95751, 'primary_quality_metric': 'evidence_coverage@10', 'primary_quality_value': 0.813, 'profile': 'portable-agentic', 'retrieval_cost_est': 7.419487799779744e-09, 'search_params': {'hnsw_ef': 32}, 'task_cost_est': 129.9575100074195}",portable-agentic,evidence_coverage@10,0.813,,,,,,,,,,1,5.0
s3_multi_hop,b1,8,faiss-cpu,BAAI/bge-base-en-v1.5,run-37f72a7b82-r0-c8-t30-portable_s3,2026-04-27T03:16:07+00:00,0,cpu,HOTPOT_PORTABLE,portable-s3-hotpotqa-dev-distractor,42,0,0.3,"{""avg_retrieved_input_tokens"": 866.859, ""budget_level"": ""b1"", ""c_llm_in"": 0.15, ""embedding_cost_est"": 0.0, ""embedding_dim"": 768, ""embedding_model"": ""BAAI/bge-base-en-v1.5"", ""evidence_coverage_at_10"": 0.8712, ""evidence_coverage_at_20"": 0.9061, ""evidence_coverage_at_5"": 0.8182, ""llm_context_cost_est"": 130.02885, ""primary_quality_metric"": ""evidence_coverage@10"", ""primary_quality_value"": 0.8712, ""profile"": ""portable-agentic"", ""retrieval_cost_est"": 2.1205548664737663e-08, ""search_params"": {""hnsw_ef"": 32}, ""task_cost_est"": 130.02885002120556}",0.8712,0.8262578932516466,0.9197114285714284,17.540833505336195,28.98308727890253,29.30259295972064,274.2278512722373,0.0001060277433236883,150.0,0.0,0,0.0177919864654541,0.022919133771210905,130.02885002120556,,,,,0.8712,36.831692292005755,15,15.005733624915592,4112,30,18.233013083110563,5000,3.896863916073926,8.0,0.0,0.19461601972579956,0.00019005470676347613,0.02093454736336753,/Volumes/Max/AI/Project/MaxionBench/artifacts/runs/portable/b1/s3_multi_hop__bge-base-en-v1-5/faiss_cpu,run-37f72a7b82-r0-c1-t30-portable_s3,37f72a7b824116b1d6e17e470b902e0f9da7f0e158dceaf37f2ff0cd9eb8ccfa,hotpot_portable_supporting_facts,evidence_coverage@10,hotpot_portable_qrels,10.0,portable-agentic,b1,BAAI/bge-base-en-v1.5,768.0,0.15,"{'avg_retrieved_input_tokens': 866.859, 'budget_level': 'b1', 'c_llm_in': 0.15, 'embedding_cost_est': 0.0, 'embedding_dim': 768, 'embedding_model': 'BAAI/bge-base-en-v1.5', 'evidence_coverage_at_10': 0.8712, 'evidence_coverage_at_20': 0.9061, 'evidence_coverage_at_5': 0.8182, 'llm_context_cost_est': 130.02885, 'primary_quality_metric': 'evidence_coverage@10', 'primary_quality_value': 0.8712, 'profile': 'portable-agentic', 'retrieval_cost_est': 2.1205548664737663e-08, 'search_params': {'hnsw_ef': 32}, 'task_cost_est': 130.02885002120556}",portable-agentic,evidence_coverage@10,0.8712,,,,,,,,,,1,6.0
s3_multi_hop,b1,8,qdrant,BAAI/bge-base-en-v1.5,run-b8e12671f8-r0-c8-t30-portable_s3,2026-04-27T03:36:25+00:00,0,server,HOTPOT_PORTABLE,portable-s3-hotpotqa-dev-distractor,42,0,0.3,"{""avg_retrieved_input_tokens"": 870.3148, ""budget_level"": ""b1"", ""c_llm_in"": 0.15, ""embedding_cost_est"": 0.0, ""embedding_dim"": 768, ""embedding_model"": ""BAAI/bge-base-en-v1.5"", ""evidence_coverage_at_10"": 0.8442, ""evidence_coverage_at_20"": 0.877, ""evidence_coverage_at_5"": 0.7935, ""llm_context_cost_est"": 130.54721999999998, ""primary_quality_metric"": ""evidence_coverage@10"", ""primary_quality_value"": 0.8442, ""profile"": ""portable-agentic"", ""retrieval_cost_est"": 7.180119261546577e-09, ""search_params"": {""hnsw_ef"": 32}, ""task_cost_est"": 130.5472200071801}",0.8442,0.8035191140942823,0.9032669841269843,7.147062511648983,9.173033345723525,9.860274485545236,805.9806287661196,3.5900596307732886e-05,150.0,0.0,0,5.306229519192129,8.760365970665589,130.5472200071801,,,,,0.8442,66.85000329196919,15,6.30561945901718,5000,30,6.203623041976243,5000,4.154270707978867,8.0,0.0,0.0,0.0,0.020833333333333332,/Volumes/Max/AI/Project/MaxionBench/artifacts/runs/portable/b1/s3_multi_hop__bge-base-en-v1-5/qdrant,run-b8e12671f8-r0-c1-t30-portable_s3,b8e12671f8d59a44698c3c52b329eb6d1ae325b30e7c1f497e4340caef8c1df4,hotpot_portable_supporting_facts,evidence_coverage@10,hotpot_portable_qrels,10.0,portable-agentic,b1,BAAI/bge-base-en-v1.5,768.0,0.15,"{'avg_retrieved_input_tokens': 870.3148, 'budget_level': 'b1', 'c_llm_in': 0.15, 'embedding_cost_est': 0.0, 'embedding_dim': 768, 'embedding_model': 'BAAI/bge-base-en-v1.5', 'evidence_coverage_at_10': 0.8442, 'evidence_coverage_at_20': 0.877, 'evidence_coverage_at_5': 0.7935, 'llm_context_cost_est': 130.54721999999998, 'primary_quality_metric': 'evidence_coverage@10', 'primary_quality_value': 0.8442, 'profile': 'portable-agentic', 'retrieval_cost_est': 7.180119261546577e-09, 'search_params': {'hnsw_ef': 32}, 'task_cost_est': 130.5472200071801}",portable-agentic,evidence_coverage@10,0.8442,,,,,,,,,,1,7.0
s3_multi_hop,b1,8,pgvector,BAAI/bge-base-en-v1.5,run-9f40355de7-r0-c8-t30-portable_s3,2026-04-27T03:28:47+00:00,0,postgres16-pgvector,HOTPOT_PORTABLE,portable-s3-hotpotqa-dev-distractor,42,0,0.3,"{""avg_retrieved_input_tokens"": 875.4507575757576, ""budget_level"": ""b1"", ""c_llm_in"": 0.15, ""embedding_cost_est"": 0.0, ""embedding_dim"": 768, ""embedding_model"": ""BAAI/bge-base-en-v1.5"", ""evidence_coverage_at_10"": 0.8683712121212122, ""evidence_coverage_at_20"": 0.8977272727272727, ""evidence_coverage_at_5"": 0.8210227272727273, ""llm_context_cost_est"": 131.31761363636363, ""primary_quality_metric"": ""evidence_coverage@10"", ""primary_quality_value"": 0.8683712121212122, ""profile"": ""portable-agentic"", ""retrieval_cost_est"": 3.325092640849198e-07, ""search_params"": {""ivfflat_probes"": 64}, ""task_cost_est"": 131.3176139688729}",0.8683712121212122,0.8241594340479572,0.915059072871573,278.27770850853994,453.07001480832696,467.6319581142162,17.419035526972547,0.00017556489143683766,150.0,0.7518939393939394,0,0.3928334917873144,0.5902662617154419,131.3176139688729,,,,,0.8683712121212122,69.84096599998884,15,15.185751499957405,176,30,30.31166674999986,528,3.8892513329628855,8.0,0.0,0.0,0.0005478337407112122,0.020851166462913774,/Volumes/Max/AI/Project/MaxionBench/artifacts/runs/portable/b1/s3_multi_hop__bge-base-en-v1-5/pgvector,run-9f40355de7-r0-c1-t30-portable_s3,9f40355de7e4376654950020000c3372e9dfcccdeba855e23d84f8af208eb69c,hotpot_portable_supporting_facts,evidence_coverage@10,hotpot_portable_qrels,10.0,portable-agentic,b1,BAAI/bge-base-en-v1.5,768.0,0.15,"{'avg_retrieved_input_tokens': 875.4507575757576, 'budget_level': 'b1', 'c_llm_in': 0.15, 'embedding_cost_est': 0.0, 'embedding_dim': 768, 'embedding_model': 'BAAI/bge-base-en-v1.5', 'evidence_coverage_at_10': 0.8683712121212122, 'evidence_coverage_at_20': 0.8977272727272727, 'evidence_coverage_at_5': 0.8210227272727273, 'llm_context_cost_est': 131.31761363636363, 'primary_quality_metric': 'evidence_coverage@10', 'primary_quality_value': 0.8683712121212122, 'profile': 'portable-agentic', 'retrieval_cost_est': 3.325092640849198e-07, 'search_params': {'ivfflat_probes': 64}, 'task_cost_est': 131.3176139688729}",portable-agentic,evidence_coverage@10,0.8683712121212122,,,,,,,,,,1,8.0
s3_multi_hop,b2,1,lancedb-inproc,BAAI/bge-small-en-v1.5,run-5d8ac446a8-r1-c1-t30-portable_s3,2026-04-28T12:17:47+00:00,1,local,HOTPOT_PORTABLE,portable-s3-hotpotqa-dev-distractor,42,0,0.3,"{""avg_retrieved_input_tokens"": 856.1319543509272, ""budget_level"": ""b2"", ""c_llm_in"": 0.15, ""embedding_cost_est"": 0.0, ""embedding_dim"": 384, ""embedding_model"": ""BAAI/bge-small-en-v1.5"", ""evidence_coverage_at_10"": 0.8509272467902995, ""evidence_coverage_at_20"": 0.8869472182596291, ""evidence_coverage_at_5"": 0.7963623395149786, ""llm_context_cost_est"": 128.41979315263907, ""primary_quality_metric"": ""evidence_coverage@10"", ""primary_quality_value"": 0.8509272467902995, ""profile"": ""portable-agentic"", ""retrieval_cost_est"": 3.156428075103363e-08, ""search_params"": {""hnsw_ef"": 32}, ""task_cost_est"": 128.41979318420334}",0.8509272467902995,0.8074768137805002,0.9108108031610171,42.3456669668667,51.04983265046031,67.25480615976268,23.364682810380355,4.425312161294915e-05,150.0,0.0,0,0.0007079215720295906,0.0007919734343886375,128.41979318420334,,,,,0.8509272467902995,108.09191220800858,30,30.039085375028662,730,60,60.005094500025734,1402,4.186908500036225,1.0,0.0,0.0953221321105957,0.0001305966152358451,0.0026549618683885017,/Volumes/Max/AI/Project/MaxionBench/artifacts/runs/portable/b2/s3_multi_hop__bge-small-en-v1-5/lancedb_inproc,run-5d8ac446a8-r0-c1-t30-portable_s3,5d8ac446a80215a1414df1e40461e94eb051dac2f3e0aa9408b109994f3d7d74,hotpot_portable_supporting_facts,evidence_coverage@10,hotpot_portable_qrels,10.0,portable-agentic,b2,BAAI/bge-small-en-v1.5,384.0,0.15,"{'avg_retrieved_input_tokens': 856.1319543509272, 'budget_level': 'b2', 'c_llm_in': 0.15, 'embedding_cost_est': 0.0, 'embedding_dim': 384, 'embedding_model': 'BAAI/bge-small-en-v1.5', 'evidence_coverage_at_10': 0.8509272467902995, 'evidence_coverage_at_20': 0.8869472182596291, 'evidence_coverage_at_5': 0.7963623395149786, 'llm_context_cost_est': 128.41979315263907, 'primary_quality_metric': 'evidence_coverage@10', 'primary_quality_value': 0.8509272467902995, 'profile': 'portable-agentic', 'retrieval_cost_est': 3.156428075103363e-08, 'search_params': {'hnsw_ef': 32}, 'task_cost_est': 128.41979318420334}",portable-agentic,evidence_coverage@10,0.8509272467902995,,,,,,,,,,2,1.0
s3_multi_hop,b2,1,lancedb-inproc,BAAI/bge-base-en-v1.5,run-f8a77d565d-r0-c1-t30-portable_s3,2026-04-28T10:43:48+00:00,0,local,HOTPOT_PORTABLE,portable-s3-hotpotqa-dev-distractor,42,0,0.3,"{""avg_retrieved_input_tokens"": 859.9269349845201, ""budget_level"": ""b2"", ""c_llm_in"": 0.15, ""embedding_cost_est"": 0.0, ""embedding_dim"": 768, ""embedding_model"": ""BAAI/bge-base-en-v1.5"", ""evidence_coverage_at_10"": 0.8702786377708979, ""evidence_coverage_at_20"": 0.9061919504643963, ""evidence_coverage_at_5"": 0.81671826625387, ""llm_context_cost_est"": 128.98904024767802, ""primary_quality_metric"": ""evidence_coverage@10"", ""primary_quality_value"": 0.8702786377708979, ""profile"": ""portable-agentic"", ""retrieval_cost_est"": 2.791909668584004e-08, ""search_params"": {""hnsw_ef"": 64}, ""task_cost_est"": 128.98904027559712}",0.8702786377708979,0.8266017522490832,0.9250614280800039,35.49079201184213,44.25992054166272,51.24976115534077,26.90846464914742,4.5089341147631664e-05,150.0,0.0006191950464396285,0,0.00029103830456733704,0.00033294898457825184,128.98904027559712,,,,,0.8702786377708979,99.59914645901881,30,30.00105745799374,786,60,60.0182887079427,1615,3.2552787919994444,1.0,0.0,0.1906442642211914,0.00022368485497281654,0.0027045360943454,/Volumes/Max/AI/Project/MaxionBench/artifacts/runs/portable/b2/s3_multi_hop__bge-base-en-v1-5/lancedb_inproc,run-f8a77d565d-r0-c1-t30-portable_s3,f8a77d565d217ee7bb8f464014776bfc3bbc55b3a6a0a6ce8f6f27b9480a56ae,hotpot_portable_supporting_facts,evidence_coverage@10,hotpot_portable_qrels,10.0,portable-agentic,b2,BAAI/bge-base-en-v1.5,768.0,0.15,"{'avg_retrieved_input_tokens': 859.9269349845201, 'budget_level': 'b2', 'c_llm_in': 0.15, 'embedding_cost_est': 0.0, 'embedding_dim': 768, 'embedding_model': 'BAAI/bge-base-en-v1.5', 'evidence_coverage_at_10': 0.8702786377708979, 'evidence_coverage_at_20': 0.9061919504643963, 'evidence_coverage_at_5': 0.81671826625387, 'llm_context_cost_est': 128.98904024767802, 'primary_quality_metric': 'evidence_coverage@10', 'primary_quality_value': 0.8702786377708979, 'profile': 'portable-agentic', 'retrieval_cost_est': 2.791909668584004e-08, 'search_params': {'hnsw_ef': 64}, 'task_cost_est': 128.98904027559712}",portable-agentic,evidence_coverage@10,0.8702786377708979,,,,,,,,,,2,2.0
s3_multi_hop,b2,1,pgvector,BAAI/bge-small-en-v1.5,run-d9a11c5989-r0-c1-t30-portable_s3,2026-04-28T12:38:34+00:00,0,postgres16-pgvector,HOTPOT_PORTABLE,portable-s3-hotpotqa-dev-distractor,42,0,0.3,"{""avg_retrieved_input_tokens"": 860.7702991452992, ""budget_level"": ""b2"", ""c_llm_in"": 0.15, ""embedding_cost_est"": 0.0, ""embedding_dim"": 384, ""embedding_model"": ""BAAI/bge-small-en-v1.5"", ""evidence_coverage_at_10"": 0.8525641025641025, ""evidence_coverage_at_20"": 0.8888888888888888, ""evidence_coverage_at_5"": 0.7991452991452992, ""llm_context_cost_est"": 129.11554487179487, ""primary_quality_metric"": ""evidence_coverage@10"", ""primary_quality_value"": 0.8525641025641025, ""profile"": ""portable-agentic"", ""retrieval_cost_est"": 2.326102671372418e-08, ""search_params"": {""ivfflat_probes"": 32}, ""task_cost_est"": 129.1155448950559}",0.8525641025641025,0.8097347756289499,0.9127295736670736,30.18585394602269,34.208808711264275,117.86424878402612,31.193944475477878,4.354464200809166e-05,150.0,0.0010683760683760685,0,1.7403745441697538,3.3281349926255643,129.1155448950559,,,,,0.8525641025641025,154.70152716699522,30,30.037064124946482,243,60,60.01164750009775,1872,4.040119000012055,1.0,0.0,0.0,0.00024590641260147095,0.002612171432701871,/Volumes/Max/AI/Project/MaxionBench/artifacts/runs/portable/b2/s3_multi_hop__bge-small-en-v1-5/pgvector,run-d9a11c5989-r0-c1-t30-portable_s3,d9a11c59898d959d11c5660faf35dd49f9d90e754d2bb0b5a490f845bb8b8e2c,hotpot_portable_supporting_facts,evidence_coverage@10,hotpot_portable_qrels,10.0,portable-agentic,b2,BAAI/bge-small-en-v1.5,384.0,0.15,"{'avg_retrieved_input_tokens': 860.7702991452992, 'budget_level': 'b2', 'c_llm_in': 0.15, 'embedding_cost_est': 0.0, 'embedding_dim': 384, 'embedding_model': 'BAAI/bge-small-en-v1.5', 'evidence_coverage_at_10': 0.8525641025641025, 'evidence_coverage_at_20': 0.8888888888888888, 'evidence_coverage_at_5': 0.7991452991452992, 'llm_context_cost_est': 129.11554487179487, 'primary_quality_metric': 'evidence_coverage@10', 'primary_quality_value': 0.8525641025641025, 'profile': 'portable-agentic', 'retrieval_cost_est': 2.326102671372418e-08, 'search_params': {'ivfflat_probes': 32}, 'task_cost_est': 129.1155448950559}",portable-agentic,evidence_coverage@10,0.8525641025641025,,,,,,,,,,2,3.0
s3_multi_hop,b2,1,faiss-cpu,BAAI/bge-small-en-v1.5,run-2df85138b6-r0-c1-t30-portable_s3,2026-04-29T02:23:49+00:00,0,cpu,HOTPOT_PORTABLE,portable-s3-hotpotqa-dev-distractor,42,0,0.3,"{""avg_retrieved_input_tokens"": 862.166, ""budget_level"": ""b2"", ""c_llm_in"": 0.15, ""embedding_cost_est"": 0.0, ""embedding_dim"": 384, ""embedding_model"": ""BAAI/bge-small-en-v1.5"", ""evidence_coverage_at_10"": 0.8515, ""evidence_coverage_at_20"": 0.8861, ""evidence_coverage_at_5"": 0.8001, ""llm_context_cost_est"": 129.3249, ""observation_path"": ""/Volumes/Max/AI/Project/MaxionBench/artifacts/runs/portable/b2/s3_multi_hop__bge-small-en-v1-5/faiss_cpu/logs/observations/s3_multi_hop_r0_c1_s1.jsonl"", ""primary_quality_metric"": ""evidence_coverage@10"", ""primary_quality_value"": 0.8515, ""profile"": ""portable-agentic"", ""retrieval_cost_est"": 1.3144198078807164e-09, ""search_params"": {""hnsw_ef"": 64}, ""task_cost_est"": 129.32490000131443}",0.8515,0.8095859739782915,0.9117655555555555,1.7267080256715417,2.0405951188877225,2.392577911959962,561.2544920718562,6.572099039403582e-06,150.0,0.0,0,0.00895909033715725,0.009336766088381406,129.32490000131443,,,,,0.8515,20.235911792027764,30,8.930417416035198,5000,60,8.908614667016082,5000,0.26648600003682077,1.0,0.0,0.09929388761520386,9.696668712422252e-05,0.0026558064779086026,/Volumes/Max/AI/Project/MaxionBench/artifacts/runs/portable/b2/s3_multi_hop__bge-small-en-v1-5/faiss_cpu,run-2df85138b6-r0-c1-t30-portable_s3,2df85138b6d0c35fd1a0835e42b5a3f6d3f5d7516139b7142f59c48eb169c91a,hotpot_portable_supporting_facts,evidence_coverage@10,hotpot_portable_qrels,10.0,portable-agentic,b2,BAAI/bge-small-en-v1.5,384.0,0.15,"{'avg_retrieved_input_tokens': 862.166, 'budget_level': 'b2', 'c_llm_in': 0.15, 'embedding_cost_est': 0.0, 'embedding_dim': 384, 'embedding_model': 'BAAI/bge-small-en-v1.5', 'evidence_coverage_at_10': 0.8515, 'evidence_coverage_at_20': 0.8861, 'evidence_coverage_at_5': 0.8001, 'llm_context_cost_est': 129.3249, 'observation_path': '/Volumes/Max/AI/Project/MaxionBench/artifacts/runs/portable/b2/s3_multi_hop__bge-small-en-v1-5/faiss_cpu/logs/observations/s3_multi_hop_r0_c1_s1.jsonl', 'primary_quality_metric': 'evidence_coverage@10', 'primary_quality_value': 0.8515, 'profile': 'portable-agentic', 'retrieval_cost_est': 1.3144198078807164e-09, 'search_params': {'hnsw_ef': 64}, 'task_cost_est': 129.32490000131443}",portable-agentic,evidence_coverage@10,0.8515,/Volumes/Max/AI/Project/MaxionBench/artifacts/runs/portable/b2/s3_multi_hop__bge-small-en-v1-5/faiss_cpu/logs/observations/s3_multi_hop_r0_c1_s1.jsonl,,,,,,,,,2,4.0
s3_multi_hop,b2,1,qdrant,BAAI/bge-small-en-v1.5,run-c141f5c237-r0-c1-t30-portable_s3,2026-04-28T13:03:52+00:00,0,server,HOTPOT_PORTABLE,portable-s3-hotpotqa-dev-distractor,42,0,0.3,"{""avg_retrieved_input_tokens"": 865.6976, ""budget_level"": ""b2"", ""c_llm_in"": 0.15, ""embedding_cost_est"": 0.0, ""embedding_dim"": 384, ""embedding_model"": ""BAAI/bge-small-en-v1.5"", ""evidence_coverage_at_10"": 0.8144, ""evidence_coverage_at_20"": 0.8477, ""evidence_coverage_at_5"": 0.7668, ""llm_context_cost_est"": 129.85464, ""primary_quality_metric"": ""evidence_coverage@10"", ""primary_quality_value"": 0.8144, ""profile"": ""portable-agentic"", ""retrieval_cost_est"": 3.0595495153378308e-09, ""search_params"": {""hnsw_ef"": 32}, ""task_cost_est"": 129.85464000305953}",0.8144,0.7787040508313041,0.8885025396825397,4.109624947886914,5.567773210350424,6.144558254163712,236.43337883673868,1.5297747576689154e-05,150.0,0.0,0,4.761582997161895,7.5109884911216795,129.85464000305953,,,,,0.8144,82.23462008300703,30,20.8000279169064,5000,60,21.147606250015087,5000,4.078626041999087,1.0,0.0,0.0,0.0,0.0026041666666666665,/Volumes/Max/AI/Project/MaxionBench/artifacts/runs/portable/b2/s3_multi_hop__bge-small-en-v1-5/qdrant,run-c141f5c237-r0-c1-t30-portable_s3,c141f5c237495afccd2562482e7a1d402cfdcaedfac7d25b20b2b5e8bb6948da,hotpot_portable_supporting_facts,evidence_coverage@10,hotpot_portable_qrels,10.0,portable-agentic,b2,BAAI/bge-small-en-v1.5,384.0,0.15,"{'avg_retrieved_input_tokens': 865.6976, 'budget_level': 'b2', 'c_llm_in': 0.15, 'embedding_cost_est': 0.0, 'embedding_dim': 384, 'embedding_model': 'BAAI/bge-small-en-v1.5', 'evidence_coverage_at_10': 0.8144, 'evidence_coverage_at_20': 0.8477, 'evidence_coverage_at_5': 0.7668, 'llm_context_cost_est': 129.85464, 'primary_quality_metric': 'evidence_coverage@10', 'primary_quality_value': 0.8144, 'profile': 'portable-agentic', 'retrieval_cost_est': 3.0595495153378308e-09, 'search_params': {'hnsw_ef': 32}, 'task_cost_est': 129.85464000305953}",portable-agentic,evidence_coverage@10,0.8144,,,,,,,,,,2,5.0
s3_multi_hop,b2,1,faiss-cpu,BAAI/bge-base-en-v1.5,run-02cb31afdb-r0-c1-t30-portable_s3,2026-04-28T10:30:17+00:00,0,cpu,HOTPOT_PORTABLE,portable-s3-hotpotqa-dev-distractor,42,0,0.3,"{""avg_retrieved_input_tokens"": 866.859, ""budget_level"": ""b2"", ""c_llm_in"": 0.15, ""embedding_cost_est"": 0.0, ""embedding_dim"": 768, ""embedding_model"": ""BAAI/bge-base-en-v1.5"", ""evidence_coverage_at_10"": 0.8712, ""evidence_coverage_at_20"": 0.9061, ""evidence_coverage_at_5"": 0.8182, ""llm_context_cost_est"": 130.02885, ""primary_quality_metric"": ""evidence_coverage@10"", ""primary_quality_value"": 0.8712, ""profile"": ""portable-agentic"", ""retrieval_cost_est"": 2.6839062176840587e-09, ""search_params"": {""hnsw_ef"": 32}, ""task_cost_est"": 130.02885000268392}",0.8712,0.8262578932516466,0.9197114285714284,3.5470000002533197,3.6650021793320775,4.1262932901736376,280.0003342221569,1.3419531088420294e-05,150.0,0.0,0,0.016834004782140255,0.018416392849758267,130.02885000268392,,,,,0.8712,39.23945308406837,30,17.714534875005484,5000,60,17.857121541979723,5000,4.138995167100802,1.0,0.0,0.19461601972579956,0.00019005470676347613,0.0027053806967008613,/Volumes/Max/AI/Project/MaxionBench/artifacts/runs/portable/b2/s3_multi_hop__bge-base-en-v1-5/faiss_cpu,run-02cb31afdb-r0-c1-t30-portable_s3,02cb31afdbb7f1f9afe90920ca4ec44d3339a13bca98549273d9caecf38773aa,hotpot_portable_supporting_facts,evidence_coverage@10,hotpot_portable_qrels,10.0,portable-agentic,b2,BAAI/bge-base-en-v1.5,768.0,0.15,"{'avg_retrieved_input_tokens': 866.859, 'budget_level': 'b2', 'c_llm_in': 0.15, 'embedding_cost_est': 0.0, 'embedding_dim': 768, 'embedding_model': 'BAAI/bge-base-en-v1.5', 'evidence_coverage_at_10': 0.8712, 'evidence_coverage_at_20': 0.9061, 'evidence_coverage_at_5': 0.8182, 'llm_context_cost_est': 130.02885, 'primary_quality_metric': 'evidence_coverage@10', 'primary_quality_value': 0.8712, 'profile': 'portable-agentic', 'retrieval_cost_est': 2.6839062176840587e-09, 'search_params': {'hnsw_ef': 32}, 'task_cost_est': 130.02885000268392}",portable-agentic,evidence_coverage@10,0.8712,,,,,,,,,,2,6.0
s3_multi_hop,b2,1,qdrant,BAAI/bge-base-en-v1.5,run-36ffc2dbf0-r1-c1-t30-portable_s3,2026-04-28T11:41:18+00:00,1,server,HOTPOT_PORTABLE,portable-s3-hotpotqa-dev-distractor,42,0,0.3,"{""avg_retrieved_input_tokens"": 868.7738, ""budget_level"": ""b2"", ""c_llm_in"": 0.15, ""embedding_cost_est"": 0.0, ""embedding_dim"": 768, ""embedding_model"": ""BAAI/bge-base-en-v1.5"", ""evidence_coverage_at_10"": 0.8584, ""evidence_coverage_at_20"": 0.8925, ""evidence_coverage_at_5"": 0.8065, ""llm_context_cost_est"": 130.31607, ""primary_quality_metric"": ""evidence_coverage@10"", ""primary_quality_value"": 0.8584, ""profile"": ""portable-agentic"", ""retrieval_cost_est"": 3.0762587468113146e-09, ""search_params"": {""hnsw_ef"": 64}, ""task_cost_est"": 130.31607000307625}",0.8584,0.8147837578343988,0.9097961111111111,4.18306200299412,5.318616342265159,5.857816564384849,235.14915004449682,1.5381293734056572e-05,150.0,0.0,0,4.80964599410072,7.932393767405301,130.31607000307625,,,,,0.8584,115.73464854096528,30,21.92614808306098,5000,60,21.26310045795981,5000,3.8780736660119146,1.0,0.0,0.0,0.0,0.0026041666666666665,/Volumes/Max/AI/Project/MaxionBench/artifacts/runs/portable/b2/s3_multi_hop__bge-base-en-v1-5/qdrant,run-36ffc2dbf0-r0-c1-t30-portable_s3,36ffc2dbf04c15a744a49aa66eb49a4aba01e054434d855cb6e21b4f5afeddb1,hotpot_portable_supporting_facts,evidence_coverage@10,hotpot_portable_qrels,10.0,portable-agentic,b2,BAAI/bge-base-en-v1.5,768.0,0.15,"{'avg_retrieved_input_tokens': 868.7738, 'budget_level': 'b2', 'c_llm_in': 0.15, 'embedding_cost_est': 0.0, 'embedding_dim': 768, 'embedding_model': 'BAAI/bge-base-en-v1.5', 'evidence_coverage_at_10': 0.8584, 'evidence_coverage_at_20': 0.8925, 'evidence_coverage_at_5': 0.8065, 'llm_context_cost_est': 130.31607, 'primary_quality_metric': 'evidence_coverage@10', 'primary_quality_value': 0.8584, 'profile': 'portable-agentic', 'retrieval_cost_est': 3.0762587468113146e-09, 'search_params': {'hnsw_ef': 64}, 'task_cost_est': 130.31607000307625}",portable-agentic,evidence_coverage@10,0.8584,,,,,,,,,,2,7.0
s3_multi_hop,b2,1,pgvector,BAAI/bge-base-en-v1.5,run-e6fea1b289-r1-c1-t30-portable_s3,2026-04-28T11:17:33+00:00,1,postgres16-pgvector,HOTPOT_PORTABLE,portable-s3-hotpotqa-dev-distractor,42,0,0.3,"{""avg_retrieved_input_tokens"": 878.746835443038, ""budget_level"": ""b2"", ""c_llm_in"": 0.15, ""embedding_cost_est"": 0.0, ""embedding_dim"": 768, ""embedding_model"": ""BAAI/bge-base-en-v1.5"", ""evidence_coverage_at_10"": 0.8658227848101265, ""evidence_coverage_at_20"": 0.9, ""evidence_coverage_at_5"": 0.8202531645569621, ""llm_context_cost_est"": 131.8120253164557, ""primary_quality_metric"": ""evidence_coverage@10"", ""primary_quality_value"": 0.8658227848101265, ""profile"": ""portable-agentic"", ""retrieval_cost_est"": 1.1063317833171108e-07, ""search_params"": {""ivfflat_probes"": 64}, ""task_cost_est"": 131.81202542708888}",0.8658227848101265,0.8185617214803208,0.905783604581073,163.01975003443658,194.79760887334123,268.32052645273507,6.58331815516955,4.370010544102588e-05,150.0,0.6025316455696202,0,0.8591875084675848,2.631417614175005,131.81202542708888,,,,,0.8658227848101265,134.1589269170072,30,30.101365124923177,166,60,60.00013833295088,395,4.2364474589703605,1.0,0.0,0.0,0.000547848641872406,0.0026220002813109504,/Volumes/Max/AI/Project/MaxionBench/artifacts/runs/portable/b2/s3_multi_hop__bge-base-en-v1-5/pgvector,run-e6fea1b289-r0-c1-t30-portable_s3,e6fea1b28943a3c6d569aaaecfad80ab0470ec085d611466dea9d2746f515931,hotpot_portable_supporting_facts,evidence_coverage@10,hotpot_portable_qrels,10.0,portable-agentic,b2,BAAI/bge-base-en-v1.5,768.0,0.15,"{'avg_retrieved_input_tokens': 878.746835443038, 'budget_level': 'b2', 'c_llm_in': 0.15, 'embedding_cost_est': 0.0, 'embedding_dim': 768, 'embedding_model': 'BAAI/bge-base-en-v1.5', 'evidence_coverage_at_10': 0.8658227848101265, 'evidence_coverage_at_20': 0.9, 'evidence_coverage_at_5': 0.8202531645569621, 'llm_context_cost_est': 131.8120253164557, 'primary_quality_metric': 'evidence_coverage@10', 'primary_quality_value': 0.8658227848101265, 'profile': 'portable-agentic', 'retrieval_cost_est': 1.1063317833171108e-07, 'search_params': {'ivfflat_probes': 64}, 'task_cost_est': 131.81202542708888}",portable-agentic,evidence_coverage@10,0.8658227848101265,,,,,,,,,,2,8.0
s3_multi_hop,b2,4,lancedb-inproc,BAAI/bge-small-en-v1.5,run-5d8ac446a8-r0-c4-t30-portable_s3,2026-04-28T12:10:32+00:00,0,local,HOTPOT_PORTABLE,portable-s3-hotpotqa-dev-distractor,42,0,0.3,"{""avg_retrieved_input_tokens"": 856.5301418439716, ""budget_level"": ""b2"", ""c_llm_in"": 0.15, ""embedding_cost_est"": 0.0, ""embedding_dim"": 384, ""embedding_model"": ""BAAI/bge-small-en-v1.5"", ""evidence_coverage_at_10"": 0.8461879432624113, ""evidence_coverage_at_20"": 0.8829787234042553, ""evidence_coverage_at_5"": 0.7903368794326241, ""llm_context_cost_est"": 128.47952127659573, ""primary_quality_metric"": ""evidence_coverage@10"", ""primary_quality_value"": 0.8461879432624113, ""profile"": ""portable-agentic"", ""retrieval_cost_est"": 1.5479189657336716e-07, ""search_params"": {""hnsw_ef"": 32}, ""task_cost_est"": 128.47952143138764}",0.8461879432624113,0.802311986365883,0.9056438562422604,183.0753959948197,281.51533123455,382.0115751563572,18.784111837511123,0.00017460525933475816,150.0,0.8111702127659575,0,0.0006669433787465096,0.000750063918530941,128.47952143138764,,,,,0.8461879432624113,107.85560329200234,30,30.189986166078597,632,60,60.05074979097117,1128,4.186908500036225,4.0,0.0,0.0953221321105957,0.0001305966152358451,0.0104674618683885,/Volumes/Max/AI/Project/MaxionBench/artifacts/runs/portable/b2/s3_multi_hop__bge-small-en-v1-5/lancedb_inproc,run-5d8ac446a8-r0-c1-t30-portable_s3,5d8ac446a80215a1414df1e40461e94eb051dac2f3e0aa9408b109994f3d7d74,hotpot_portable_supporting_facts,evidence_coverage@10,hotpot_portable_qrels,10.0,portable-agentic,b2,BAAI/bge-small-en-v1.5,384.0,0.15,"{'avg_retrieved_input_tokens': 856.5301418439716, 'budget_level': 'b2', 'c_llm_in': 0.15, 'embedding_cost_est': 0.0, 'embedding_dim': 384, 'embedding_model': 'BAAI/bge-small-en-v1.5', 'evidence_coverage_at_10': 0.8461879432624113, 'evidence_coverage_at_20': 0.8829787234042553, 'evidence_coverage_at_5': 0.7903368794326241, 'llm_context_cost_est': 128.47952127659573, 'primary_quality_metric': 'evidence_coverage@10', 'primary_quality_value': 0.8461879432624113, 'profile': 'portable-agentic', 'retrieval_cost_est': 1.5479189657336716e-07, 'search_params': {'hnsw_ef': 32}, 'task_cost_est': 128.47952143138764}",portable-agentic,evidence_coverage@10,0.8461879432624113,,,,,,,,,,2,1.0
s3_multi_hop,b2,4,lancedb-inproc,BAAI/bge-base-en-v1.5,run-f8a77d565d-r1-c4-t30-portable_s3,2026-04-28T10:57:09+00:00,1,local,HOTPOT_PORTABLE,portable-s3-hotpotqa-dev-distractor,42,0,0.3,"{""avg_retrieved_input_tokens"": 858.0429292929293, ""budget_level"": ""b2"", ""c_llm_in"": 0.15, ""embedding_cost_est"": 0.0, ""embedding_dim"": 768, ""embedding_model"": ""BAAI/bge-base-en-v1.5"", ""evidence_coverage_at_10"": 0.8611111111111112, ""evidence_coverage_at_20"": 0.8977272727272727, ""evidence_coverage_at_5"": 0.8085016835016835, ""llm_context_cost_est"": 128.7064393939394, ""primary_quality_metric"": ""evidence_coverage@10"", ""primary_quality_value"": 0.8611111111111112, ""profile"": ""portable-agentic"", ""retrieval_cost_est"": 1.4771849427840098e-07, ""search_params"": {""hnsw_ef"": 32}, ""task_cost_est"": 128.7064395416579}",0.8611111111111112,0.8183944622843772,0.915998276414943,186.46618747152388,215.52836076007222,231.93533248850142,19.776798628816675,0.00017548957120274038,150.0,0.9570707070707071,0,0.00037497375160455704,0.0004579871892929077,128.7064395416579,,,,,0.8611111111111112,99.69761612499133,30,30.043835500022396,592,60,60.070389667060226,1188,3.2552787919994444,4.0,0.0,0.1906442642211914,0.00022368485497281654,0.0105170360943454,/Volumes/Max/AI/Project/MaxionBench/artifacts/runs/portable/b2/s3_multi_hop__bge-base-en-v1-5/lancedb_inproc,run-f8a77d565d-r0-c1-t30-portable_s3,f8a77d565d217ee7bb8f464014776bfc3bbc55b3a6a0a6ce8f6f27b9480a56ae,hotpot_portable_supporting_facts,evidence_coverage@10,hotpot_portable_qrels,10.0,portable-agentic,b2,BAAI/bge-base-en-v1.5,768.0,0.15,"{'avg_retrieved_input_tokens': 858.0429292929293, 'budget_level': 'b2', 'c_llm_in': 0.15, 'embedding_cost_est': 0.0, 'embedding_dim': 768, 'embedding_model': 'BAAI/bge-base-en-v1.5', 'evidence_coverage_at_10': 0.8611111111111112, 'evidence_coverage_at_20': 0.8977272727272727, 'evidence_coverage_at_5': 0.8085016835016835, 'llm_context_cost_est': 128.7064393939394, 'primary_quality_metric': 'evidence_coverage@10', 'primary_quality_value': 0.8611111111111112, 'profile': 'portable-agentic', 'retrieval_cost_est': 1.4771849427840098e-07, 'search_params': {'hnsw_ef': 32}, 'task_cost_est': 128.7064395416579}",portable-agentic,evidence_coverage@10,0.8611111111111112,,,,,,,,,,2,2.0
s3_multi_hop,b2,4,pgvector,BAAI/bge-small-en-v1.5,run-d9a11c5989-r0-c4-t30-portable_s3,2026-04-28T12:46:14+00:00,0,postgres16-pgvector,HOTPOT_PORTABLE,portable-s3-hotpotqa-dev-distractor,42,0,0.3,"{""avg_retrieved_input_tokens"": 858.5223076923077, ""budget_level"": ""b2"", ""c_llm_in"": 0.15, ""embedding_cost_est"": 0.0, ""embedding_dim"": 384, ""embedding_model"": ""BAAI/bge-small-en-v1.5"", ""evidence_coverage_at_10"": 0.8496153846153847, ""evidence_coverage_at_20"": 0.8873076923076924, ""evidence_coverage_at_5"": 0.7915384615384615, ""llm_context_cost_est"": 128.77834615384614, ""primary_quality_metric"": ""evidence_coverage@10"", ""primary_quality_value"": 0.8496153846153847, ""profile"": ""portable-agentic"", ""retrieval_cost_est"": 1.337576724149195e-07, ""search_params"": {""ivfflat_probes"": 64}, ""task_cost_est"": 128.77834628760382}",0.8496153846153847,0.8046412996898761,0.9087304639804639,125.97724993247539,187.43835836066864,210.85669631604105,21.649168095095565,0.00017388497413939536,150.0,0.2692307692307692,0,0.36812503822147846,0.4969856888055801,128.77834628760382,,,,,0.8496153846153847,107.04446975002065,30,30.019419166026637,644,60,60.04849675006699,1300,4.040119000012055,4.0,0.0,0.0,0.00024593621492385864,0.010424672402829552,/Volumes/Max/AI/Project/MaxionBench/artifacts/runs/portable/b2/s3_multi_hop__bge-small-en-v1-5/pgvector,run-d9a11c5989-r0-c1-t30-portable_s3,d9a11c59898d959d11c5660faf35dd49f9d90e754d2bb0b5a490f845bb8b8e2c,hotpot_portable_supporting_facts,evidence_coverage@10,hotpot_portable_qrels,10.0,portable-agentic,b2,BAAI/bge-small-en-v1.5,384.0,0.15,"{'avg_retrieved_input_tokens': 858.5223076923077, 'budget_level': 'b2', 'c_llm_in': 0.15, 'embedding_cost_est': 0.0, 'embedding_dim': 384, 'embedding_model': 'BAAI/bge-small-en-v1.5', 'evidence_coverage_at_10': 0.8496153846153847, 'evidence_coverage_at_20': 0.8873076923076924, 'evidence_coverage_at_5': 0.7915384615384615, 'llm_context_cost_est': 128.77834615384614, 'primary_quality_metric': 'evidence_coverage@10', 'primary_quality_value': 0.8496153846153847, 'profile': 'portable-agentic', 'retrieval_cost_est': 1.337576724149195e-07, 'search_params': {'ivfflat_probes': 64}, 'task_cost_est': 128.77834628760382}",portable-agentic,evidence_coverage@10,0.8496153846153847,,,,,,,,,,2,3.0
s3_multi_hop,b2,4,faiss-cpu,BAAI/bge-small-en-v1.5,run-2df85138b6-r0-c4-t30-portable_s3,2026-04-29T02:24:32+00:00,0,cpu,HOTPOT_PORTABLE,portable-s3-hotpotqa-dev-distractor,42,0,0.3,"{""avg_retrieved_input_tokens"": 862.166, ""budget_level"": ""b2"", ""c_llm_in"": 0.15, ""embedding_cost_est"": 0.0, ""embedding_dim"": 384, ""embedding_model"": ""BAAI/bge-small-en-v1.5"", ""evidence_coverage_at_10"": 0.8515, ""evidence_coverage_at_20"": 0.8861, ""evidence_coverage_at_5"": 0.8001, ""llm_context_cost_est"": 129.3249, ""observation_path"": ""/Volumes/Max/AI/Project/MaxionBench/artifacts/runs/portable/b2/s3_multi_hop__bge-small-en-v1-5/faiss_cpu/logs/observations/s3_multi_hop_r0_c4_s0.jsonl"", ""primary_quality_metric"": ""evidence_coverage@10"", ""primary_quality_value"": 0.8515, ""profile"": ""portable-agentic"", ""retrieval_cost_est"": 5.350087939657293e-09, ""search_params"": {""hnsw_ef"": 32}, ""task_cost_est"": 129.3249000053501}",0.8515,0.8095859739782915,0.9117655555555555,5.054958048276603,7.339272636454552,9.255126231582844,543.5168437093828,2.6750439698286468e-05,150.0,0.0,0,0.008999952115118504,0.011375477770343423,129.3249000053501,,,,,0.8515,21.784326958935708,30,10.031210082932375,5000,60,9.199346916051582,5000,0.26648600003682077,4.0,0.0,0.09929388761520386,9.696668712422252e-05,0.010468306477908602,/Volumes/Max/AI/Project/MaxionBench/artifacts/runs/portable/b2/s3_multi_hop__bge-small-en-v1-5/faiss_cpu,run-2df85138b6-r0-c1-t30-portable_s3,2df85138b6d0c35fd1a0835e42b5a3f6d3f5d7516139b7142f59c48eb169c91a,hotpot_portable_supporting_facts,evidence_coverage@10,hotpot_portable_qrels,10.0,portable-agentic,b2,BAAI/bge-small-en-v1.5,384.0,0.15,"{'avg_retrieved_input_tokens': 862.166, 'budget_level': 'b2', 'c_llm_in': 0.15, 'embedding_cost_est': 0.0, 'embedding_dim': 384, 'embedding_model': 'BAAI/bge-small-en-v1.5', 'evidence_coverage_at_10': 0.8515, 'evidence_coverage_at_20': 0.8861, 'evidence_coverage_at_5': 0.8001, 'llm_context_cost_est': 129.3249, 'observation_path': '/Volumes/Max/AI/Project/MaxionBench/artifacts/runs/portable/b2/s3_multi_hop__bge-small-en-v1-5/faiss_cpu/logs/observations/s3_multi_hop_r0_c4_s0.jsonl', 'primary_quality_metric': 'evidence_coverage@10', 'primary_quality_value': 0.8515, 'profile': 'portable-agentic', 'retrieval_cost_est': 5.350087939657293e-09, 'search_params': {'hnsw_ef': 32}, 'task_cost_est': 129.3249000053501}",portable-agentic,evidence_coverage@10,0.8515,/Volumes/Max/AI/Project/MaxionBench/artifacts/runs/portable/b2/s3_multi_hop__bge-small-en-v1-5/faiss_cpu/logs/observations/s3_multi_hop_r0_c4_s0.jsonl,,,,,,,,,2,4.0
s3_multi_hop,b2,4,qdrant,BAAI/bge-small-en-v1.5,run-c141f5c237-r1-c4-t30-portable_s3,2026-04-28T13:13:01+00:00,1,server,HOTPOT_PORTABLE,portable-s3-hotpotqa-dev-distractor,42,0,0.3,"{""avg_retrieved_input_tokens"": 865.3048, ""budget_level"": ""b2"", ""c_llm_in"": 0.15, ""embedding_cost_est"": 0.0, ""embedding_dim"": 384, ""embedding_model"": ""BAAI/bge-small-en-v1.5"", ""evidence_coverage_at_10"": 0.8143, ""evidence_coverage_at_20"": 0.8467, ""evidence_coverage_at_5"": 0.7661, ""llm_context_cost_est"": 129.79572, ""primary_quality_metric"": ""evidence_coverage@10"", ""primary_quality_value"": 0.8143, ""profile"": ""portable-agentic"", ""retrieval_cost_est"": 5.414117380765944e-09, ""search_params"": {""hnsw_ef"": 32}, ""task_cost_est"": 129.7957200054141}",0.8143,0.7781615862322601,0.8887427777777777,6.3022710382938385,7.611479482147843,8.338314088759955,534.4395614321106,2.7070586903829718e-05,150.0,0.0,0,4.707082931417972,7.559653412317856,129.7957200054141,,,,,0.8143,62.50108075002208,30,9.624910249956883,5000,60,9.35559483396355,5000,4.078626041999087,4.0,0.0,0.0,0.0,0.010416666666666666,/Volumes/Max/AI/Project/MaxionBench/artifacts/runs/portable/b2/s3_multi_hop__bge-small-en-v1-5/qdrant,run-c141f5c237-r0-c1-t30-portable_s3,c141f5c237495afccd2562482e7a1d402cfdcaedfac7d25b20b2b5e8bb6948da,hotpot_portable_supporting_facts,evidence_coverage@10,hotpot_portable_qrels,10.0,portable-agentic,b2,BAAI/bge-small-en-v1.5,384.0,0.15,"{'avg_retrieved_input_tokens': 865.3048, 'budget_level': 'b2', 'c_llm_in': 0.15, 'embedding_cost_est': 0.0, 'embedding_dim': 384, 'embedding_model': 'BAAI/bge-small-en-v1.5', 'evidence_coverage_at_10': 0.8143, 'evidence_coverage_at_20': 0.8467, 'evidence_coverage_at_5': 0.7661, 'llm_context_cost_est': 129.79572, 'primary_quality_metric': 'evidence_coverage@10', 'primary_quality_value': 0.8143, 'profile': 'portable-agentic', 'retrieval_cost_est': 5.414117380765944e-09, 'search_params': {'hnsw_ef': 32}, 'task_cost_est': 129.7957200054141}",portable-agentic,evidence_coverage@10,0.8143,,,,,,,,,,2,5.0
s3_multi_hop,b2,4,faiss-cpu,BAAI/bge-base-en-v1.5,run-02cb31afdb-r0-c4-t30-portable_s3,2026-04-28T10:32:02+00:00,0,cpu,HOTPOT_PORTABLE,portable-s3-hotpotqa-dev-distractor,42,0,0.3,"{""avg_retrieved_input_tokens"": 866.859, ""budget_level"": ""b2"", ""c_llm_in"": 0.15, ""embedding_cost_est"": 0.0, ""embedding_dim"": 768, ""embedding_model"": ""BAAI/bge-base-en-v1.5"", ""evidence_coverage_at_10"": 0.8712, ""evidence_coverage_at_20"": 0.9061, ""evidence_coverage_at_5"": 0.8182, ""llm_context_cost_est"": 130.02885, ""primary_quality_metric"": ""evidence_coverage@10"", ""primary_quality_value"": 0.8712, ""profile"": ""portable-agentic"", ""retrieval_cost_est"": 1.4604632798357484e-08, ""search_params"": {""hnsw_ef"": 32}, ""task_cost_est"": 130.02885001460464}",0.8712,0.8262578932516466,0.9197114285714284,11.585625004954636,21.438180678524077,22.25522674387321,200.048407049983,7.302316399178742e-05,150.0,0.0,0,0.01879199407994747,0.01916604582220316,130.02885001460464,,,,,0.8712,51.094160000095144,30,22.71246358298231,5000,60,24.9939505829243,5000,4.138995167100802,4.0,0.0,0.19461601972579956,0.00019005470676347613,0.01051788069670086,/Volumes/Max/AI/Project/MaxionBench/artifacts/runs/portable/b2/s3_multi_hop__bge-base-en-v1-5/faiss_cpu,run-02cb31afdb-r0-c1-t30-portable_s3,02cb31afdbb7f1f9afe90920ca4ec44d3339a13bca98549273d9caecf38773aa,hotpot_portable_supporting_facts,evidence_coverage@10,hotpot_portable_qrels,10.0,portable-agentic,b2,BAAI/bge-base-en-v1.5,768.0,0.15,"{'avg_retrieved_input_tokens': 866.859, 'budget_level': 'b2', 'c_llm_in': 0.15, 'embedding_cost_est': 0.0, 'embedding_dim': 768, 'embedding_model': 'BAAI/bge-base-en-v1.5', 'evidence_coverage_at_10': 0.8712, 'evidence_coverage_at_20': 0.9061, 'evidence_coverage_at_5': 0.8182, 'llm_context_cost_est': 130.02885, 'primary_quality_metric': 'evidence_coverage@10', 'primary_quality_value': 0.8712, 'profile': 'portable-agentic', 'retrieval_cost_est': 1.4604632798357484e-08, 'search_params': {'hnsw_ef': 32}, 'task_cost_est': 130.02885001460464}",portable-agentic,evidence_coverage@10,0.8712,,,,,,,,,,2,6.0
s3_multi_hop,b2,4,qdrant,BAAI/bge-base-en-v1.5,run-36ffc2dbf0-r1-c4-t30-portable_s3,2026-04-28T11:44:54+00:00,1,server,HOTPOT_PORTABLE,portable-s3-hotpotqa-dev-distractor,42,0,0.3,"{""avg_retrieved_input_tokens"": 870.462, ""budget_level"": ""b2"", ""c_llm_in"": 0.15, ""embedding_cost_est"": 0.0, ""embedding_dim"": 768, ""embedding_model"": ""BAAI/bge-base-en-v1.5"", ""evidence_coverage_at_10"": 0.8414, ""evidence_coverage_at_20"": 0.8746, ""evidence_coverage_at_5"": 0.7904, ""llm_context_cost_est"": 130.5693, ""primary_quality_metric"": ""evidence_coverage@10"", ""primary_quality_value"": 0.8414, ""profile"": ""portable-agentic"", ""retrieval_cost_est"": 7.483088469328962e-09, ""search_params"": {""hnsw_ef"": 32}, ""task_cost_est"": 130.5693000074831}",0.8414,0.7999189559574588,0.8978547619047619,8.215791953261942,10.080437880242243,10.558201650856065,386.6743698645583,3.741544234664481e-05,150.0,0.0008,0,4.855562467128038,7.392353950999675,130.5693000074831,,,,,0.8414,102.69906079105567,30,13.224790874985047,5000,60,12.930776875000447,5000,3.8780736660119146,4.0,0.0,0.0,0.0,0.010416666666666666,/Volumes/Max/AI/Project/MaxionBench/artifacts/runs/portable/b2/s3_multi_hop__bge-base-en-v1-5/qdrant,run-36ffc2dbf0-r0-c1-t30-portable_s3,36ffc2dbf04c15a744a49aa66eb49a4aba01e054434d855cb6e21b4f5afeddb1,hotpot_portable_supporting_facts,evidence_coverage@10,hotpot_portable_qrels,10.0,portable-agentic,b2,BAAI/bge-base-en-v1.5,768.0,0.15,"{'avg_retrieved_input_tokens': 870.462, 'budget_level': 'b2', 'c_llm_in': 0.15, 'embedding_cost_est': 0.0, 'embedding_dim': 768, 'embedding_model': 'BAAI/bge-base-en-v1.5', 'evidence_coverage_at_10': 0.8414, 'evidence_coverage_at_20': 0.8746, 'evidence_coverage_at_5': 0.7904, 'llm_context_cost_est': 130.5693, 'primary_quality_metric': 'evidence_coverage@10', 'primary_quality_value': 0.8414, 'profile': 'portable-agentic', 'retrieval_cost_est': 7.483088469328962e-09, 'search_params': {'hnsw_ef': 32}, 'task_cost_est': 130.5693000074831}",portable-agentic,evidence_coverage@10,0.8414,,,,,,,,,,2,7.0
s3_multi_hop,b2,4,pgvector,BAAI/bge-base-en-v1.5,run-e6fea1b289-r1-c4-t30-portable_s3,2026-04-28T11:21:44+00:00,1,postgres16-pgvector,HOTPOT_PORTABLE,portable-s3-hotpotqa-dev-distractor,42,0,0.3,"{""avg_retrieved_input_tokens"": 872.4173387096774, ""budget_level"": ""b2"", ""c_llm_in"": 0.15, ""embedding_cost_est"": 0.0, ""embedding_dim"": 768, ""embedding_model"": ""BAAI/bge-base-en-v1.5"", ""evidence_coverage_at_10"": 0.876008064516129, ""evidence_coverage_at_20"": 0.90625, ""evidence_coverage_at_5"": 0.8276209677419355, ""llm_context_cost_est"": 130.8626008064516, ""primary_quality_metric"": ""evidence_coverage@10"", ""primary_quality_value"": 0.876008064516129, ""profile"": ""portable-agentic"", ""retrieval_cost_est"": 3.523409698910442e-07, ""search_params"": {""ivfflat_probes"": 32}, ""task_cost_est"": 130.8626011587926}",0.876008064516129,0.8355114517742689,0.9292530721966206,341.95468749385327,498.3035516925156,650.3148368268741,8.226325844424732,0.00017476112106595793,150.0,0.7641129032258065,0,0.9889170178212225,2.1467122505418956,130.8626011587926,,,,,0.876008064516129,125.52744658302981,30,30.09941266698297,248,60,60.2942321250448,496,4.2364474589703605,4.0,0.0,0.0,0.0005477741360664368,0.010434497855991745,/Volumes/Max/AI/Project/MaxionBench/artifacts/runs/portable/b2/s3_multi_hop__bge-base-en-v1-5/pgvector,run-e6fea1b289-r0-c1-t30-portable_s3,e6fea1b28943a3c6d569aaaecfad80ab0470ec085d611466dea9d2746f515931,hotpot_portable_supporting_facts,evidence_coverage@10,hotpot_portable_qrels,10.0,portable-agentic,b2,BAAI/bge-base-en-v1.5,768.0,0.15,"{'avg_retrieved_input_tokens': 872.4173387096774, 'budget_level': 'b2', 'c_llm_in': 0.15, 'embedding_cost_est': 0.0, 'embedding_dim': 768, 'embedding_model': 'BAAI/bge-base-en-v1.5', 'evidence_coverage_at_10': 0.876008064516129, 'evidence_coverage_at_20': 0.90625, 'evidence_coverage_at_5': 0.8276209677419355, 'llm_context_cost_est': 130.8626008064516, 'primary_quality_metric': 'evidence_coverage@10', 'primary_quality_value': 0.876008064516129, 'profile': 'portable-agentic', 'retrieval_cost_est': 3.523409698910442e-07, 'search_params': {'ivfflat_probes': 32}, 'task_cost_est': 130.8626011587926}",portable-agentic,evidence_coverage@10,0.876008064516129,,,,,,,,,,2,8.0
s3_multi_hop,b2,8,lancedb-inproc,BAAI/bge-small-en-v1.5,run-5d8ac446a8-r1-c8-t30-portable_s3,2026-04-28T12:24:57+00:00,1,local,HOTPOT_PORTABLE,portable-s3-hotpotqa-dev-distractor,42,0,0.3,"{""avg_retrieved_input_tokens"": 857.1822916666666, ""budget_level"": ""b2"", ""c_llm_in"": 0.15, ""embedding_cost_est"": 0.0, ""embedding_dim"": 384, ""embedding_model"": ""BAAI/bge-small-en-v1.5"", ""evidence_coverage_at_10"": 0.8450520833333334, ""evidence_coverage_at_20"": 0.8815104166666666, ""evidence_coverage_at_5"": 0.7890625, ""llm_context_cost_est"": 128.57734374999998, ""primary_quality_metric"": ""evidence_coverage@10"", ""primary_quality_value"": 0.8450520833333334, ""profile"": ""portable-agentic"", ""retrieval_cost_est"": 3.0357815409214696e-07, ""search_params"": {""hnsw_ef"": 32}, ""task_cost_est"": 128.57734405357814}",0.8450520833333334,0.8015288107025742,0.9046678654100531,375.1938960631378,501.0093184537254,739.5571100187954,19.10923673883339,0.0003497220335141533,150.0,1.0,0,0.0007909256964921951,0.000875093974173069,128.57734405357814,,,,,0.8450520833333334,108.48234804207459,30,30.185889541055076,600,60,60.2849823749857,1152,4.186908500036225,8.0,0.0,0.0953221321105957,0.0001305966143263504,0.02088412853502556,/Volumes/Max/AI/Project/MaxionBench/artifacts/runs/portable/b2/s3_multi_hop__bge-small-en-v1-5/lancedb_inproc,run-5d8ac446a8-r0-c1-t30-portable_s3,5d8ac446a80215a1414df1e40461e94eb051dac2f3e0aa9408b109994f3d7d74,hotpot_portable_supporting_facts,evidence_coverage@10,hotpot_portable_qrels,10.0,portable-agentic,b2,BAAI/bge-small-en-v1.5,384.0,0.15,"{'avg_retrieved_input_tokens': 857.1822916666666, 'budget_level': 'b2', 'c_llm_in': 0.15, 'embedding_cost_est': 0.0, 'embedding_dim': 384, 'embedding_model': 'BAAI/bge-small-en-v1.5', 'evidence_coverage_at_10': 0.8450520833333334, 'evidence_coverage_at_20': 0.8815104166666666, 'evidence_coverage_at_5': 0.7890625, 'llm_context_cost_est': 128.57734374999998, 'primary_quality_metric': 'evidence_coverage@10', 'primary_quality_value': 0.8450520833333334, 'profile': 'portable-agentic', 'retrieval_cost_est': 3.0357815409214696e-07, 'search_params': {'hnsw_ef': 32}, 'task_cost_est': 128.57734405357814}",portable-agentic,evidence_coverage@10,0.8450520833333334,,,,,,,,,,2,1.0
s3_multi_hop,b2,8,faiss-cpu,BAAI/bge-small-en-v1.5,run-2df85138b6-r1-c8-t30-portable_s3,2026-04-29T02:28:41+00:00,1,cpu,HOTPOT_PORTABLE,portable-s3-hotpotqa-dev-distractor,42,0,0.3,"{""avg_retrieved_input_tokens"": 862.166, ""budget_level"": ""b2"", ""c_llm_in"": 0.15, ""embedding_cost_est"": 0.0, ""embedding_dim"": 384, ""embedding_model"": ""BAAI/bge-small-en-v1.5"", ""evidence_coverage_at_10"": 0.8515, ""evidence_coverage_at_20"": 0.8861, ""evidence_coverage_at_5"": 0.8001, ""llm_context_cost_est"": 129.3249, ""observation_path"": ""/Volumes/Max/AI/Project/MaxionBench/artifacts/runs/portable/b2/s3_multi_hop__bge-small-en-v1-5/faiss_cpu/logs/observations/s3_multi_hop_r1_c8_s1.jsonl"", ""primary_quality_metric"": ""evidence_coverage@10"", ""primary_quality_value"": 0.8515, ""profile"": ""portable-agentic"", ""retrieval_cost_est"": 1.0946292556416729e-08, ""search_params"": {""hnsw_ef"": 64}, ""task_cost_est"": 129.3249000109463}",0.8515,0.8095859739782915,0.9117655555555555,8.775791502557695,14.663717249641195,17.726554928813137,529.9859654900152,5.473146278208364e-05,150.0,0.0,0,0.009209034033119678,0.01108692958950996,129.3249000109463,,,,,0.8515,23.35842258296907,30,9.920266584027559,5000,60,9.434212084044702,5000,0.26648600003682077,8.0,0.0,0.09929388761520386,9.696668712422252e-05,0.02088497314457527,/Volumes/Max/AI/Project/MaxionBench/artifacts/runs/portable/b2/s3_multi_hop__bge-small-en-v1-5/faiss_cpu,run-2df85138b6-r0-c1-t30-portable_s3,2df85138b6d0c35fd1a0835e42b5a3f6d3f5d7516139b7142f59c48eb169c91a,hotpot_portable_supporting_facts,evidence_coverage@10,hotpot_portable_qrels,10.0,portable-agentic,b2,BAAI/bge-small-en-v1.5,384.0,0.15,"{'avg_retrieved_input_tokens': 862.166, 'budget_level': 'b2', 'c_llm_in': 0.15, 'embedding_cost_est': 0.0, 'embedding_dim': 384, 'embedding_model': 'BAAI/bge-small-en-v1.5', 'evidence_coverage_at_10': 0.8515, 'evidence_coverage_at_20': 0.8861, 'evidence_coverage_at_5': 0.8001, 'llm_context_cost_est': 129.3249, 'observation_path': '/Volumes/Max/AI/Project/MaxionBench/artifacts/runs/portable/b2/s3_multi_hop__bge-small-en-v1-5/faiss_cpu/logs/observations/s3_multi_hop_r1_c8_s1.jsonl', 'primary_quality_metric': 'evidence_coverage@10', 'primary_quality_value': 0.8515, 'profile': 'portable-agentic', 'retrieval_cost_est': 1.0946292556416729e-08, 'search_params': {'hnsw_ef': 64}, 'task_cost_est': 129.3249000109463}",portable-agentic,evidence_coverage@10,0.8515,/Volumes/Max/AI/Project/MaxionBench/artifacts/runs/portable/b2/s3_multi_hop__bge-small-en-v1-5/faiss_cpu/logs/observations/s3_multi_hop_r1_c8_s1.jsonl,,,,,,,,,2,2.0
s3_multi_hop,b2,8,pgvector,BAAI/bge-small-en-v1.5,run-d9a11c5989-r1-c8-t30-portable_s3,2026-04-28T13:00:58+00:00,1,postgres16-pgvector,HOTPOT_PORTABLE,portable-s3-hotpotqa-dev-distractor,42,0,0.3,"{""avg_retrieved_input_tokens"": 863.2108208955224, ""budget_level"": ""b2"", ""c_llm_in"": 0.15, ""embedding_cost_est"": 0.0, ""embedding_dim"": 384, ""embedding_model"": ""BAAI/bge-small-en-v1.5"", ""evidence_coverage_at_10"": 0.8512126865671642, ""evidence_coverage_at_20"": 0.8861940298507462, ""evidence_coverage_at_5"": 0.7985074626865671, ""llm_context_cost_est"": 129.48162313432834, ""primary_quality_metric"": ""evidence_coverage@10"", ""primary_quality_value"": 0.8512126865671642, ""profile"": ""portable-agentic"", ""retrieval_cost_est"": 3.2467208643381423e-07, ""search_params"": {""ivfflat_probes"": 32}, ""task_cost_est"": 129.48162345900042}",0.8512126865671642,0.8101664049970247,0.9136293976545842,264.65208298759535,439.32188980979845,499.24360124976357,17.83110106217285,0.00034804847665704885,150.0,0.753731343283582,0,0.6831460050307214,1.0101723275147376,129.48162345900042,,,,,0.8512126865671642,110.55150570801925,30,30.43564437504392,448,60,60.119674957939424,1072,4.040119000012055,8.0,0.0,0.0,0.0002459287643432617,0.020841338826964297,/Volumes/Max/AI/Project/MaxionBench/artifacts/runs/portable/b2/s3_multi_hop__bge-small-en-v1-5/pgvector,run-d9a11c5989-r0-c1-t30-portable_s3,d9a11c59898d959d11c5660faf35dd49f9d90e754d2bb0b5a490f845bb8b8e2c,hotpot_portable_supporting_facts,evidence_coverage@10,hotpot_portable_qrels,10.0,portable-agentic,b2,BAAI/bge-small-en-v1.5,384.0,0.15,"{'avg_retrieved_input_tokens': 863.2108208955224, 'budget_level': 'b2', 'c_llm_in': 0.15, 'embedding_cost_est': 0.0, 'embedding_dim': 384, 'embedding_model': 'BAAI/bge-small-en-v1.5', 'evidence_coverage_at_10': 0.8512126865671642, 'evidence_coverage_at_20': 0.8861940298507462, 'evidence_coverage_at_5': 0.7985074626865671, 'llm_context_cost_est': 129.48162313432834, 'primary_quality_metric': 'evidence_coverage@10', 'primary_quality_value': 0.8512126865671642, 'profile': 'portable-agentic', 'retrieval_cost_est': 3.2467208643381423e-07, 'search_params': {'ivfflat_probes': 32}, 'task_cost_est': 129.48162345900042}",portable-agentic,evidence_coverage@10,0.8512126865671642,,,,,,,,,,2,3.0
s3_multi_hop,b2,8,qdrant,BAAI/bge-small-en-v1.5,run-c141f5c237-r1-c8-t30-portable_s3,2026-04-28T13:15:07+00:00,1,server,HOTPOT_PORTABLE,portable-s3-hotpotqa-dev-distractor,42,0,0.3,"{""avg_retrieved_input_tokens"": 865.7, ""budget_level"": ""b2"", ""c_llm_in"": 0.15, ""embedding_cost_est"": 0.0, ""embedding_dim"": 384, ""embedding_model"": ""BAAI/bge-small-en-v1.5"", ""evidence_coverage_at_10"": 0.8165, ""evidence_coverage_at_20"": 0.8492, ""evidence_coverage_at_5"": 0.7687, ""llm_context_cost_est"": 129.855, ""primary_quality_metric"": ""evidence_coverage@10"", ""primary_quality_value"": 0.8165, ""profile"": ""portable-agentic"", ""retrieval_cost_est"": 1.1743475645845239e-08, ""search_params"": {""hnsw_ef"": 32}, ""task_cost_est"": 129.85500001174347}",0.8165,0.7792895410841872,0.8873730158730159,11.96472899755463,15.922183101065457,18.27564331819305,492.7874175891403,5.871737822922619e-05,150.0,0.0,0,4.761271586176008,7.585477067623287,129.85500001174347,,,,,0.8165,62.54359433299396,30,10.166380374925211,5000,60,10.146362958010286,5000,4.078626041999087,8.0,0.0,0.0,0.0,0.020833333333333332,/Volumes/Max/AI/Project/MaxionBench/artifacts/runs/portable/b2/s3_multi_hop__bge-small-en-v1-5/qdrant,run-c141f5c237-r0-c1-t30-portable_s3,c141f5c237495afccd2562482e7a1d402cfdcaedfac7d25b20b2b5e8bb6948da,hotpot_portable_supporting_facts,evidence_coverage@10,hotpot_portable_qrels,10.0,portable-agentic,b2,BAAI/bge-small-en-v1.5,384.0,0.15,"{'avg_retrieved_input_tokens': 865.7, 'budget_level': 'b2', 'c_llm_in': 0.15, 'embedding_cost_est': 0.0, 'embedding_dim': 384, 'embedding_model': 'BAAI/bge-small-en-v1.5', 'evidence_coverage_at_10': 0.8165, 'evidence_coverage_at_20': 0.8492, 'evidence_coverage_at_5': 0.7687, 'llm_context_cost_est': 129.855, 'primary_quality_metric': 'evidence_coverage@10', 'primary_quality_value': 0.8165, 'profile': 'portable-agentic', 'retrieval_cost_est': 1.1743475645845239e-08, 'search_params': {'hnsw_ef': 32}, 'task_cost_est': 129.85500001174347}",portable-agentic,evidence_coverage@10,0.8165,,,,,,,,,,2,4.0
s3_multi_hop,b2,8,lancedb-inproc,BAAI/bge-base-en-v1.5,run-f8a77d565d-r1-c8-t30-portable_s3,2026-04-28T11:00:30+00:00,1,local,HOTPOT_PORTABLE,portable-s3-hotpotqa-dev-distractor,42,0,0.3,"{""avg_retrieved_input_tokens"": 866.0949612403101, ""budget_level"": ""b2"", ""c_llm_in"": 0.15, ""embedding_cost_est"": 0.0, ""embedding_dim"": 768, ""embedding_model"": ""BAAI/bge-base-en-v1.5"", ""evidence_coverage_at_10"": 0.8648255813953488, ""evidence_coverage_at_20"": 0.8987403100775194, ""evidence_coverage_at_5"": 0.8158914728682171, ""llm_context_cost_est"": 129.91424418604652, ""primary_quality_metric"": ""evidence_coverage@10"", ""primary_quality_value"": 0.8648255813953488, ""profile"": ""portable-agentic"", ""retrieval_cost_est"": 3.3867179525408887e-07, ""search_params"": {""hnsw_ef"": 32}, ""task_cost_est"": 129.9142445247183}",0.8648255813953488,0.8238034793107049,0.9206049280177186,431.8177499808371,497.05736890318803,571.8910394492544,17.169771782299776,0.00034950929270221974,150.0,1.0,0,0.00037497375160455704,0.0004580942913889885,129.9142445247183,,,,,0.8648255813953488,100.12574662500992,30,30.195549124968238,488,60,60.10563291609287,1032,3.2552787919994444,8.0,0.0,0.1906442642211914,0.00022368485497281654,0.020933702761012064,/Volumes/Max/AI/Project/MaxionBench/artifacts/runs/portable/b2/s3_multi_hop__bge-base-en-v1-5/lancedb_inproc,run-f8a77d565d-r0-c1-t30-portable_s3,f8a77d565d217ee7bb8f464014776bfc3bbc55b3a6a0a6ce8f6f27b9480a56ae,hotpot_portable_supporting_facts,evidence_coverage@10,hotpot_portable_qrels,10.0,portable-agentic,b2,BAAI/bge-base-en-v1.5,768.0,0.15,"{'avg_retrieved_input_tokens': 866.0949612403101, 'budget_level': 'b2', 'c_llm_in': 0.15, 'embedding_cost_est': 0.0, 'embedding_dim': 768, 'embedding_model': 'BAAI/bge-base-en-v1.5', 'evidence_coverage_at_10': 0.8648255813953488, 'evidence_coverage_at_20': 0.8987403100775194, 'evidence_coverage_at_5': 0.8158914728682171, 'llm_context_cost_est': 129.91424418604652, 'primary_quality_metric': 'evidence_coverage@10', 'primary_quality_value': 0.8648255813953488, 'profile': 'portable-agentic', 'retrieval_cost_est': 3.3867179525408887e-07, 'search_params': {'hnsw_ef': 32}, 'task_cost_est': 129.9142445247183}",portable-agentic,evidence_coverage@10,0.8648255813953488,,,,,,,,,,2,5.0
s3_multi_hop,b2,8,faiss-cpu,BAAI/bge-base-en-v1.5,run-02cb31afdb-r0-c8-t30-portable_s3,2026-04-28T10:33:57+00:00,0,cpu,HOTPOT_PORTABLE,portable-s3-hotpotqa-dev-distractor,42,0,0.3,"{""avg_retrieved_input_tokens"": 866.859, ""budget_level"": ""b2"", ""c_llm_in"": 0.15, ""embedding_cost_est"": 0.0, ""embedding_dim"": 768, ""embedding_model"": ""BAAI/bge-base-en-v1.5"", ""evidence_coverage_at_10"": 0.8712, ""evidence_coverage_at_20"": 0.9061, ""evidence_coverage_at_5"": 0.8182, ""llm_context_cost_est"": 130.02885, ""primary_quality_metric"": ""evidence_coverage@10"", ""primary_quality_value"": 0.8712, ""profile"": ""portable-agentic"", ""retrieval_cost_est"": 3.015877336814593e-08, ""search_params"": {""hnsw_ef"": 32}, ""task_cost_est"": 130.0288500301588}",0.8712,0.8262578932516466,0.9197114285714284,24.550853995606303,40.98114159423858,42.9089877998922,192.81792314278619,0.00015079386684072965,150.0,0.0,0,0.021332991309463978,0.021836744854226705,130.0288500301588,,,,,0.8712,56.363743041059934,30,26.421060334076174,5000,60,25.931199333048426,5000,4.138995167100802,8.0,0.0,0.19461601972579956,0.00019005470676347613,0.02093454736336753,/Volumes/Max/AI/Project/MaxionBench/artifacts/runs/portable/b2/s3_multi_hop__bge-base-en-v1-5/faiss_cpu,run-02cb31afdb-r0-c1-t30-portable_s3,02cb31afdbb7f1f9afe90920ca4ec44d3339a13bca98549273d9caecf38773aa,hotpot_portable_supporting_facts,evidence_coverage@10,hotpot_portable_qrels,10.0,portable-agentic,b2,BAAI/bge-base-en-v1.5,768.0,0.15,"{'avg_retrieved_input_tokens': 866.859, 'budget_level': 'b2', 'c_llm_in': 0.15, 'embedding_cost_est': 0.0, 'embedding_dim': 768, 'embedding_model': 'BAAI/bge-base-en-v1.5', 'evidence_coverage_at_10': 0.8712, 'evidence_coverage_at_20': 0.9061, 'evidence_coverage_at_5': 0.8182, 'llm_context_cost_est': 130.02885, 'primary_quality_metric': 'evidence_coverage@10', 'primary_quality_value': 0.8712, 'profile': 'portable-agentic', 'retrieval_cost_est': 3.015877336814593e-08, 'search_params': {'hnsw_ef': 32}, 'task_cost_est': 130.0288500301588}",portable-agentic,evidence_coverage@10,0.8712,,,,,,,,,,2,6.0
s3_multi_hop,b2,8,qdrant,BAAI/bge-base-en-v1.5,run-36ffc2dbf0-r1-c8-t30-portable_s3,2026-04-28T11:49:17+00:00,1,server,HOTPOT_PORTABLE,portable-s3-hotpotqa-dev-distractor,42,0,0.3,"{""avg_retrieved_input_tokens"": 870.2536, ""budget_level"": ""b2"", ""c_llm_in"": 0.15, ""embedding_cost_est"": 0.0, ""embedding_dim"": 768, ""embedding_model"": ""BAAI/bge-base-en-v1.5"", ""evidence_coverage_at_10"": 0.8438, ""evidence_coverage_at_20"": 0.8766, ""evidence_coverage_at_5"": 0.7929, ""llm_context_cost_est"": 130.53804, ""primary_quality_metric"": ""evidence_coverage@10"", ""primary_quality_value"": 0.8438, ""profile"": ""portable-agentic"", ""retrieval_cost_est"": 1.3581572579924896e-08, ""search_params"": {""hnsw_ef"": 32}, ""task_cost_est"": 130.53804001358156}",0.8438,0.8024151026923226,0.9005869841269841,12.893520528450608,21.75332570332103,35.00427606864833,426.09476943715146,6.790786289962447e-05,150.0,0.0,0,4.813249513972551,7.34137039980851,130.53804001358156,,,,,0.8438,118.76828904089052,30,14.83764879195951,5000,60,11.73447870905511,5000,3.8780736660119146,8.0,0.0,0.0,0.0,0.020833333333333332,/Volumes/Max/AI/Project/MaxionBench/artifacts/runs/portable/b2/s3_multi_hop__bge-base-en-v1-5/qdrant,run-36ffc2dbf0-r0-c1-t30-portable_s3,36ffc2dbf04c15a744a49aa66eb49a4aba01e054434d855cb6e21b4f5afeddb1,hotpot_portable_supporting_facts,evidence_coverage@10,hotpot_portable_qrels,10.0,portable-agentic,b2,BAAI/bge-base-en-v1.5,768.0,0.15,"{'avg_retrieved_input_tokens': 870.2536, 'budget_level': 'b2', 'c_llm_in': 0.15, 'embedding_cost_est': 0.0, 'embedding_dim': 768, 'embedding_model': 'BAAI/bge-base-en-v1.5', 'evidence_coverage_at_10': 0.8438, 'evidence_coverage_at_20': 0.8766, 'evidence_coverage_at_5': 0.7929, 'llm_context_cost_est': 130.53804, 'primary_quality_metric': 'evidence_coverage@10', 'primary_quality_value': 0.8438, 'profile': 'portable-agentic', 'retrieval_cost_est': 1.3581572579924896e-08, 'search_params': {'hnsw_ef': 32}, 'task_cost_est': 130.53804001358156}",portable-agentic,evidence_coverage@10,0.8438,,,,,,,,,,2,7.0
s3_multi_hop,b2,8,pgvector,BAAI/bge-base-en-v1.5,run-e6fea1b289-r0-c8-t30-portable_s3,2026-04-28T11:13:15+00:00,0,postgres16-pgvector,HOTPOT_PORTABLE,portable-s3-hotpotqa-dev-distractor,42,0,0.3,"{""avg_retrieved_input_tokens"": 871.1051587301587, ""budget_level"": ""b2"", ""c_llm_in"": 0.15, ""embedding_cost_est"": 0.0, ""embedding_dim"": 768, ""embedding_model"": ""BAAI/bge-base-en-v1.5"", ""evidence_coverage_at_10"": 0.8759920634920635, ""evidence_coverage_at_20"": 0.9067460317460317, ""evidence_coverage_at_5"": 0.8263888888888888, ""llm_context_cost_est"": 130.66577380952378, ""primary_quality_metric"": ""evidence_coverage@10"", ""primary_quality_value"": 0.8759920634920635, ""profile"": ""portable-agentic"", ""retrieval_cost_est"": 6.901641680008448e-07, ""search_params"": {""ivfflat_probes"": 32}, ""task_cost_est"": 130.66577449968796}",0.8759920634920635,0.83514505794744,0.9287226001511716,565.861020993907,928.2029043417424,1112.618319947505,8.392192492664542,0.0003478427406724258,150.0,0.8809523809523809,0,1.1071045300923288,2.171029590535909,130.66577449968796,,,,,0.8759920634920635,124.62625458405819,30,30.26646370801609,248,60,60.055819792090915,504,4.2364474589703605,8.0,0.0,0.0,0.0005478188395500183,0.020851165977849934,/Volumes/Max/AI/Project/MaxionBench/artifacts/runs/portable/b2/s3_multi_hop__bge-base-en-v1-5/pgvector,run-e6fea1b289-r0-c1-t30-portable_s3,e6fea1b28943a3c6d569aaaecfad80ab0470ec085d611466dea9d2746f515931,hotpot_portable_supporting_facts,evidence_coverage@10,hotpot_portable_qrels,10.0,portable-agentic,b2,BAAI/bge-base-en-v1.5,768.0,0.15,"{'avg_retrieved_input_tokens': 871.1051587301587, 'budget_level': 'b2', 'c_llm_in': 0.15, 'embedding_cost_est': 0.0, 'embedding_dim': 768, 'embedding_model': 'BAAI/bge-base-en-v1.5', 'evidence_coverage_at_10': 0.8759920634920635, 'evidence_coverage_at_20': 0.9067460317460317, 'evidence_coverage_at_5': 0.8263888888888888, 'llm_context_cost_est': 130.66577380952378, 'primary_quality_metric': 'evidence_coverage@10', 'primary_quality_value': 0.8759920634920635, 'profile': 'portable-agentic', 'retrieval_cost_est': 6.901641680008448e-07, 'search_params': {'ivfflat_probes': 32}, 'task_cost_est': 130.66577449968796}",portable-agentic,evidence_coverage@10,0.8759920634920635,,,,,,,,,,2,8.0
